step,epoch,class_id,category_name,trust_a_from_v,trust_v_from_a,need_a_from_v,need_v_from_a,class_weight_a_from_v,class_weight_v_from_a,cmr_weight_a_from_v,cmr_weight_v_from_a
2,132,0,playing volleyball,0.4982846975326538,0.576022207736969,0.036057259887456894,0.018900994211435318,1.048781394958496,1.2305655479431152,1.048781394958496,1.2305655479431152
2,132,1,child singing,0.43563517928123474,0.4263116121292114,0.01667482778429985,0.023768553510308266,0.928942859172821,0.9362809062004089,0.928942859172821,0.9362809062004089
2,132,2,"heart sounds, heartbeat",0.49548330903053284,0.4938780665397644,0.020109519362449646,0.01504787988960743,1.043422818183899,1.0690956115722656,1.043422818183899,1.0690956115722656
2,132,3,singing bowl,0.4772408902645111,0.4421136975288391,0.001631352468393743,0.024780474603176117,1.0085278749465942,0.9673429131507874,1.0085278749465942,0.9673429131507874
2,132,4,cap gun shooting,0.5234713554382324,0.5160764455795288,0.014293446205556393,0.014819236472249031,1.0969594717025757,1.1127307415008545,1.0969594717025757,1.1127307415008545
2,132,5,rope skipping,0.39975154399871826,0.5356634855270386,0.03870176896452904,0.03704790398478508,0.8603031635284424,1.1512328386306763,0.8603031635284424,1.1512328386306763
2,132,6,"child speech, kid speaking",0.5390282869338989,0.43781590461730957,0.022053690627217293,0.028973691165447235,1.126717448234558,0.9588947892189026,1.126717448234558,0.9588947892189026
2,132,7,baby laughter,0.5490098595619202,0.5644052028656006,0.02677159011363983,0.016852036118507385,1.145810604095459,1.2077300548553467,1.145810604095459,1.2077300548553467
2,132,8,playing table tennis,0.41345030069351196,0.5459345579147339,0.03677619993686676,0.009845340624451637,0.8865067362785339,1.1714224815368652,0.8865067362785339,1.1714224815368652
2,132,9,lighting firecrackers,0.45219355821609497,0.5755814909934998,0.019911281764507294,0.02049623802304268,0.960616409778595,1.2296992540359497,0.960616409778595,1.2296992540359497
2,132,10,playing bass drum,0.4785616099834442,0.3971019983291626,0.026148540899157524,0.010601351037621498,1.011054277420044,0.8788638710975647,1.011054277420044,0.8788638710975647
2,132,11,playing banjo,0.5148391127586365,0.5055465698242188,0.023855991661548615,0.017889611423015594,1.0804474353790283,1.0920323133468628,1.0804474353790283,1.0920323133468628
2,132,12,fire truck siren,0.36837607622146606,0.5035866498947144,0.019248586148023605,0.032446738332509995,0.8002868890762329,1.0881797075271606,0.8002868890762329,1.0881797075271606
2,132,13,playing bagpipes,0.5843906402587891,0.45799440145492554,0.016382047906517982,0.004054829012602568,1.2134884595870972,0.9985594749450684,1.2134884595870972,0.9985594749450684
2,132,14,playing french horn,0.47903740406036377,0.31757694482803345,0.0435076579451561,0.012499759905040264,1.0119644403457642,0.7225422859191895,1.0119644403457642,0.7225422859191895
2,132,15,civil defense siren,0.4543153941631317,0.36161690950393677,0.029584476724267006,0.005241521634161472,0.9646750688552856,0.8091111779212952,0.9646750688552856,0.8091111779212952
2,132,16,tractor digging,0.5062693357467651,0.40153437852859497,0.024556180462241173,0.007272946182638407,1.0640547275543213,0.8875765800476074,1.0640547275543213,0.8875765800476074
2,132,17,people whispering,0.41558581590652466,0.39044189453125,0.003426950890570879,0.002161170821636915,0.8905916213989258,0.8657721877098083,0.8905916213989258,0.8657721877098083
2,132,18,lathe spinning,0.5150724649429321,0.4326093792915344,0.012468181550502777,0.0061501008458435535,1.0808937549591064,0.9486603736877441,1.0808937549591064,0.9486603736877441
2,132,19,playing theremin,0.3556559681892395,0.29273349046707153,0.007026515435427427,0.008745481260120869,0.7759553790092468,0.6737077832221985,0.7759553790092468,0.6737077832221985
