run_id,method,method_id,protocol_id,seed,step,after_epoch,active_from_epoch,classes,valid_classes,mean_eta,mean_counts,mean_abs_gate_change,mean_abs_gate_deviation,mean_reliability_gap
phase9_periodic_fixed_h200_seed42,periodic_fixed,periodic_fixed_fcd1241cf8,1e00921e7aa95831,42,1,40,41,20,20,0.5,87.5,0.06547538638114929,0.06547538638114929,0.1674382880330086
phase9_periodic_fixed_h200_seed42,periodic_fixed,periodic_fixed_fcd1241cf8,1e00921e7aa95831,42,1,80,81,20,20,0.5,87.5,0.017315717041492464,0.0806093230843544,0.17230522260069847
phase9_periodic_fixed_h200_seed42,periodic_fixed,periodic_fixed_fcd1241cf8,1e00921e7aa95831,42,1,120,121,20,20,0.5,87.5,0.006740885972976685,0.08148965388536453,0.17156229317188262
phase9_periodic_fixed_h200_seed42,periodic_fixed,periodic_fixed_fcd1241cf8,1e00921e7aa95831,42,1,160,161,20,20,0.5,87.5,0.00395561009645462,0.0797770231962204,0.1733828902244568
phase9_periodic_fixed_h200_seed42,periodic_fixed,periodic_fixed_fcd1241cf8,1e00921e7aa95831,42,2,40,41,30,30,0.5,58.333333333333336,0.02518510123093923,0.0680383841196696,0.1361904338002205
phase9_periodic_fixed_h200_seed42,periodic_fixed,periodic_fixed_fcd1241cf8,1e00921e7aa95831,42,2,80,81,30,30,0.5,58.333333333333336,0.0126340518395106,0.07236778835455576,0.13745031158129375
phase9_periodic_fixed_h200_seed42,periodic_fixed,periodic_fixed_fcd1241cf8,1e00921e7aa95831,42,2,120,121,30,30,0.5,58.333333333333336,0.00635520617167155,0.07370463311672211,0.14025112787882488
phase9_periodic_fixed_h200_seed42,periodic_fixed,periodic_fixed_fcd1241cf8,1e00921e7aa95831,42,2,160,161,30,30,0.5,58.333333333333336,0.004314739505449931,0.073017817735672,0.14109349846839905
phase9_periodic_fixed_h200_seed42,periodic_fixed,periodic_fixed_fcd1241cf8,1e00921e7aa95831,42,3,40,41,40,40,0.5,43.25,0.019413063675165175,0.06696116998791694,0.12798735164105893
phase9_periodic_fixed_h200_seed42,periodic_fixed,periodic_fixed_fcd1241cf8,1e00921e7aa95831,42,3,80,81,40,40,0.5,43.25,0.011150942742824554,0.07133179977536201,0.1320498175919056
phase9_periodic_fixed_h200_seed42,periodic_fixed,periodic_fixed_fcd1241cf8,1e00921e7aa95831,42,3,120,121,40,40,0.5,43.25,0.006026748567819595,0.07292103469371795,0.13599483631551265
phase9_periodic_fixed_h200_seed42,periodic_fixed,periodic_fixed_fcd1241cf8,1e00921e7aa95831,42,3,160,161,40,40,0.5,43.25,0.003945717960596085,0.07393201515078544,0.1395561821758747
phase9_periodic_fixed_h200_seed42,periodic_fixed,periodic_fixed_fcd1241cf8,1e00921e7aa95831,42,4,40,41,50,50,0.5,34.6,0.026556814908981322,0.08036044299602509,0.14789963498711586
phase9_periodic_fixed_h200_seed42,periodic_fixed,periodic_fixed_fcd1241cf8,1e00921e7aa95831,42,4,80,81,50,50,0.5,34.6,0.011843785643577576,0.0897588586807251,0.15298287481069564
phase9_periodic_fixed_h200_seed42,periodic_fixed,periodic_fixed_fcd1241cf8,1e00921e7aa95831,42,4,120,121,50,50,0.5,34.6,0.005822889804840088,0.09272566676139832,0.1521443310379982
phase9_periodic_fixed_h200_seed42,periodic_fixed,periodic_fixed_fcd1241cf8,1e00921e7aa95831,42,4,160,161,50,50,0.5,34.6,0.004859816431999207,0.09406353652477265,0.156811603307724
phase9_periodic_fixed_h200_seed42,periodic_fixed,periodic_fixed_fcd1241cf8,1e00921e7aa95831,42,5,40,41,60,60,0.5,29.166666666666668,0.029816537350416183,0.09684764718015988,0.14597271382808685
phase9_periodic_fixed_h200_seed42,periodic_fixed,periodic_fixed_fcd1241cf8,1e00921e7aa95831,42,5,80,81,60,60,0.5,29.166666666666668,0.012901161859432856,0.10639677494764328,0.15021711227794488
phase9_periodic_fixed_h200_seed42,periodic_fixed,periodic_fixed_fcd1241cf8,1e00921e7aa95831,42,5,120,121,60,60,0.5,29.166666666666668,0.006910482545693716,0.11046607693036398,0.1550845888753732
phase9_periodic_fixed_h200_seed42,periodic_fixed,periodic_fixed_fcd1241cf8,1e00921e7aa95831,42,5,160,161,60,60,0.5,29.166666666666668,0.0043409799536069235,0.11228144317865371,0.15777626770238082
phase9_periodic_fixed_h200_seed42,periodic_fixed,periodic_fixed_fcd1241cf8,1e00921e7aa95831,42,6,40,41,70,70,0.5,24.714285714285715,0.022923122346401214,0.10592898747750691,0.1308408673852682
phase9_periodic_fixed_h200_seed42,periodic_fixed,periodic_fixed_fcd1241cf8,1e00921e7aa95831,42,6,80,81,70,70,0.5,24.714285714285715,0.011035788910729545,0.11252072645085198,0.1408968777528831
phase9_periodic_fixed_h200_seed42,periodic_fixed,periodic_fixed_fcd1241cf8,1e00921e7aa95831,42,6,120,121,70,70,0.5,24.714285714285715,0.0064822816423007424,0.11654125196593149,0.14673289443765367
phase9_periodic_fixed_h200_seed42,periodic_fixed,periodic_fixed_fcd1241cf8,1e00921e7aa95831,42,6,160,161,70,70,0.5,24.714285714285715,0.004970649097646986,0.11898068679230554,0.15113807576043264
phase9_periodic_fixed_h200_seed42,periodic_fixed,periodic_fixed_fcd1241cf8,1e00921e7aa95831,42,7,40,41,80,80,0.5,21.75,0.028859584033489226,0.11900195721536874,0.137118826713413
phase9_periodic_fixed_h200_seed42,periodic_fixed,periodic_fixed_fcd1241cf8,1e00921e7aa95831,42,7,80,81,80,80,0.5,21.75,0.01270223967730999,0.12827836107462645,0.14628703454509379
phase9_periodic_fixed_h200_seed42,periodic_fixed,periodic_fixed_fcd1241cf8,1e00921e7aa95831,42,7,120,121,80,80,0.5,21.75,0.007679778710007667,0.13327540922909975,0.15262250038795172
phase9_periodic_fixed_h200_seed42,periodic_fixed,periodic_fixed_fcd1241cf8,1e00921e7aa95831,42,7,160,161,80,80,0.5,21.75,0.004891659133136272,0.13523087948560714,0.15391904190182687
phase9_periodic_fixed_h200_seed42,periodic_fixed,periodic_fixed_fcd1241cf8,1e00921e7aa95831,42,8,40,41,90,90,0.5,19.22222222222222,0.028218408260080548,0.13291448172595766,0.13886502165761258
phase9_periodic_fixed_h200_seed42,periodic_fixed,periodic_fixed_fcd1241cf8,1e00921e7aa95831,42,8,80,81,90,90,0.5,19.22222222222222,0.012236321634716458,0.13998424559831618,0.1442826033466392
phase9_periodic_fixed_h200_seed42,periodic_fixed,periodic_fixed_fcd1241cf8,1e00921e7aa95831,42,8,120,121,90,90,0.5,19.22222222222222,0.007164971447653241,0.14371112146311335,0.14997719931933615
phase9_periodic_fixed_h200_seed42,periodic_fixed,periodic_fixed_fcd1241cf8,1e00921e7aa95831,42,8,160,161,90,90,0.5,19.22222222222222,0.005162316974666383,0.14664047757784526,0.15373635987440745
phase9_periodic_fixed_h200_seed42,periodic_fixed,periodic_fixed_fcd1241cf8,1e00921e7aa95831,42,9,40,41,100,100,0.5,17.0,0.028887377604842186,0.14924597196280956,0.13451347913593054
phase9_periodic_fixed_h200_seed42,periodic_fixed,periodic_fixed_fcd1241cf8,1e00921e7aa95831,42,9,80,81,100,100,0.5,17.0,0.014723036885261536,0.1598744174093008,0.14333507157862185
phase9_periodic_fixed_h200_seed42,periodic_fixed,periodic_fixed_fcd1241cf8,1e00921e7aa95831,42,9,120,121,100,100,0.5,17.0,0.008750006034970283,0.16635575115680695,0.14864120282232762
phase9_periodic_fixed_h200_seed42,periodic_fixed,periodic_fixed_fcd1241cf8,1e00921e7aa95831,42,9,160,161,100,100,0.5,17.0,0.005490177571773529,0.17040195554494858,0.15260829007253052
phase9_periodic_fixed_h200_seed43,periodic_fixed,periodic_fixed_fcd1241cf8,1e00921e7aa95831,43,1,40,41,20,20,0.5,87.5,0.0684139609336853,0.0684139609336853,0.18474863842129707
phase9_periodic_fixed_h200_seed43,periodic_fixed,periodic_fixed_fcd1241cf8,1e00921e7aa95831,43,1,80,81,20,20,0.5,87.5,0.017828308045864105,0.08548289984464645,0.19204164519906045
phase9_periodic_fixed_h200_seed43,periodic_fixed,periodic_fixed_fcd1241cf8,1e00921e7aa95831,43,1,120,121,20,20,0.5,87.5,0.004668346047401429,0.08675299435853959,0.1873225152492523
phase9_periodic_fixed_h200_seed43,periodic_fixed,periodic_fixed_fcd1241cf8,1e00921e7aa95831,43,1,160,161,20,20,0.5,87.5,0.004582856595516205,0.08390209376811981,0.18508979231119155
phase9_periodic_fixed_h200_seed43,periodic_fixed,periodic_fixed_fcd1241cf8,1e00921e7aa95831,43,2,40,41,30,30,0.5,58.333333333333336,0.02617236574490865,0.07554642856121063,0.14565199861923853
phase9_periodic_fixed_h200_seed43,periodic_fixed,periodic_fixed_fcd1241cf8,1e00921e7aa95831,43,2,80,81,30,30,0.5,58.333333333333336,0.012453347444534302,0.08161402841409048,0.15154647429784138
phase9_periodic_fixed_h200_seed43,periodic_fixed,periodic_fixed_fcd1241cf8,1e00921e7aa95831,43,2,120,121,30,30,0.5,58.333333333333336,0.006894416610399882,0.08199898799260458,0.15251901199420292
phase9_periodic_fixed_h200_seed43,periodic_fixed,periodic_fixed_fcd1241cf8,1e00921e7aa95831,43,2,160,161,30,30,0.5,58.333333333333336,0.004176506400108337,0.08079898059368133,0.15614478588104247
phase9_periodic_fixed_h200_seed43,periodic_fixed,periodic_fixed_fcd1241cf8,1e00921e7aa95831,43,3,40,41,40,40,0.5,43.25,0.02506920024752617,0.07637648135423661,0.14825993478298188
phase9_periodic_fixed_h200_seed43,periodic_fixed,periodic_fixed_fcd1241cf8,1e00921e7aa95831,43,3,80,81,40,40,0.5,43.25,0.012705209851264953,0.08269805759191513,0.1546405479311943
phase9_periodic_fixed_h200_seed43,periodic_fixed,periodic_fixed_fcd1241cf8,1e00921e7aa95831,43,3,120,121,40,40,0.5,43.25,0.008241480216383934,0.08472628705203533,0.15778996497392656
phase9_periodic_fixed_h200_seed43,periodic_fixed,periodic_fixed_fcd1241cf8,1e00921e7aa95831,43,3,160,161,40,40,0.5,43.25,0.006013473495841026,0.0858950935304165,0.16103676930069924
phase9_periodic_fixed_h200_seed43,periodic_fixed,periodic_fixed_fcd1241cf8,1e00921e7aa95831,43,4,40,41,50,50,0.5,34.6,0.030228073596954345,0.0942119175195694,0.17541568368673324
phase9_periodic_fixed_h200_seed43,periodic_fixed,periodic_fixed_fcd1241cf8,1e00921e7aa95831,43,4,80,81,50,50,0.5,34.6,0.014596091508865356,0.10626762568950653,0.1842704738676548
phase9_periodic_fixed_h200_seed43,periodic_fixed,periodic_fixed_fcd1241cf8,1e00921e7aa95831,43,4,120,121,50,50,0.5,34.6,0.00843172252178192,0.11136743485927582,0.1874029016494751
phase9_periodic_fixed_h200_seed43,periodic_fixed,periodic_fixed_fcd1241cf8,1e00921e7aa95831,43,4,160,161,50,50,0.5,34.6,0.004235727190971375,0.11297973096370698,0.18987465351819993
phase9_periodic_fixed_h200_seed43,periodic_fixed,periodic_fixed_fcd1241cf8,1e00921e7aa95831,43,5,40,41,60,60,0.5,29.166666666666668,0.029448051005601883,0.11472297136982282,0.17628114720185598
phase9_periodic_fixed_h200_seed43,periodic_fixed,periodic_fixed_fcd1241cf8,1e00921e7aa95831,43,5,80,81,60,60,0.5,29.166666666666668,0.014533004413048426,0.1259052390853564,0.19064536665876705
phase9_periodic_fixed_h200_seed43,periodic_fixed,periodic_fixed_fcd1241cf8,1e00921e7aa95831,43,5,120,121,60,60,0.5,29.166666666666668,0.008843216051657995,0.1326376828054587,0.1976149963835875
phase9_periodic_fixed_h200_seed43,periodic_fixed,periodic_fixed_fcd1241cf8,1e00921e7aa95831,43,5,160,161,60,60,0.5,29.166666666666668,0.005173674474159877,0.13606710185607274,0.20127942400674026
phase9_periodic_fixed_h200_seed43,periodic_fixed,periodic_fixed_fcd1241cf8,1e00921e7aa95831,43,6,40,41,70,70,0.5,24.714285714285715,0.02424522020987102,0.12415676265954971,0.16105861158243248
phase9_periodic_fixed_h200_seed43,periodic_fixed,periodic_fixed_fcd1241cf8,1e00921e7aa95831,43,6,80,81,70,70,0.5,24.714285714285715,0.012092052400112152,0.13380689110074726,0.17348102033138274
phase9_periodic_fixed_h200_seed43,periodic_fixed,periodic_fixed_fcd1241cf8,1e00921e7aa95831,43,6,120,121,70,70,0.5,24.714285714285715,0.007321524832929883,0.13868479835135597,0.18015547368143286
phase9_periodic_fixed_h200_seed43,periodic_fixed,periodic_fixed_fcd1241cf8,1e00921e7aa95831,43,6,160,161,70,70,0.5,24.714285714285715,0.004837645164557865,0.14165316011224474,0.1856654911168984
phase9_periodic_fixed_h200_seed43,periodic_fixed,periodic_fixed_fcd1241cf8,1e00921e7aa95831,43,7,40,41,80,80,0.5,21.75,0.02827549763023853,0.13907906524837016,0.16078615840524435
phase9_periodic_fixed_h200_seed43,periodic_fixed,periodic_fixed_fcd1241cf8,1e00921e7aa95831,43,7,80,81,80,80,0.5,21.75,0.013486970402300357,0.14854307379573584,0.17375820251181723
phase9_periodic_fixed_h200_seed43,periodic_fixed,periodic_fixed_fcd1241cf8,1e00921e7aa95831,43,7,120,121,80,80,0.5,21.75,0.008227692265063525,0.15361401317641138,0.18033877462148667
phase9_periodic_fixed_h200_seed43,periodic_fixed,periodic_fixed_fcd1241cf8,1e00921e7aa95831,43,7,160,161,80,80,0.5,21.75,0.005563896428793669,0.15730174612253905,0.18525458541698753
phase9_periodic_fixed_h200_seed43,periodic_fixed,periodic_fixed_fcd1241cf8,1e00921e7aa95831,43,8,40,41,90,90,0.5,19.22222222222222,0.024741065253814063,0.15033619296219614,0.15996094217730894
phase9_periodic_fixed_h200_seed43,periodic_fixed,periodic_fixed_fcd1241cf8,1e00921e7aa95831,43,8,80,81,90,90,0.5,19.22222222222222,0.011651879383458031,0.15687544039554066,0.16935191175176037
phase9_periodic_fixed_h200_seed43,periodic_fixed,periodic_fixed_fcd1241cf8,1e00921e7aa95831,43,8,120,121,90,90,0.5,19.22222222222222,0.006356503483321931,0.16070040199491714,0.1747306588623259
phase9_periodic_fixed_h200_seed43,periodic_fixed,periodic_fixed_fcd1241cf8,1e00921e7aa95831,43,8,160,161,90,90,0.5,19.22222222222222,0.005008328954378764,0.16339281482828988,0.1797910494936837
phase9_periodic_fixed_h200_seed43,periodic_fixed,periodic_fixed_fcd1241cf8,1e00921e7aa95831,43,9,40,41,100,100,0.5,17.0,0.028289485685527326,0.16209837418049575,0.16119142884388565
phase9_periodic_fixed_h200_seed43,periodic_fixed,periodic_fixed_fcd1241cf8,1e00921e7aa95831,43,9,80,81,100,100,0.5,17.0,0.01618794769048691,0.1723637668415904,0.173504159450531
phase9_periodic_fixed_h200_seed43,periodic_fixed,periodic_fixed_fcd1241cf8,1e00921e7aa95831,43,9,120,121,100,100,0.5,17.0,0.010495865307748318,0.17917024411261082,0.18057945111766457
phase9_periodic_fixed_h200_seed43,periodic_fixed,periodic_fixed_fcd1241cf8,1e00921e7aa95831,43,9,160,161,100,100,0.5,17.0,0.006302683353424072,0.18236889071762563,0.18283745838329196
phase9_periodic_fixed_h200_seed44,periodic_fixed,periodic_fixed_fcd1241cf8,1e00921e7aa95831,44,1,40,41,20,20,0.5,87.5,0.05623057782649994,0.05623057782649994,0.15192796662449837
phase9_periodic_fixed_h200_seed44,periodic_fixed,periodic_fixed_fcd1241cf8,1e00921e7aa95831,44,1,80,81,20,20,0.5,87.5,0.016032890975475313,0.07161234170198441,0.1587685078382492
phase9_periodic_fixed_h200_seed44,periodic_fixed,periodic_fixed_fcd1241cf8,1e00921e7aa95831,44,1,120,121,20,20,0.5,87.5,0.0050103560090065,0.07143122851848602,0.14966437816619874
phase9_periodic_fixed_h200_seed44,periodic_fixed,periodic_fixed_fcd1241cf8,1e00921e7aa95831,44,1,160,161,20,20,0.5,87.5,0.0037908464670181274,0.06963686048984527,0.15237382501363755
phase9_periodic_fixed_h200_seed44,periodic_fixed,periodic_fixed_fcd1241cf8,1e00921e7aa95831,44,2,40,41,30,30,0.5,58.333333333333336,0.028833359479904175,0.06001160343488057,0.13415402720371883
phase9_periodic_fixed_h200_seed44,periodic_fixed,periodic_fixed_fcd1241cf8,1e00921e7aa95831,44,2,80,81,30,30,0.5,58.333333333333336,0.01275908350944519,0.06481741666793824,0.13344247738520304
phase9_periodic_fixed_h200_seed44,periodic_fixed,periodic_fixed_fcd1241cf8,1e00921e7aa95831,44,2,120,121,30,30,0.5,58.333333333333336,0.006546356280644735,0.0654163638750712,0.13249139189720155
phase9_periodic_fixed_h200_seed44,periodic_fixed,periodic_fixed_fcd1241cf8,1e00921e7aa95831,44,2,160,161,30,30,0.5,58.333333333333336,0.0040450920661290485,0.06424506604671479,0.13107581535975138
phase9_periodic_fixed_h200_seed44,periodic_fixed,periodic_fixed_fcd1241cf8,1e00921e7aa95831,44,3,40,41,40,40,0.5,43.25,0.024595417827367783,0.06317592859268188,0.1387930504977703
phase9_periodic_fixed_h200_seed44,periodic_fixed,periodic_fixed_fcd1241cf8,1e00921e7aa95831,44,3,80,81,40,40,0.5,43.25,0.010811302065849304,0.0695198655128479,0.13843242414295673
phase9_periodic_fixed_h200_seed44,periodic_fixed,periodic_fixed_fcd1241cf8,1e00921e7aa95831,44,3,120,121,40,40,0.5,43.25,0.006359285116195679,0.07225697785615921,0.14234882071614266
phase9_periodic_fixed_h200_seed44,periodic_fixed,periodic_fixed_fcd1241cf8,1e00921e7aa95831,44,3,160,161,40,40,0.5,43.25,0.0029660269618034365,0.0722722589969635,0.14134626537561418
phase9_periodic_fixed_h200_seed44,periodic_fixed,periodic_fixed_fcd1241cf8,1e00921e7aa95831,44,4,40,41,50,50,0.5,34.6,0.028820608258247376,0.07867486774921417,0.153627857118845
phase9_periodic_fixed_h200_seed44,periodic_fixed,periodic_fixed_fcd1241cf8,1e00921e7aa95831,44,4,80,81,50,50,0.5,34.6,0.012584635615348816,0.08873302459716798,0.1588967828452587
phase9_periodic_fixed_h200_seed44,periodic_fixed,periodic_fixed_fcd1241cf8,1e00921e7aa95831,44,4,120,121,50,50,0.5,34.6,0.006670171022415161,0.0922207486629486,0.15986268877983092
phase9_periodic_fixed_h200_seed44,periodic_fixed,periodic_fixed_fcd1241cf8,1e00921e7aa95831,44,4,160,161,50,50,0.5,34.6,0.004344620108604431,0.09379652321338654,0.16344864577054977
phase9_periodic_fixed_h200_seed44,periodic_fixed,periodic_fixed_fcd1241cf8,1e00921e7aa95831,44,5,40,41,60,60,0.5,29.166666666666668,0.026461185018221537,0.09483721305926641,0.1488228139777978
phase9_periodic_fixed_h200_seed44,periodic_fixed,periodic_fixed_fcd1241cf8,1e00921e7aa95831,44,5,80,81,60,60,0.5,29.166666666666668,0.01175139993429184,0.10301157037417094,0.15769593914349875
phase9_periodic_fixed_h200_seed44,periodic_fixed,periodic_fixed_fcd1241cf8,1e00921e7aa95831,44,5,120,121,60,60,0.5,29.166666666666668,0.005792554219563802,0.10652608225742975,0.15900160993138948
phase9_periodic_fixed_h200_seed44,periodic_fixed,periodic_fixed_fcd1241cf8,1e00921e7aa95831,44,5,160,161,60,60,0.5,29.166666666666668,0.00351275106271108,0.10846239179372788,0.1629771139472723
phase9_periodic_fixed_h200_seed44,periodic_fixed,periodic_fixed_fcd1241cf8,1e00921e7aa95831,44,6,40,41,70,70,0.5,24.714285714285715,0.021075003487723214,0.10133051233632225,0.13692137194531304
phase9_periodic_fixed_h200_seed44,periodic_fixed,periodic_fixed_fcd1241cf8,1e00921e7aa95831,44,6,80,81,70,70,0.5,24.714285714285715,0.009060586137431008,0.10662472099065781,0.14464621054274696
phase9_periodic_fixed_h200_seed44,periodic_fixed,periodic_fixed_fcd1241cf8,1e00921e7aa95831,44,6,120,121,70,70,0.5,24.714285714285715,0.005618677181856973,0.11005823441914149,0.1506220011838845
phase9_periodic_fixed_h200_seed44,periodic_fixed,periodic_fixed_fcd1241cf8,1e00921e7aa95831,44,6,160,161,70,70,0.5,24.714285714285715,0.0040114025984491625,0.1121949389576912,0.15429528706840107
phase9_periodic_fixed_h200_seed44,periodic_fixed,periodic_fixed_fcd1241cf8,1e00921e7aa95831,44,7,40,41,80,80,0.5,21.75,0.0267878576181829,0.1099783972837031,0.1328925123438239
phase9_periodic_fixed_h200_seed44,periodic_fixed,periodic_fixed_fcd1241cf8,1e00921e7aa95831,44,7,80,81,80,80,0.5,21.75,0.012668169382959605,0.11747401673346758,0.14195690052583815
phase9_periodic_fixed_h200_seed44,periodic_fixed,periodic_fixed_fcd1241cf8,1e00921e7aa95831,44,7,120,121,80,80,0.5,21.75,0.006194180622696876,0.12175963316112756,0.1458244223613292
phase9_periodic_fixed_h200_seed44,periodic_fixed,periodic_fixed_fcd1241cf8,1e00921e7aa95831,44,7,160,161,80,80,0.5,21.75,0.004268558416515589,0.12436210503801703,0.1505403351970017
phase9_periodic_fixed_h200_seed44,periodic_fixed,periodic_fixed_fcd1241cf8,1e00921e7aa95831,44,8,40,41,90,90,0.5,19.22222222222222,0.027329437765810226,0.12184838793343968,0.13765252158045768
phase9_periodic_fixed_h200_seed44,periodic_fixed,periodic_fixed_fcd1241cf8,1e00921e7aa95831,44,8,80,81,90,90,0.5,19.22222222222222,0.012221438354916042,0.1295205590625604,0.14276654074589412
phase9_periodic_fixed_h200_seed44,periodic_fixed,periodic_fixed_fcd1241cf8,1e00921e7aa95831,44,8,120,121,90,90,0.5,19.22222222222222,0.007184305704302258,0.13430369645357132,0.1486216345594989
phase9_periodic_fixed_h200_seed44,periodic_fixed,periodic_fixed_fcd1241cf8,1e00921e7aa95831,44,8,160,161,90,90,0.5,19.22222222222222,0.004037896792093913,0.13664269596338272,0.14982863614956538
phase9_periodic_fixed_h200_seed44,periodic_fixed,periodic_fixed_fcd1241cf8,1e00921e7aa95831,44,9,40,41,100,100,0.5,17.0,0.03085247166454792,0.1346992500126362,0.13052821569144726
phase9_periodic_fixed_h200_seed44,periodic_fixed,periodic_fixed_fcd1241cf8,1e00921e7aa95831,44,9,80,81,100,100,0.5,17.0,0.015357710719108582,0.14652172103524208,0.1410188245587051
phase9_periodic_fixed_h200_seed44,periodic_fixed,periodic_fixed_fcd1241cf8,1e00921e7aa95831,44,9,120,121,100,100,0.5,17.0,0.00940549112856388,0.1527614989131689,0.14491091057658195
phase9_periodic_fixed_h200_seed44,periodic_fixed,periodic_fixed_fcd1241cf8,1e00921e7aa95831,44,9,160,161,100,100,0.5,17.0,0.005877428874373436,0.15671882808208465,0.14949901826679707
phase9_periodic_sample_aware_h200_seed42,periodic_sample_aware,periodic_sample_aware_82d81884d2,1e00921e7aa95831,42,1,40,41,20,20,0.43981480598449707,87.5,0.057489974796772,0.057489974796772,0.16743831411004068
phase9_periodic_sample_aware_h200_seed42,periodic_sample_aware,periodic_sample_aware_82d81884d2,1e00921e7aa95831,42,1,80,81,20,20,0.43981480598449707,87.5,0.018632158637046814,0.07465658634901047,0.17395322248339654
phase9_periodic_sample_aware_h200_seed42,periodic_sample_aware,periodic_sample_aware_82d81884d2,1e00921e7aa95831,42,1,120,121,20,20,0.43981480598449707,87.5,0.006568446755409241,0.07818248420953751,0.1723038896918297
phase9_periodic_sample_aware_h200_seed42,periodic_sample_aware,periodic_sample_aware_82d81884d2,1e00921e7aa95831,42,1,160,161,20,20,0.43981480598449707,87.5,0.004870472848415375,0.07711830735206604,0.16995567828416824
phase9_periodic_sample_aware_h200_seed42,periodic_sample_aware,periodic_sample_aware_82d81884d2,1e00921e7aa95831,42,2,40,41,30,30,0.39241622885068256,58.333333333333336,0.022346463799476624,0.0676537275314331,0.12515290478865307
phase9_periodic_sample_aware_h200_seed42,periodic_sample_aware,periodic_sample_aware_82d81884d2,1e00921e7aa95831,42,2,80,81,30,30,0.39241622885068256,58.333333333333336,0.012447680036226908,0.07442576785882314,0.13094435284535091
phase9_periodic_sample_aware_h200_seed42,periodic_sample_aware,periodic_sample_aware_82d81884d2,1e00921e7aa95831,42,2,120,121,30,30,0.39241622885068256,58.333333333333336,0.006422251462936401,0.07660802106062571,0.1358020211259524
phase9_periodic_sample_aware_h200_seed42,periodic_sample_aware,periodic_sample_aware_82d81884d2,1e00921e7aa95831,42,2,160,161,30,30,0.39241622885068256,58.333333333333336,0.0038042207558949786,0.07685095965862274,0.13766182561715443
phase9_periodic_sample_aware_h200_seed42,periodic_sample_aware,periodic_sample_aware_82d81884d2,1e00921e7aa95831,42,3,40,41,40,40,0.34650997817516327,43.25,0.015495660156011582,0.06845148056745529,0.11658623851835728
phase9_periodic_sample_aware_h200_seed42,periodic_sample_aware,periodic_sample_aware_82d81884d2,1e00921e7aa95831,42,3,80,81,40,40,0.34650997817516327,43.25,0.00870235413312912,0.07353082746267318,0.12478461153805256
phase9_periodic_sample_aware_h200_seed42,periodic_sample_aware,periodic_sample_aware_82d81884d2,1e00921e7aa95831,42,3,120,121,40,40,0.34650997817516327,43.25,0.005872666090726853,0.07586645409464836,0.12948911339044572
phase9_periodic_sample_aware_h200_seed42,periodic_sample_aware,periodic_sample_aware_82d81884d2,1e00921e7aa95831,42,3,160,161,40,40,0.34650997817516327,43.25,0.004266597330570221,0.07756834700703621,0.13477217108011247
phase9_periodic_sample_aware_h200_seed42,periodic_sample_aware,periodic_sample_aware_82d81884d2,1e00921e7aa95831,42,4,40,41,50,50,0.31077441573143005,34.6,0.019488298296928407,0.07903141498565674,0.13943551912903784
phase9_periodic_sample_aware_h200_seed42,periodic_sample_aware,periodic_sample_aware_82d81884d2,1e00921e7aa95831,42,4,80,81,50,50,0.31077441573143005,34.6,0.010696209669113159,0.0883247983455658,0.14350727930665017
phase9_periodic_sample_aware_h200_seed42,periodic_sample_aware,periodic_sample_aware_82d81884d2,1e00921e7aa95831,42,4,120,121,50,50,0.31077441573143005,34.6,0.006112921833992004,0.09319579780101776,0.14687402352690695
phase9_periodic_sample_aware_h200_seed42,periodic_sample_aware,periodic_sample_aware_82d81884d2,1e00921e7aa95831,42,4,160,161,50,50,0.31077441573143005,34.6,0.004137386977672577,0.09553064495325088,0.1488968774676323
phase9_periodic_sample_aware_h200_seed42,periodic_sample_aware,periodic_sample_aware_82d81884d2,1e00921e7aa95831,42,5,40,41,60,60,0.28549382587273914,29.166666666666668,0.017905952284733455,0.09252554078896841,0.13797517145673435
phase9_periodic_sample_aware_h200_seed42,periodic_sample_aware,periodic_sample_aware_82d81884d2,1e00921e7aa95831,42,5,80,81,60,60,0.28549382587273914,29.166666666666668,0.01061016395688057,0.10057958240310351,0.14440911697844663
phase9_periodic_sample_aware_h200_seed42,periodic_sample_aware,periodic_sample_aware_82d81884d2,1e00921e7aa95831,42,5,120,121,60,60,0.28549382587273914,29.166666666666668,0.006605121493339539,0.10558096145590147,0.14639197587966918
phase9_periodic_sample_aware_h200_seed42,periodic_sample_aware,periodic_sample_aware_82d81884d2,1e00921e7aa95831,42,5,160,161,60,60,0.28549382587273914,29.166666666666668,0.0043331518769264225,0.10885907436410586,0.15027934921284516
phase9_periodic_sample_aware_h200_seed42,periodic_sample_aware,periodic_sample_aware_82d81884d2,1e00921e7aa95831,42,6,40,41,70,70,0.2566137569291251,24.714285714285715,0.012268732913902828,0.09784370447908129,0.11909332200884819
phase9_periodic_sample_aware_h200_seed42,periodic_sample_aware,periodic_sample_aware_82d81884d2,1e00921e7aa95831,42,6,80,81,70,70,0.2566137569291251,24.714285714285715,0.008381019745554243,0.10290355554648808,0.12580355081175054
phase9_periodic_sample_aware_h200_seed42,periodic_sample_aware,periodic_sample_aware_82d81884d2,1e00921e7aa95831,42,6,120,121,70,70,0.2566137569291251,24.714285714285715,0.006047953878130232,0.10629253983497619,0.1289426639676094
phase9_periodic_sample_aware_h200_seed42,periodic_sample_aware,periodic_sample_aware_82d81884d2,1e00921e7aa95831,42,6,160,161,70,70,0.2566137569291251,24.714285714285715,0.0048478173358099804,0.10893260496003287,0.1321100256804909
phase9_periodic_sample_aware_h200_seed42,periodic_sample_aware,periodic_sample_aware_82d81884d2,1e00921e7aa95831,42,7,40,41,80,80,0.23801743052899837,21.75,0.01566257458180189,0.10523280035704374,0.12236553109250962
phase9_periodic_sample_aware_h200_seed42,periodic_sample_aware,periodic_sample_aware_82d81884d2,1e00921e7aa95831,42,7,80,81,80,80,0.23801743052899837,21.75,0.00992676019668579,0.11211736556142568,0.12868503550998867
phase9_periodic_sample_aware_h200_seed42,periodic_sample_aware,periodic_sample_aware_82d81884d2,1e00921e7aa95831,42,7,120,121,80,80,0.23801743052899837,21.75,0.006622311845421791,0.11643885914236307,0.13071780875325203
phase9_periodic_sample_aware_h200_seed42,periodic_sample_aware,periodic_sample_aware_82d81884d2,1e00921e7aa95831,42,7,160,161,80,80,0.23801743052899837,21.75,0.004775059781968594,0.11959135606884956,0.13289457228966056
phase9_periodic_sample_aware_h200_seed42,periodic_sample_aware,periodic_sample_aware_82d81884d2,1e00921e7aa95831,42,8,40,41,90,90,0.21810699502627054,19.22222222222222,0.015435154239336649,0.11661307811737061,0.12418111871100135
phase9_periodic_sample_aware_h200_seed42,periodic_sample_aware,periodic_sample_aware_82d81884d2,1e00921e7aa95831,42,8,80,81,90,90,0.21810699502627054,19.22222222222222,0.010258895986609989,0.12359785719050301,0.13070622506654925
phase9_periodic_sample_aware_h200_seed42,periodic_sample_aware,periodic_sample_aware_82d81884d2,1e00921e7aa95831,42,8,120,121,90,90,0.21810699502627054,19.22222222222222,0.007281255556477441,0.12825360960430568,0.13466616767562098
phase9_periodic_sample_aware_h200_seed42,periodic_sample_aware,periodic_sample_aware_82d81884d2,1e00921e7aa95831,42,8,160,161,90,90,0.21810699502627054,19.22222222222222,0.005581291102700763,0.13178398567769262,0.13836119040432904
phase9_periodic_sample_aware_h200_seed42,periodic_sample_aware,periodic_sample_aware_82d81884d2,1e00921e7aa95831,42,9,40,41,100,100,0.19629629999399184,17.0,0.014336856603622437,0.12189543440937996,0.11726031595841051
phase9_periodic_sample_aware_h200_seed42,periodic_sample_aware,periodic_sample_aware_82d81884d2,1e00921e7aa95831,42,9,80,81,100,100,0.19629629999399184,17.0,0.011320409774780273,0.1307126946747303,0.1256657406874001
phase9_periodic_sample_aware_h200_seed42,periodic_sample_aware,periodic_sample_aware_82d81884d2,1e00921e7aa95831,42,9,120,121,100,100,0.19629629999399184,17.0,0.008963784575462342,0.13766500666737558,0.129579284414649
phase9_periodic_sample_aware_h200_seed42,periodic_sample_aware,periodic_sample_aware_82d81884d2,1e00921e7aa95831,42,9,160,161,100,100,0.19629629999399184,17.0,0.007210901752114296,0.14336918406188487,0.13273384423926474
phase9_periodic_sample_aware_h200_seed43,periodic_sample_aware,periodic_sample_aware_82d81884d2,1e00921e7aa95831,43,1,40,41,20,20,0.43981480598449707,87.5,0.05989561080932617,0.05989561080932617,0.18474862203001977
phase9_periodic_sample_aware_h200_seed43,periodic_sample_aware,periodic_sample_aware_82d81884d2,1e00921e7aa95831,43,1,80,81,20,20,0.43981480598449707,87.5,0.01944514214992523,0.07898987829685211,0.19376139640808104
phase9_periodic_sample_aware_h200_seed43,periodic_sample_aware,periodic_sample_aware_82d81884d2,1e00921e7aa95831,43,1,120,121,20,20,0.43981480598449707,87.5,0.005730807781219482,0.08370510041713715,0.19058094024658204
phase9_periodic_sample_aware_h200_seed43,periodic_sample_aware,periodic_sample_aware_82d81884d2,1e00921e7aa95831,43,1,160,161,20,20,0.43981480598449707,87.5,0.0035958677530288697,0.08349338173866272,0.1895741641521454
phase9_periodic_sample_aware_h200_seed43,periodic_sample_aware,periodic_sample_aware_82d81884d2,1e00921e7aa95831,43,2,40,41,30,30,0.39241622885068256,58.333333333333336,0.023058455189069113,0.07246758242448172,0.1485144664843877
phase9_periodic_sample_aware_h200_seed43,periodic_sample_aware,periodic_sample_aware_82d81884d2,1e00921e7aa95831,43,2,80,81,30,30,0.39241622885068256,58.333333333333336,0.01239584783713023,0.07867526809374491,0.1528703232606252
phase9_periodic_sample_aware_h200_seed43,periodic_sample_aware,periodic_sample_aware_82d81884d2,1e00921e7aa95831,43,2,120,121,30,30,0.39241622885068256,58.333333333333336,0.007908167441685994,0.07956899801890055,0.15056258738040923
phase9_periodic_sample_aware_h200_seed43,periodic_sample_aware,periodic_sample_aware_82d81884d2,1e00921e7aa95831,43,2,160,161,30,30,0.39241622885068256,58.333333333333336,0.004492411017417907,0.07911730706691741,0.1552847295999527
phase9_periodic_sample_aware_h200_seed43,periodic_sample_aware,periodic_sample_aware_82d81884d2,1e00921e7aa95831,43,3,40,41,40,40,0.34650997817516327,43.25,0.018054256588220595,0.07151960730552673,0.15009173080325128
phase9_periodic_sample_aware_h200_seed43,periodic_sample_aware,periodic_sample_aware_82d81884d2,1e00921e7aa95831,43,3,80,81,40,40,0.34650997817516327,43.25,0.010823064297437669,0.07768942043185234,0.15525058060884475
phase9_periodic_sample_aware_h200_seed43,periodic_sample_aware,periodic_sample_aware_82d81884d2,1e00921e7aa95831,43,3,120,121,40,40,0.34650997817516327,43.25,0.007155898213386536,0.08036323264241219,0.1569970566779375
phase9_periodic_sample_aware_h200_seed43,periodic_sample_aware,periodic_sample_aware_82d81884d2,1e00921e7aa95831,43,3,160,161,40,40,0.34650997817516327,43.25,0.005317138880491257,0.08177255392074585,0.15925322212278842
phase9_periodic_sample_aware_h200_seed43,periodic_sample_aware,periodic_sample_aware_82d81884d2,1e00921e7aa95831,43,4,40,41,50,50,0.31077441573143005,34.6,0.022828583419322968,0.08570825785398484,0.17840706944465637
phase9_periodic_sample_aware_h200_seed43,periodic_sample_aware,periodic_sample_aware_82d81884d2,1e00921e7aa95831,43,4,80,81,50,50,0.31077441573143005,34.6,0.012651968896389008,0.09609769761562348,0.18605582192540168
phase9_periodic_sample_aware_h200_seed43,periodic_sample_aware,periodic_sample_aware_82d81884d2,1e00921e7aa95831,43,4,120,121,50,50,0.31077441573143005,34.6,0.007840940356254577,0.101683509349823,0.18931539595127106
phase9_periodic_sample_aware_h200_seed43,periodic_sample_aware,periodic_sample_aware_82d81884d2,1e00921e7aa95831,43,4,160,161,50,50,0.31077441573143005,34.6,0.005637563765048981,0.10510220795869828,0.19227213501930238
phase9_periodic_sample_aware_h200_seed43,periodic_sample_aware,periodic_sample_aware_82d81884d2,1e00921e7aa95831,43,5,40,41,60,60,0.28549382587273914,29.166666666666668,0.020048953592777252,0.10382043992479642,0.18092756507297356
phase9_periodic_sample_aware_h200_seed43,periodic_sample_aware,periodic_sample_aware_82d81884d2,1e00921e7aa95831,43,5,80,81,60,60,0.28549382587273914,29.166666666666668,0.012946513046820958,0.11467191427946091,0.19457331957916418
phase9_periodic_sample_aware_h200_seed43,periodic_sample_aware,periodic_sample_aware_82d81884d2,1e00921e7aa95831,43,5,120,121,60,60,0.28549382587273914,29.166666666666668,0.008562164505322774,0.12183631211519241,0.20052694802482923
phase9_periodic_sample_aware_h200_seed43,periodic_sample_aware,periodic_sample_aware_82d81884d2,1e00921e7aa95831,43,5,160,161,60,60,0.28549382587273914,29.166666666666668,0.00581345334649086,0.12636100575327874,0.20425101419289907
phase9_periodic_sample_aware_h200_seed43,periodic_sample_aware,periodic_sample_aware_82d81884d2,1e00921e7aa95831,43,6,40,41,70,70,0.2566137569291251,24.714285714285715,0.013877582550048829,0.11447657815047672,0.17198692954012326
phase9_periodic_sample_aware_h200_seed43,periodic_sample_aware,periodic_sample_aware_82d81884d2,1e00921e7aa95831,43,6,80,81,70,70,0.2566137569291251,24.714285714285715,0.009598504858357566,0.12202504000493458,0.184780244742121
phase9_periodic_sample_aware_h200_seed43,periodic_sample_aware,periodic_sample_aware_82d81884d2,1e00921e7aa95831,43,6,120,121,70,70,0.2566137569291251,24.714285714285715,0.006887928715773991,0.1275415484394346,0.1896924001829965
phase9_periodic_sample_aware_h200_seed43,periodic_sample_aware,periodic_sample_aware_82d81884d2,1e00921e7aa95831,43,6,160,161,70,70,0.2566137569291251,24.714285714285715,0.00517805176121848,0.13139786294528416,0.19475638600332396
phase9_periodic_sample_aware_h200_seed43,periodic_sample_aware,periodic_sample_aware_82d81884d2,1e00921e7aa95831,43,7,40,41,80,80,0.23801743052899837,21.75,0.01802459955215454,0.12819061614573002,0.16891376320272683
phase9_periodic_sample_aware_h200_seed43,periodic_sample_aware,periodic_sample_aware_82d81884d2,1e00921e7aa95831,43,7,80,81,80,80,0.23801743052899837,21.75,0.011525577306747437,0.13648540414869786,0.1793568568304181
phase9_periodic_sample_aware_h200_seed43,periodic_sample_aware,periodic_sample_aware_82d81884d2,1e00921e7aa95831,43,7,120,121,80,80,0.23801743052899837,21.75,0.007801944948732853,0.14183655958622693,0.18607220542617142
phase9_periodic_sample_aware_h200_seed43,periodic_sample_aware,periodic_sample_aware_82d81884d2,1e00921e7aa95831,43,7,160,161,80,80,0.23801743052899837,21.75,0.005922886170446872,0.1457566250115633,0.19272437747567892
phase9_periodic_sample_aware_h200_seed43,periodic_sample_aware,periodic_sample_aware_82d81884d2,1e00921e7aa95831,43,8,40,41,90,90,0.21810699502627054,19.22222222222222,0.015518756045235529,0.13959427773952485,0.16381006944510673
phase9_periodic_sample_aware_h200_seed43,periodic_sample_aware,periodic_sample_aware_82d81884d2,1e00921e7aa95831,43,8,80,81,90,90,0.21810699502627054,19.22222222222222,0.009976823462380303,0.14618607660134633,0.17460998073220252
phase9_periodic_sample_aware_h200_seed43,periodic_sample_aware,periodic_sample_aware_82d81884d2,1e00921e7aa95831,43,8,120,121,90,90,0.21810699502627054,19.22222222222222,0.006446229914824168,0.15022008187241023,0.17911425742010276
phase9_periodic_sample_aware_h200_seed43,periodic_sample_aware,periodic_sample_aware_82d81884d2,1e00921e7aa95831,43,8,160,161,90,90,0.21810699502627054,19.22222222222222,0.00485087749030855,0.15317340162065293,0.1831012972113159
phase9_periodic_sample_aware_h200_seed43,periodic_sample_aware,periodic_sample_aware_82d81884d2,1e00921e7aa95831,43,9,40,41,100,100,0.19629629999399184,17.0,0.015102604478597641,0.14877442121505738,0.17175879595801236
phase9_periodic_sample_aware_h200_seed43,periodic_sample_aware,periodic_sample_aware_82d81884d2,1e00921e7aa95831,43,9,80,81,100,100,0.19629629999399184,17.0,0.011391149908304215,0.15691020503640174,0.18257138267159462
phase9_periodic_sample_aware_h200_seed43,periodic_sample_aware,periodic_sample_aware_82d81884d2,1e00921e7aa95831,43,9,120,121,100,100,0.19629629999399184,17.0,0.008793260380625724,0.16284331239759922,0.1881576231122017
phase9_periodic_sample_aware_h200_seed43,periodic_sample_aware,periodic_sample_aware_82d81884d2,1e00921e7aa95831,43,9,160,161,100,100,0.19629629999399184,17.0,0.006699431538581848,0.1673403612524271,0.1906683600693941
phase9_periodic_sample_aware_h200_seed44,periodic_sample_aware,periodic_sample_aware_82d81884d2,1e00921e7aa95831,44,1,40,41,20,20,0.43981480598449707,87.5,0.0491516575217247,0.0491516575217247,0.15192793384194375
phase9_periodic_sample_aware_h200_seed44,periodic_sample_aware,periodic_sample_aware_82d81884d2,1e00921e7aa95831,44,1,80,81,20,20,0.43981480598449707,87.5,0.01657461076974869,0.065583997964859,0.15864140391349793
phase9_periodic_sample_aware_h200_seed44,periodic_sample_aware,periodic_sample_aware_82d81884d2,1e00921e7aa95831,44,1,120,121,20,20,0.43981480598449707,87.5,0.005134028196334839,0.06852020621299744,0.151945661008358
phase9_periodic_sample_aware_h200_seed44,periodic_sample_aware,periodic_sample_aware_82d81884d2,1e00921e7aa95831,44,1,160,161,20,20,0.43981480598449707,87.5,0.0032789260149002075,0.06781107187271118,0.15020729899406432
phase9_periodic_sample_aware_h200_seed44,periodic_sample_aware,periodic_sample_aware_82d81884d2,1e00921e7aa95831,44,2,40,41,30,30,0.39241622885068256,58.333333333333336,0.024986096223195395,0.05916698773701986,0.1267034202814102
phase9_periodic_sample_aware_h200_seed44,periodic_sample_aware,periodic_sample_aware_82d81884d2,1e00921e7aa95831,44,2,80,81,30,30,0.39241622885068256,58.333333333333336,0.012221848964691162,0.06481450994809469,0.1273361881573995
phase9_periodic_sample_aware_h200_seed44,periodic_sample_aware,periodic_sample_aware_82d81884d2,1e00921e7aa95831,44,2,120,121,30,30,0.39241622885068256,58.333333333333336,0.006418243050575256,0.06698755721251169,0.12989102999369304
phase9_periodic_sample_aware_h200_seed44,periodic_sample_aware,periodic_sample_aware_82d81884d2,1e00921e7aa95831,44,2,160,161,30,30,0.39241622885068256,58.333333333333336,0.0036561896403630575,0.06663227677345276,0.12983863552411398
phase9_periodic_sample_aware_h200_seed44,periodic_sample_aware,periodic_sample_aware_82d81884d2,1e00921e7aa95831,44,3,40,41,40,40,0.34650997817516327,43.25,0.018071874976158142,0.061387259513139725,0.12750331237912177
phase9_periodic_sample_aware_h200_seed44,periodic_sample_aware,periodic_sample_aware_82d81884d2,1e00921e7aa95831,44,3,80,81,40,40,0.34650997817516327,43.25,0.010138516873121261,0.06654786765575409,0.13299101814627648
phase9_periodic_sample_aware_h200_seed44,periodic_sample_aware,periodic_sample_aware_82d81884d2,1e00921e7aa95831,44,3,120,121,40,40,0.34650997817516327,43.25,0.0062624625861644745,0.07018950507044792,0.1342946242541075
phase9_periodic_sample_aware_h200_seed44,periodic_sample_aware,periodic_sample_aware_82d81884d2,1e00921e7aa95831,44,3,160,161,40,40,0.34650997817516327,43.25,0.004132240265607834,0.07244981080293655,0.13734925612807275
phase9_periodic_sample_aware_h200_seed44,periodic_sample_aware,periodic_sample_aware_82d81884d2,1e00921e7aa95831,44,4,40,41,50,50,0.31077441573143005,34.6,0.020739265084266663,0.07452337920665741,0.14829898580908776
phase9_periodic_sample_aware_h200_seed44,periodic_sample_aware,periodic_sample_aware_82d81884d2,1e00921e7aa95831,44,4,80,81,50,50,0.31077441573143005,34.6,0.011227172017097473,0.0833122992515564,0.15230813950300218
phase9_periodic_sample_aware_h200_seed44,periodic_sample_aware,periodic_sample_aware_82d81884d2,1e00921e7aa95831,44,4,120,121,50,50,0.31077441573143005,34.6,0.006546067297458649,0.08810569435358047,0.15390837863087653
phase9_periodic_sample_aware_h200_seed44,periodic_sample_aware,periodic_sample_aware_82d81884d2,1e00921e7aa95831,44,4,160,161,50,50,0.31077441573143005,34.6,0.004403427541255951,0.09113664984703064,0.1573545192182064
phase9_periodic_sample_aware_h200_seed44,periodic_sample_aware,periodic_sample_aware_82d81884d2,1e00921e7aa95831,44,5,40,41,60,60,0.28549382587273914,29.166666666666668,0.01750232751170794,0.08567642966906229,0.13956467422346275
phase9_periodic_sample_aware_h200_seed44,periodic_sample_aware,periodic_sample_aware_82d81884d2,1e00921e7aa95831,44,5,80,81,60,60,0.28549382587273914,29.166666666666668,0.010753008723258971,0.09337590634822845,0.1475713140020768
phase9_periodic_sample_aware_h200_seed44,periodic_sample_aware,periodic_sample_aware_82d81884d2,1e00921e7aa95831,44,5,120,121,60,60,0.28549382587273914,29.166666666666668,0.0064303497473398846,0.09795080324014029,0.14860711954534053
phase9_periodic_sample_aware_h200_seed44,periodic_sample_aware,periodic_sample_aware_82d81884d2,1e00921e7aa95831,44,5,160,161,60,60,0.28549382587273914,29.166666666666668,0.004141376664241155,0.10057345653573672,0.151392591620485
phase9_periodic_sample_aware_h200_seed44,periodic_sample_aware,periodic_sample_aware_82d81884d2,1e00921e7aa95831,44,6,40,41,70,70,0.2566137569291251,24.714285714285715,0.011386576082025255,0.09130343134914126,0.12421962475138051
phase9_periodic_sample_aware_h200_seed44,periodic_sample_aware,periodic_sample_aware_82d81884d2,1e00921e7aa95831,44,6,80,81,70,70,0.2566137569291251,24.714285714285715,0.007453480788639614,0.09609926534550531,0.13151246894683158
phase9_periodic_sample_aware_h200_seed44,periodic_sample_aware,periodic_sample_aware_82d81884d2,1e00921e7aa95831,44,6,120,121,70,70,0.2566137569291251,24.714285714285715,0.0054640857236725945,0.09974630602768489,0.1378993840089866
phase9_periodic_sample_aware_h200_seed44,periodic_sample_aware,periodic_sample_aware_82d81884d2,1e00921e7aa95831,44,6,160,161,70,70,0.2566137569291251,24.714285714285715,0.004376113840511867,0.1024692348071507,0.14091518031699315
phase9_periodic_sample_aware_h200_seed44,periodic_sample_aware,periodic_sample_aware_82d81884d2,1e00921e7aa95831,44,7,40,41,80,80,0.23801743052899837,21.75,0.014287088345736266,0.0966732113622129,0.11899471059441566
phase9_periodic_sample_aware_h200_seed44,periodic_sample_aware,periodic_sample_aware_82d81884d2,1e00921e7aa95831,44,7,80,81,80,80,0.23801743052899837,21.75,0.009641059953719378,0.10316545255482197,0.12651205956935882
phase9_periodic_sample_aware_h200_seed44,periodic_sample_aware,periodic_sample_aware_82d81884d2,1e00921e7aa95831,44,7,120,121,80,80,0.23801743052899837,21.75,0.006725133303552866,0.10758669944480062,0.13052493263967335
phase9_periodic_sample_aware_h200_seed44,periodic_sample_aware,periodic_sample_aware_82d81884d2,1e00921e7aa95831,44,7,160,161,80,80,0.23801743052899837,21.75,0.005030273832380772,0.1108116484247148,0.13376750820316374
phase9_periodic_sample_aware_h200_seed44,periodic_sample_aware,periodic_sample_aware_82d81884d2,1e00921e7aa95831,44,8,40,41,90,90,0.21810699502627054,19.22222222222222,0.014670146173901027,0.10380685238374604,0.12141076934834322
phase9_periodic_sample_aware_h200_seed44,periodic_sample_aware,periodic_sample_aware_82d81884d2,1e00921e7aa95831,44,8,80,81,90,90,0.21810699502627054,19.22222222222222,0.010216275850931803,0.11004859250452784,0.1279717757883999
phase9_periodic_sample_aware_h200_seed44,periodic_sample_aware,periodic_sample_aware_82d81884d2,1e00921e7aa95831,44,8,120,121,90,90,0.21810699502627054,19.22222222222222,0.0071188978022999234,0.11465947586629126,0.13157920030256112
phase9_periodic_sample_aware_h200_seed44,periodic_sample_aware,periodic_sample_aware_82d81884d2,1e00921e7aa95831,44,8,160,161,90,90,0.21810699502627054,19.22222222222222,0.0054664414789941575,0.11823584743671947,0.13434623057643572
phase9_periodic_sample_aware_h200_seed44,periodic_sample_aware,periodic_sample_aware_82d81884d2,1e00921e7aa95831,44,9,40,41,100,100,0.19629629999399184,17.0,0.013858932554721832,0.1126660218089819,0.12278170116245747
phase9_periodic_sample_aware_h200_seed44,periodic_sample_aware,periodic_sample_aware_82d81884d2,1e00921e7aa95831,44,9,80,81,100,100,0.19629629999399184,17.0,0.010276815891265868,0.12023148529231548,0.13110142268240452
phase9_periodic_sample_aware_h200_seed44,periodic_sample_aware,periodic_sample_aware_82d81884d2,1e00921e7aa95831,44,9,120,121,100,100,0.19629629999399184,17.0,0.008123508915305137,0.12640199318528175,0.13648196013644337
phase9_periodic_sample_aware_h200_seed44,periodic_sample_aware,periodic_sample_aware_82d81884d2,1e00921e7aa95831,44,9,160,161,100,100,0.19629629999399184,17.0,0.0063158334791660305,0.1312210416793823,0.13885417504236103
phase9_prototype_bank_direct_h200_seed42,prototype_bank_direct,prototype_bank_direct_fab4198909,1e00921e7aa95831,42,1,40,41,20,20,1.0,87.5,0.13085815012454988,0.13085815012454988,0.16733654513955115
phase9_prototype_bank_direct_h200_seed42,prototype_bank_direct,prototype_bank_direct_fab4198909,1e00921e7aa95831,42,1,80,81,20,20,1.0,87.5,0.03861074447631836,0.09481922090053559,0.1671767421066761
phase9_prototype_bank_direct_h200_seed42,prototype_bank_direct,prototype_bank_direct_fab4198909,1e00921e7aa95831,42,1,120,121,20,20,1.0,87.5,0.013253498077392577,0.08291508555412293,0.16970228850841523
phase9_prototype_bank_direct_h200_seed42,prototype_bank_direct,prototype_bank_direct_fab4198909,1e00921e7aa95831,42,1,160,161,20,20,1.0,87.5,0.007521207630634308,0.07631817907094955,0.16976694464683534
phase9_prototype_bank_direct_h200_seed42,prototype_bank_direct,prototype_bank_direct_fab4198909,1e00921e7aa95831,42,2,40,41,30,30,1.0,58.333333333333336,0.04814155697822571,0.08490657111008962,0.1392330934604009
phase9_prototype_bank_direct_h200_seed42,prototype_bank_direct,prototype_bank_direct_fab4198909,1e00921e7aa95831,42,2,80,81,30,30,1.0,58.333333333333336,0.008610351880391439,0.07827816307544708,0.14028008977572123
phase9_prototype_bank_direct_h200_seed42,prototype_bank_direct,prototype_bank_direct_fab4198909,1e00921e7aa95831,42,2,120,121,30,30,1.0,58.333333333333336,0.00575600266456604,0.07509623070557912,0.14289335012435914
phase9_prototype_bank_direct_h200_seed42,prototype_bank_direct,prototype_bank_direct_fab4198909,1e00921e7aa95831,42,2,160,161,30,30,1.0,58.333333333333336,0.005530252059300741,0.07311291595300039,0.14324048161506653
phase9_prototype_bank_direct_h200_seed42,prototype_bank_direct,prototype_bank_direct_fab4198909,1e00921e7aa95831,42,3,40,41,40,40,1.0,43.25,0.03758481368422508,0.07840204983949661,0.12546763010323048
phase9_prototype_bank_direct_h200_seed42,prototype_bank_direct,prototype_bank_direct_fab4198909,1e00921e7aa95831,42,3,80,81,40,40,1.0,43.25,0.011728611588478089,0.07503631263971329,0.13015223070979118
phase9_prototype_bank_direct_h200_seed42,prototype_bank_direct,prototype_bank_direct_fab4198909,1e00921e7aa95831,42,3,120,121,40,40,1.0,43.25,0.006230134516954422,0.07318576350808144,0.13318395614624023
phase9_prototype_bank_direct_h200_seed42,prototype_bank_direct,prototype_bank_direct_fab4198909,1e00921e7aa95831,42,3,160,161,40,40,1.0,43.25,0.006121584773063659,0.07295118495821953,0.13565795458853244
phase9_prototype_bank_direct_h200_seed42,prototype_bank_direct,prototype_bank_direct_fab4198909,1e00921e7aa95831,42,4,40,41,50,50,1.0,34.6,0.05586497128009796,0.10506136298179626,0.14869246065616606
phase9_prototype_bank_direct_h200_seed42,prototype_bank_direct,prototype_bank_direct_fab4198909,1e00921e7aa95831,42,4,80,81,50,50,1.0,34.6,0.010620259940624236,0.09885993152856827,0.15176511883735658
phase9_prototype_bank_direct_h200_seed42,prototype_bank_direct,prototype_bank_direct_fab4198909,1e00921e7aa95831,42,4,120,121,50,50,1.0,34.6,0.005794588029384613,0.09780287742614746,0.15612026304006577
phase9_prototype_bank_direct_h200_seed42,prototype_bank_direct,prototype_bank_direct_fab4198909,1e00921e7aa95831,42,4,160,161,50,50,1.0,34.6,0.007252927422523498,0.09474948167800903,0.15481838911771775
phase9_prototype_bank_direct_h200_seed42,prototype_bank_direct,prototype_bank_direct_fab4198909,1e00921e7aa95831,42,5,40,41,60,60,1.0,29.166666666666668,0.05393284137050311,0.11647735213239988,0.14472524523735047
phase9_prototype_bank_direct_h200_seed42,prototype_bank_direct,prototype_bank_direct_fab4198909,1e00921e7aa95831,42,5,80,81,60,60,1.0,29.166666666666668,0.010711470743020375,0.11149725342790286,0.1475330587476492
phase9_prototype_bank_direct_h200_seed42,prototype_bank_direct,prototype_bank_direct_fab4198909,1e00921e7aa95831,42,5,120,121,60,60,1.0,29.166666666666668,0.005711927016576131,0.11123474861184755,0.15384238287806512
phase9_prototype_bank_direct_h200_seed42,prototype_bank_direct,prototype_bank_direct_fab4198909,1e00921e7aa95831,42,5,160,161,60,60,1.0,29.166666666666668,0.0047051390012105305,0.11062843377391497,0.15565330969790617
phase9_prototype_bank_direct_h200_seed42,prototype_bank_direct,prototype_bank_direct_fab4198909,1e00921e7aa95831,42,6,40,41,70,70,1.0,24.714285714285715,0.04236331177609307,0.11419672157083238,0.12820640211658818
phase9_prototype_bank_direct_h200_seed42,prototype_bank_direct,prototype_bank_direct_fab4198909,1e00921e7aa95831,42,6,80,81,70,70,1.0,24.714285714285715,0.010891796222754888,0.11223518997430801,0.1344953728573663
phase9_prototype_bank_direct_h200_seed42,prototype_bank_direct,prototype_bank_direct_fab4198909,1e00921e7aa95831,42,6,120,121,70,70,1.0,24.714285714285715,0.008248816217694964,0.11220657974481582,0.13984056785702706
phase9_prototype_bank_direct_h200_seed42,prototype_bank_direct,prototype_bank_direct_fab4198909,1e00921e7aa95831,42,6,160,161,70,70,1.0,24.714285714285715,0.006279217983995165,0.11138133491788592,0.14157537040965898
phase9_prototype_bank_direct_h200_seed42,prototype_bank_direct,prototype_bank_direct_fab4198909,1e00921e7aa95831,42,7,40,41,80,80,1.0,21.75,0.0526258111000061,0.13183238096535205,0.13342458326369525
phase9_prototype_bank_direct_h200_seed42,prototype_bank_direct,prototype_bank_direct_fab4198909,1e00921e7aa95831,42,7,80,81,80,80,1.0,21.75,0.011377568170428277,0.12582863047719,0.13531924663111566
phase9_prototype_bank_direct_h200_seed42,prototype_bank_direct,prototype_bank_direct_fab4198909,1e00921e7aa95831,42,7,120,121,80,80,1.0,21.75,0.009009143337607384,0.12710027545690536,0.14235210814513266
phase9_prototype_bank_direct_h200_seed42,prototype_bank_direct,prototype_bank_direct_fab4198909,1e00921e7aa95831,42,7,160,161,80,80,1.0,21.75,0.005657280888408422,0.12639646111056208,0.1457342330366373
phase9_prototype_bank_direct_h200_seed42,prototype_bank_direct,prototype_bank_direct_fab4198909,1e00921e7aa95831,42,8,40,41,90,90,1.0,19.22222222222222,0.05347560892502467,0.14021148193213676,0.13609170267979304
phase9_prototype_bank_direct_h200_seed42,prototype_bank_direct,prototype_bank_direct_fab4198909,1e00921e7aa95831,42,8,80,81,90,90,1.0,19.22222222222222,0.011802802648809221,0.1388513279457887,0.1401704174776872
phase9_prototype_bank_direct_h200_seed42,prototype_bank_direct,prototype_bank_direct_fab4198909,1e00921e7aa95831,42,8,120,121,90,90,1.0,19.22222222222222,0.0064169665177663164,0.13948503591948086,0.14583172367678748
phase9_prototype_bank_direct_h200_seed42,prototype_bank_direct,prototype_bank_direct_fab4198909,1e00921e7aa95831,42,8,160,161,90,90,1.0,19.22222222222222,0.005287437472078535,0.13975327619247965,0.1500079311016533
phase9_prototype_bank_direct_h200_seed42,prototype_bank_direct,prototype_bank_direct_fab4198909,1e00921e7aa95831,42,9,40,41,100,100,1.0,17.0,0.04813715450465679,0.1525714361667633,0.12951834550127386
phase9_prototype_bank_direct_h200_seed42,prototype_bank_direct,prototype_bank_direct_fab4198909,1e00921e7aa95831,42,9,80,81,100,100,1.0,17.0,0.010731224864721299,0.15148973420262338,0.13422038661316038
phase9_prototype_bank_direct_h200_seed42,prototype_bank_direct,prototype_bank_direct_fab4198909,1e00921e7aa95831,42,9,120,121,100,100,1.0,17.0,0.008090993613004685,0.15462953984737396,0.14136879939585925
phase9_prototype_bank_direct_h200_seed42,prototype_bank_direct,prototype_bank_direct_fab4198909,1e00921e7aa95831,42,9,160,161,100,100,1.0,17.0,0.007752345576882362,0.15507430754601956,0.14345519246533514
phase9_prototype_bank_direct_h200_seed43,prototype_bank_direct,prototype_bank_direct_fab4198909,1e00921e7aa95831,43,1,40,41,20,20,1.0,87.5,0.1366719752550125,0.1366719752550125,0.18462537229061127
phase9_prototype_bank_direct_h200_seed43,prototype_bank_direct,prototype_bank_direct_fab4198909,1e00921e7aa95831,43,1,80,81,20,20,1.0,87.5,0.03474772721529007,0.10229219347238541,0.18974043801426888
phase9_prototype_bank_direct_h200_seed43,prototype_bank_direct,prototype_bank_direct_fab4198909,1e00921e7aa95831,43,1,120,121,20,20,1.0,87.5,0.014434024691581726,0.08796081393957138,0.18660999238491058
phase9_prototype_bank_direct_h200_seed43,prototype_bank_direct,prototype_bank_direct_fab4198909,1e00921e7aa95831,43,1,160,161,20,20,1.0,87.5,0.006615635752677917,0.08330552726984024,0.18884322494268418
phase9_prototype_bank_direct_h200_seed43,prototype_bank_direct,prototype_bank_direct_fab4198909,1e00921e7aa95831,43,2,40,41,30,30,1.0,58.333333333333336,0.05542174180348714,0.08878460625807444,0.15077231923739115
phase9_prototype_bank_direct_h200_seed43,prototype_bank_direct,prototype_bank_direct_fab4198909,1e00921e7aa95831,43,2,80,81,30,30,1.0,58.333333333333336,0.009173606832822164,0.08163066307703654,0.15352323055267333
phase9_prototype_bank_direct_h200_seed43,prototype_bank_direct,prototype_bank_direct_fab4198909,1e00921e7aa95831,43,2,120,121,30,30,1.0,58.333333333333336,0.005573179324467977,0.07841088771820068,0.15652639468510945
phase9_prototype_bank_direct_h200_seed43,prototype_bank_direct,prototype_bank_direct_fab4198909,1e00921e7aa95831,43,2,160,161,30,30,1.0,58.333333333333336,0.0052626709143320715,0.07603180805842082,0.15754718283812205
phase9_prototype_bank_direct_h200_seed43,prototype_bank_direct,prototype_bank_direct_fab4198909,1e00921e7aa95831,43,3,40,41,40,40,1.0,43.25,0.04811207242310047,0.0920209113508463,0.15650477930903434
phase9_prototype_bank_direct_h200_seed43,prototype_bank_direct,prototype_bank_direct_fab4198909,1e00921e7aa95831,43,3,80,81,40,40,1.0,43.25,0.014684607833623886,0.08565199114382267,0.1584738500416279
phase9_prototype_bank_direct_h200_seed43,prototype_bank_direct,prototype_bank_direct_fab4198909,1e00921e7aa95831,43,3,120,121,40,40,1.0,43.25,0.005869607999920845,0.08429911509156227,0.16321076042950153
phase9_prototype_bank_direct_h200_seed43,prototype_bank_direct,prototype_bank_direct_fab4198909,1e00921e7aa95831,43,3,160,161,40,40,1.0,43.25,0.007162372022867203,0.08330821990966797,0.16405004337430001
phase9_prototype_bank_direct_h200_seed43,prototype_bank_direct,prototype_bank_direct_fab4198909,1e00921e7aa95831,43,4,40,41,50,50,1.0,34.6,0.059641273021698,0.11872455596923828,0.18226025477051735
phase9_prototype_bank_direct_h200_seed43,prototype_bank_direct,prototype_bank_direct_fab4198909,1e00921e7aa95831,43,4,80,81,50,50,1.0,34.6,0.012541621923446655,0.11243490517139434,0.186735680103302
phase9_prototype_bank_direct_h200_seed43,prototype_bank_direct,prototype_bank_direct_fab4198909,1e00921e7aa95831,43,4,120,121,50,50,1.0,34.6,0.006313030421733856,0.11070832818746566,0.19144773066043855
phase9_prototype_bank_direct_h200_seed43,prototype_bank_direct,prototype_bank_direct_fab4198909,1e00921e7aa95831,43,4,160,161,50,50,1.0,34.6,0.005094692707061767,0.10974475532770157,0.19349877774715424
phase9_prototype_bank_direct_h200_seed43,prototype_bank_direct,prototype_bank_direct_fab4198909,1e00921e7aa95831,43,5,40,41,60,60,1.0,29.166666666666668,0.05638207793235779,0.13125921711325644,0.180457891151309
phase9_prototype_bank_direct_h200_seed43,prototype_bank_direct,prototype_bank_direct_fab4198909,1e00921e7aa95831,43,5,80,81,60,60,1.0,29.166666666666668,0.012510502338409423,0.128503704816103,0.18851283093293508
phase9_prototype_bank_direct_h200_seed43,prototype_bank_direct,prototype_bank_direct_fab4198909,1e00921e7aa95831,43,5,120,121,60,60,1.0,29.166666666666668,0.007250397155682246,0.130146782596906,0.19900918304920195
phase9_prototype_bank_direct_h200_seed43,prototype_bank_direct,prototype_bank_direct_fab4198909,1e00921e7aa95831,43,5,160,161,60,60,1.0,29.166666666666668,0.004953246315320333,0.1298961877822876,0.2019869680205981
phase9_prototype_bank_direct_h200_seed43,prototype_bank_direct,prototype_bank_direct_fab4198909,1e00921e7aa95831,43,6,40,41,70,70,1.0,24.714285714285715,0.04313148089817592,0.13190886889185224,0.16912191084453038
phase9_prototype_bank_direct_h200_seed43,prototype_bank_direct,prototype_bank_direct_fab4198909,1e00921e7aa95831,43,6,80,81,70,70,1.0,24.714285714285715,0.00956353907074247,0.13153780209166663,0.17818702640277997
phase9_prototype_bank_direct_h200_seed43,prototype_bank_direct,prototype_bank_direct_fab4198909,1e00921e7aa95831,43,6,120,121,70,70,1.0,24.714285714285715,0.006007356090205056,0.13164883809430258,0.18484072632023266
phase9_prototype_bank_direct_h200_seed43,prototype_bank_direct,prototype_bank_direct_fab4198909,1e00921e7aa95831,43,6,160,161,70,70,1.0,24.714285714285715,0.004646563317094531,0.1335189442549433,0.1908938374902521
phase9_prototype_bank_direct_h200_seed43,prototype_bank_direct,prototype_bank_direct_fab4198909,1e00921e7aa95831,43,7,40,41,80,80,1.0,21.75,0.05706855831667781,0.14488119753077627,0.16452051210217178
phase9_prototype_bank_direct_h200_seed43,prototype_bank_direct,prototype_bank_direct_fab4198909,1e00921e7aa95831,43,7,80,81,80,80,1.0,21.75,0.014235492609441281,0.14376084646210074,0.17238165801391006
phase9_prototype_bank_direct_h200_seed43,prototype_bank_direct,prototype_bank_direct_fab4198909,1e00921e7aa95831,43,7,120,121,80,80,1.0,21.75,0.007716798316687345,0.14672106243669986,0.1820103345438838
phase9_prototype_bank_direct_h200_seed43,prototype_bank_direct,prototype_bank_direct_fab4198909,1e00921e7aa95831,43,7,160,161,80,80,1.0,21.75,0.0067316173575818535,0.14819455789402128,0.1880382103845477
phase9_prototype_bank_direct_h200_seed43,prototype_bank_direct,prototype_bank_direct_fab4198909,1e00921e7aa95831,43,8,40,41,90,90,1.0,19.22222222222222,0.04932154706782765,0.15366974969704947,0.16223223635719883
phase9_prototype_bank_direct_h200_seed43,prototype_bank_direct,prototype_bank_direct_fab4198909,1e00921e7aa95831,43,8,80,81,90,90,1.0,19.22222222222222,0.01096992153260443,0.15226790549026595,0.16755994260311127
phase9_prototype_bank_direct_h200_seed43,prototype_bank_direct,prototype_bank_direct_fab4198909,1e00921e7aa95831,43,8,120,121,90,90,1.0,19.22222222222222,0.007653393099705378,0.15426212201515835,0.17474660956197316
phase9_prototype_bank_direct_h200_seed43,prototype_bank_direct,prototype_bank_direct_fab4198909,1e00921e7aa95831,43,8,160,161,90,90,1.0,19.22222222222222,0.006125594013267093,0.15393013457457225,0.1783002679546674
phase9_prototype_bank_direct_h200_seed43,prototype_bank_direct,prototype_bank_direct_fab4198909,1e00921e7aa95831,43,9,40,41,100,100,1.0,17.0,0.05082249216735363,0.1674939727038145,0.1636419858969748
phase9_prototype_bank_direct_h200_seed43,prototype_bank_direct,prototype_bank_direct_fab4198909,1e00921e7aa95831,43,9,80,81,100,100,1.0,17.0,0.012409887686371803,0.1658407863974571,0.16896998845040798
phase9_prototype_bank_direct_h200_seed43,prototype_bank_direct,prototype_bank_direct_fab4198909,1e00921e7aa95831,43,9,120,121,100,100,1.0,17.0,0.007468317300081253,0.1666472575068474,0.17530987210571766
phase9_prototype_bank_direct_h200_seed43,prototype_bank_direct,prototype_bank_direct_fab4198909,1e00921e7aa95831,43,9,160,161,100,100,1.0,17.0,0.006358479894697666,0.1668383914604783,0.1774384840577841
phase9_prototype_bank_direct_h200_seed44,prototype_bank_direct,prototype_bank_direct_fab4198909,1e00921e7aa95831,44,1,40,41,20,20,1.0,87.5,0.11227335184812545,0.11227335184812545,0.15172970443964004
phase9_prototype_bank_direct_h200_seed44,prototype_bank_direct,prototype_bank_direct_fab4198909,1e00921e7aa95831,44,1,80,81,20,20,1.0,87.5,0.028429552912712097,0.08452351838350296,0.15378141403198242
phase9_prototype_bank_direct_h200_seed44,prototype_bank_direct,prototype_bank_direct_fab4198909,1e00921e7aa95831,44,1,120,121,20,20,1.0,87.5,0.012924197316169738,0.07304461449384689,0.1525322675704956
phase9_prototype_bank_direct_h200_seed44,prototype_bank_direct,prototype_bank_direct_fab4198909,1e00921e7aa95831,44,1,160,161,20,20,1.0,87.5,0.006496596336364746,0.06841683834791183,0.1529662773013115
phase9_prototype_bank_direct_h200_seed44,prototype_bank_direct,prototype_bank_direct_fab4198909,1e00921e7aa95831,44,2,40,41,30,30,1.0,58.333333333333336,0.056613244613011676,0.08031666378180186,0.13022319773832958
phase9_prototype_bank_direct_h200_seed44,prototype_bank_direct,prototype_bank_direct_fab4198909,1e00921e7aa95831,44,2,80,81,30,30,1.0,58.333333333333336,0.01107375721136729,0.07210797071456909,0.12886254439751307
phase9_prototype_bank_direct_h200_seed44,prototype_bank_direct,prototype_bank_direct_fab4198909,1e00921e7aa95831,44,2,120,121,30,30,1.0,58.333333333333336,0.004445351163546244,0.07089300254980722,0.1341404974460602
phase9_prototype_bank_direct_h200_seed44,prototype_bank_direct,prototype_bank_direct_fab4198909,1e00921e7aa95831,44,2,160,161,30,30,1.0,58.333333333333336,0.005552056431770325,0.06657443443934123,0.13226590156555176
phase9_prototype_bank_direct_h200_seed44,prototype_bank_direct,prototype_bank_direct_fab4198909,1e00921e7aa95831,44,3,40,41,40,40,1.0,43.25,0.04521645307540893,0.08142491728067398,0.13332568854093552
phase9_prototype_bank_direct_h200_seed44,prototype_bank_direct,prototype_bank_direct_fab4198909,1e00921e7aa95831,44,3,80,81,40,40,1.0,43.25,0.012241370230913162,0.07733746394515037,0.1375752504914999
phase9_prototype_bank_direct_h200_seed44,prototype_bank_direct,prototype_bank_direct_fab4198909,1e00921e7aa95831,44,3,120,121,40,40,1.0,43.25,0.004563651978969574,0.07572267130017281,0.13988909721374512
phase9_prototype_bank_direct_h200_seed44,prototype_bank_direct,prototype_bank_direct_fab4198909,1e00921e7aa95831,44,3,160,161,40,40,1.0,43.25,0.006090282648801804,0.07436992228031158,0.14108633175492286
phase9_prototype_bank_direct_h200_seed44,prototype_bank_direct,prototype_bank_direct_fab4198909,1e00921e7aa95831,44,4,40,41,50,50,1.0,34.6,0.058024113476276395,0.102172591984272,0.1501235482096672
phase9_prototype_bank_direct_h200_seed44,prototype_bank_direct,prototype_bank_direct_fab4198909,1e00921e7aa95831,44,4,80,81,50,50,1.0,34.6,0.010227158069610595,0.09682839781045914,0.1535549220442772
phase9_prototype_bank_direct_h200_seed44,prototype_bank_direct,prototype_bank_direct_fab4198909,1e00921e7aa95831,44,4,120,121,50,50,1.0,34.6,0.0052168375253677365,0.09474144071340561,0.15635780453681947
phase9_prototype_bank_direct_h200_seed44,prototype_bank_direct,prototype_bank_direct_fab4198909,1e00921e7aa95831,44,4,160,161,50,50,1.0,34.6,0.005685867667198181,0.09399029046297074,0.1588544651865959
phase9_prototype_bank_direct_h200_seed44,prototype_bank_direct,prototype_bank_direct_fab4198909,1e00921e7aa95831,44,5,40,41,60,60,1.0,29.166666666666668,0.051046648621559144,0.11048283303777377,0.1455191866805156
phase9_prototype_bank_direct_h200_seed44,prototype_bank_direct,prototype_bank_direct_fab4198909,1e00921e7aa95831,44,5,80,81,60,60,1.0,29.166666666666668,0.012393217533826828,0.10768255392710367,0.15033275522291661
phase9_prototype_bank_direct_h200_seed44,prototype_bank_direct,prototype_bank_direct_fab4198909,1e00921e7aa95831,44,5,120,121,60,60,1.0,29.166666666666668,0.006225695212682088,0.10637047290802001,0.15449879926939805
phase9_prototype_bank_direct_h200_seed44,prototype_bank_direct,prototype_bank_direct_fab4198909,1e00921e7aa95831,44,5,160,161,60,60,1.0,29.166666666666668,0.0045742131769657135,0.1060771661500136,0.1570757272342841
phase9_prototype_bank_direct_h200_seed44,prototype_bank_direct,prototype_bank_direct_fab4198909,1e00921e7aa95831,44,6,40,41,70,70,1.0,24.714285714285715,0.039829208169664655,0.1112938499876431,0.13534246842776027
phase9_prototype_bank_direct_h200_seed44,prototype_bank_direct,prototype_bank_direct_fab4198909,1e00921e7aa95831,44,6,80,81,70,70,1.0,24.714285714285715,0.008397780358791351,0.11026093661785126,0.1413955851324967
phase9_prototype_bank_direct_h200_seed44,prototype_bank_direct,prototype_bank_direct_fab4198909,1e00921e7aa95831,44,6,120,121,70,70,1.0,24.714285714285715,0.007203155223812376,0.11290140758667673,0.14810788514358655
phase9_prototype_bank_direct_h200_seed44,prototype_bank_direct,prototype_bank_direct_fab4198909,1e00921e7aa95831,44,6,160,161,70,70,1.0,24.714285714285715,0.006004903891256877,0.11263676583766938,0.15034025247607913
phase9_prototype_bank_direct_h200_seed44,prototype_bank_direct,prototype_bank_direct_fab4198909,1e00921e7aa95831,44,7,40,41,80,80,1.0,21.75,0.04638844542205334,0.12072185575962066,0.12783570885658263
phase9_prototype_bank_direct_h200_seed44,prototype_bank_direct,prototype_bank_direct_fab4198909,1e00921e7aa95831,44,7,80,81,80,80,1.0,21.75,0.011823030095547438,0.11784315528348088,0.13371690092608332
phase9_prototype_bank_direct_h200_seed44,prototype_bank_direct,prototype_bank_direct_fab4198909,1e00921e7aa95831,44,7,120,121,80,80,1.0,21.75,0.005721563752740621,0.11844040751457215,0.13809248683974146
phase9_prototype_bank_direct_h200_seed44,prototype_bank_direct,prototype_bank_direct_fab4198909,1e00921e7aa95831,44,7,160,161,80,80,1.0,21.75,0.007125409692525864,0.11904780380427837,0.14113133475184442
phase9_prototype_bank_direct_h200_seed44,prototype_bank_direct,prototype_bank_direct_fab4198909,1e00921e7aa95831,44,8,40,41,90,90,1.0,19.22222222222222,0.04707306987709469,0.12759851184156207,0.12554752056797344
phase9_prototype_bank_direct_h200_seed44,prototype_bank_direct,prototype_bank_direct_fab4198909,1e00921e7aa95831,44,8,80,81,90,90,1.0,19.22222222222222,0.011212561527887981,0.1253219743569692,0.13001135165492694
phase9_prototype_bank_direct_h200_seed44,prototype_bank_direct,prototype_bank_direct_fab4198909,1e00921e7aa95831,44,8,120,121,90,90,1.0,19.22222222222222,0.005076769077115588,0.1255208547744486,0.13438640071286095
phase9_prototype_bank_direct_h200_seed44,prototype_bank_direct,prototype_bank_direct_fab4198909,1e00921e7aa95831,44,8,160,161,90,90,1.0,19.22222222222222,0.0046076517966058515,0.12674913646446334,0.13818382720152536
phase9_prototype_bank_direct_h200_seed44,prototype_bank_direct,prototype_bank_direct_fab4198909,1e00921e7aa95831,44,9,40,41,100,100,1.0,17.0,0.04945708252489567,0.14242838054895401,0.12509709428995847
phase9_prototype_bank_direct_h200_seed44,prototype_bank_direct,prototype_bank_direct_fab4198909,1e00921e7aa95831,44,9,80,81,100,100,1.0,17.0,0.010456394478678703,0.14064923740923405,0.12905033811926842
phase9_prototype_bank_direct_h200_seed44,prototype_bank_direct,prototype_bank_direct_fab4198909,1e00921e7aa95831,44,9,120,121,100,100,1.0,17.0,0.0074890095740556715,0.14097266897559166,0.13414278142154218
phase9_prototype_bank_direct_h200_seed44,prototype_bank_direct,prototype_bank_direct_fab4198909,1e00921e7aa95831,44,9,160,161,100,100,1.0,17.0,0.006060494482517243,0.1404226167500019,0.13561053276062013
phase9_prototype_bank_smooth_h200_seed42,prototype_bank_smooth,prototype_bank_smooth_3c5aca8998,1e00921e7aa95831,42,1,40,41,20,20,0.43981480598449707,87.5,0.057451435923576356,0.057451435923576356,0.1673365168273449
phase9_prototype_bank_smooth_h200_seed42,prototype_bank_smooth,prototype_bank_smooth_3c5aca8998,1e00921e7aa95831,42,1,80,81,20,20,0.43981480598449707,87.5,0.018261674046516418,0.07421514391899109,0.17255233004689216
phase9_prototype_bank_smooth_h200_seed42,prototype_bank_smooth,prototype_bank_smooth_3c5aca8998,1e00921e7aa95831,42,1,120,121,20,20,0.43981480598449707,87.5,0.006935937702655793,0.07815771847963333,0.17401659190654756
phase9_prototype_bank_smooth_h200_seed42,prototype_bank_smooth,prototype_bank_smooth_3c5aca8998,1e00921e7aa95831,42,1,160,161,20,20,0.43981480598449707,87.5,0.0036103233695030214,0.07784333527088165,0.17317658364772798
phase9_prototype_bank_smooth_h200_seed42,prototype_bank_smooth,prototype_bank_smooth_3c5aca8998,1e00921e7aa95831,42,2,40,41,30,30,0.39241622885068256,58.333333333333336,0.02156759997208913,0.06628664036591848,0.1372970367471377
phase9_prototype_bank_smooth_h200_seed42,prototype_bank_smooth,prototype_bank_smooth_3c5aca8998,1e00921e7aa95831,42,2,80,81,30,30,0.39241622885068256,58.333333333333336,0.011737526456514994,0.07128509481747945,0.138471686343352
phase9_prototype_bank_smooth_h200_seed42,prototype_bank_smooth,prototype_bank_smooth_3c5aca8998,1e00921e7aa95831,42,2,120,121,30,30,0.39241622885068256,58.333333333333336,0.006420673926671346,0.07330805659294129,0.14111759463946025
phase9_prototype_bank_smooth_h200_seed42,prototype_bank_smooth,prototype_bank_smooth_3c5aca8998,1e00921e7aa95831,42,2,160,161,30,30,0.39241622885068256,58.333333333333336,0.004616524775822957,0.07489292025566101,0.1474868431687355
phase9_prototype_bank_smooth_h200_seed42,prototype_bank_smooth,prototype_bank_smooth_3c5aca8998,1e00921e7aa95831,42,3,40,41,40,40,0.34650997817516327,43.25,0.01489274948835373,0.06595908254384994,0.1259249448776245
phase9_prototype_bank_smooth_h200_seed42,prototype_bank_smooth,prototype_bank_smooth_3c5aca8998,1e00921e7aa95831,42,3,80,81,40,40,0.34650997817516327,43.25,0.009412950277328492,0.07022071182727814,0.13341419883072375
phase9_prototype_bank_smooth_h200_seed42,prototype_bank_smooth,prototype_bank_smooth_3c5aca8998,1e00921e7aa95831,42,3,120,121,40,40,0.34650997817516327,43.25,0.0053026191890239716,0.07219383046030999,0.13552305288612843
phase9_prototype_bank_smooth_h200_seed42,prototype_bank_smooth,prototype_bank_smooth_3c5aca8998,1e00921e7aa95831,42,3,160,161,40,40,0.34650997817516327,43.25,0.004836215823888779,0.07336201071739197,0.13901089876890182
phase9_prototype_bank_smooth_h200_seed42,prototype_bank_smooth,prototype_bank_smooth_3c5aca8998,1e00921e7aa95831,42,4,40,41,50,50,0.31077441573143005,34.6,0.019776939153671264,0.07523652553558349,0.14723971381783485
phase9_prototype_bank_smooth_h200_seed42,prototype_bank_smooth,prototype_bank_smooth_3c5aca8998,1e00921e7aa95831,42,4,80,81,50,50,0.31077441573143005,34.6,0.010189974904060364,0.08382486999034881,0.1506132636964321
phase9_prototype_bank_smooth_h200_seed42,prototype_bank_smooth,prototype_bank_smooth_3c5aca8998,1e00921e7aa95831,42,4,120,121,50,50,0.31077441573143005,34.6,0.005710434317588806,0.0880873155593872,0.15177884787321091
phase9_prototype_bank_smooth_h200_seed42,prototype_bank_smooth,prototype_bank_smooth_3c5aca8998,1e00921e7aa95831,42,4,160,161,50,50,0.31077441573143005,34.6,0.0038718417286872863,0.09025283843278885,0.15509493738412858
phase9_prototype_bank_smooth_h200_seed42,prototype_bank_smooth,prototype_bank_smooth_3c5aca8998,1e00921e7aa95831,42,5,40,41,60,60,0.28549382587273914,29.166666666666668,0.01863397608200709,0.08791617527604104,0.1441755212843418
phase9_prototype_bank_smooth_h200_seed42,prototype_bank_smooth,prototype_bank_smooth_3c5aca8998,1e00921e7aa95831,42,5,80,81,60,60,0.28549382587273914,29.166666666666668,0.010263342161973317,0.0956864041586717,0.15059961465497812
phase9_prototype_bank_smooth_h200_seed42,prototype_bank_smooth,prototype_bank_smooth_3c5aca8998,1e00921e7aa95831,42,5,120,121,60,60,0.28549382587273914,29.166666666666668,0.006199654440085093,0.10052177732189496,0.15307782143354415
phase9_prototype_bank_smooth_h200_seed42,prototype_bank_smooth,prototype_bank_smooth_3c5aca8998,1e00921e7aa95831,42,5,160,161,60,60,0.28549382587273914,29.166666666666668,0.004253471891085307,0.10324969018499057,0.15484351466099422
phase9_prototype_bank_smooth_h200_seed42,prototype_bank_smooth,prototype_bank_smooth_3c5aca8998,1e00921e7aa95831,42,6,40,41,70,70,0.2566137569291251,24.714285714285715,0.011141137565885272,0.0959754860826901,0.12714118670139993
phase9_prototype_bank_smooth_h200_seed42,prototype_bank_smooth,prototype_bank_smooth_3c5aca8998,1e00921e7aa95831,42,6,80,81,70,70,0.2566137569291251,24.714285714285715,0.007401797388281141,0.10083659333842142,0.13682741022535733
phase9_prototype_bank_smooth_h200_seed42,prototype_bank_smooth,prototype_bank_smooth_3c5aca8998,1e00921e7aa95831,42,6,120,121,70,70,0.2566137569291251,24.714285714285715,0.005390889729772295,0.10408121177128384,0.14047508436654296
phase9_prototype_bank_smooth_h200_seed42,prototype_bank_smooth,prototype_bank_smooth_3c5aca8998,1e00921e7aa95831,42,6,160,161,70,70,0.2566137569291251,24.714285714285715,0.004022538023335593,0.10621679191078459,0.14405483097902366
phase9_prototype_bank_smooth_h200_seed42,prototype_bank_smooth,prototype_bank_smooth_3c5aca8998,1e00921e7aa95831,42,7,40,41,80,80,0.23801743052899837,21.75,0.016210966929793357,0.10340909194201231,0.1311377742793411
phase9_prototype_bank_smooth_h200_seed42,prototype_bank_smooth,prototype_bank_smooth_3c5aca8998,1e00921e7aa95831,42,7,80,81,80,80,0.23801743052899837,21.75,0.009687893465161324,0.10958435330539942,0.13671198207885027
phase9_prototype_bank_smooth_h200_seed42,prototype_bank_smooth,prototype_bank_smooth_3c5aca8998,1e00921e7aa95831,42,7,120,121,80,80,0.23801743052899837,21.75,0.006404338032007217,0.1134666034951806,0.14168377895839512
phase9_prototype_bank_smooth_h200_seed42,prototype_bank_smooth,prototype_bank_smooth_3c5aca8998,1e00921e7aa95831,42,7,160,161,80,80,0.23801743052899837,21.75,0.004604243859648705,0.11593822073191404,0.1434520454145968
phase9_prototype_bank_smooth_h200_seed42,prototype_bank_smooth,prototype_bank_smooth_3c5aca8998,1e00921e7aa95831,42,8,40,41,90,90,0.21810699502627054,19.22222222222222,0.015798368718889025,0.11351672030157513,0.13494084084199534
phase9_prototype_bank_smooth_h200_seed42,prototype_bank_smooth,prototype_bank_smooth_3c5aca8998,1e00921e7aa95831,42,8,80,81,90,90,0.21810699502627054,19.22222222222222,0.009710523900058535,0.12013064846396446,0.14140564828283256
phase9_prototype_bank_smooth_h200_seed42,prototype_bank_smooth,prototype_bank_smooth_3c5aca8998,1e00921e7aa95831,42,8,120,121,90,90,0.21810699502627054,19.22222222222222,0.006435502154959573,0.12436296890179316,0.14427288708587488
phase9_prototype_bank_smooth_h200_seed42,prototype_bank_smooth,prototype_bank_smooth_3c5aca8998,1e00921e7aa95831,42,8,160,161,90,90,0.21810699502627054,19.22222222222222,0.004952827013201184,0.12734687469071812,0.1475060112774372
phase9_prototype_bank_smooth_h200_seed42,prototype_bank_smooth,prototype_bank_smooth_3c5aca8998,1e00921e7aa95831,42,9,40,41,100,100,0.19629629999399184,17.0,0.012402677908539772,0.12342743322253227,0.13159582745283843
phase9_prototype_bank_smooth_h200_seed42,prototype_bank_smooth,prototype_bank_smooth_3c5aca8998,1e00921e7aa95831,42,9,80,81,100,100,0.19629629999399184,17.0,0.00869607962667942,0.1298299803584814,0.1391657269001007
phase9_prototype_bank_smooth_h200_seed42,prototype_bank_smooth,prototype_bank_smooth_3c5aca8998,1e00921e7aa95831,42,9,120,121,100,100,0.19629629999399184,17.0,0.006624779924750328,0.1346511061489582,0.1446363639831543
phase9_prototype_bank_smooth_h200_seed42,prototype_bank_smooth,prototype_bank_smooth_3c5aca8998,1e00921e7aa95831,42,9,160,161,100,100,0.19629629999399184,17.0,0.005068835467100143,0.13844865262508393,0.1472697687149048
phase9_prototype_bank_smooth_h200_seed43,prototype_bank_smooth,prototype_bank_smooth_3c5aca8998,1e00921e7aa95831,43,1,40,41,20,20,0.43981480598449707,87.5,0.05982876271009445,0.05982876271009445,0.18462536111474037
phase9_prototype_bank_smooth_h200_seed43,prototype_bank_smooth,prototype_bank_smooth_3c5aca8998,1e00921e7aa95831,43,1,80,81,20,20,0.43981480598449707,87.5,0.019926999509334565,0.07939392626285553,0.19590674489736556
phase9_prototype_bank_smooth_h200_seed43,prototype_bank_smooth,prototype_bank_smooth_3c5aca8998,1e00921e7aa95831,43,1,120,121,20,20,0.43981480598449707,87.5,0.005917991697788239,0.0832586869597435,0.18785397261381148
phase9_prototype_bank_smooth_h200_seed43,prototype_bank_smooth,prototype_bank_smooth_3c5aca8998,1e00921e7aa95831,43,1,160,161,20,20,0.43981480598449707,87.5,0.003594973683357239,0.08299450725317001,0.18827452808618544
phase9_prototype_bank_smooth_h200_seed43,prototype_bank_smooth,prototype_bank_smooth_3c5aca8998,1e00921e7aa95831,43,2,40,41,30,30,0.39241622885068256,58.333333333333336,0.02365928888320923,0.07031819721062978,0.14987453669309617
phase9_prototype_bank_smooth_h200_seed43,prototype_bank_smooth,prototype_bank_smooth_3c5aca8998,1e00921e7aa95831,43,2,80,81,30,30,0.39241622885068256,58.333333333333336,0.013180584708849589,0.07551198999087015,0.15106719334920246
phase9_prototype_bank_smooth_h200_seed43,prototype_bank_smooth,prototype_bank_smooth_3c5aca8998,1e00921e7aa95831,43,2,120,121,30,30,0.39241622885068256,58.333333333333336,0.006809914112091064,0.07669311165809631,0.15404365956783295
phase9_prototype_bank_smooth_h200_seed43,prototype_bank_smooth,prototype_bank_smooth_3c5aca8998,1e00921e7aa95831,43,2,160,161,30,30,0.39241622885068256,58.333333333333336,0.005140271782875061,0.07721987267335256,0.1612063576777776
phase9_prototype_bank_smooth_h200_seed43,prototype_bank_smooth,prototype_bank_smooth_3c5aca8998,1e00921e7aa95831,43,3,40,41,40,40,0.34650997817516327,43.25,0.01875643655657768,0.07090312838554383,0.15608221665024757
phase9_prototype_bank_smooth_h200_seed43,prototype_bank_smooth,prototype_bank_smooth_3c5aca8998,1e00921e7aa95831,43,3,80,81,40,40,0.34650997817516327,43.25,0.010876258462667465,0.07701669707894325,0.15780396945774555
phase9_prototype_bank_smooth_h200_seed43,prototype_bank_smooth,prototype_bank_smooth_3c5aca8998,1e00921e7aa95831,43,3,120,121,40,40,0.34650997817516327,43.25,0.006894075870513916,0.07886847630143165,0.15718298628926278
phase9_prototype_bank_smooth_h200_seed43,prototype_bank_smooth,prototype_bank_smooth_3c5aca8998,1e00921e7aa95831,43,3,160,161,40,40,0.34650997817516327,43.25,0.005558536946773529,0.08017755076289176,0.15996082536876202
phase9_prototype_bank_smooth_h200_seed43,prototype_bank_smooth,prototype_bank_smooth_3c5aca8998,1e00921e7aa95831,43,4,40,41,50,50,0.31077441573143005,34.6,0.02341198205947876,0.08304464280605316,0.17711371526122094
phase9_prototype_bank_smooth_h200_seed43,prototype_bank_smooth,prototype_bank_smooth_3c5aca8998,1e00921e7aa95831,43,4,80,81,50,50,0.31077441573143005,34.6,0.013588989973068238,0.09395921289920807,0.1842826062440872
phase9_prototype_bank_smooth_h200_seed43,prototype_bank_smooth,prototype_bank_smooth_3c5aca8998,1e00921e7aa95831,43,4,120,121,50,50,0.31077441573143005,34.6,0.00852683663368225,0.09974075019359589,0.1876768311858177
phase9_prototype_bank_smooth_h200_seed43,prototype_bank_smooth,prototype_bank_smooth_3c5aca8998,1e00921e7aa95831,43,4,160,161,50,50,0.31077441573143005,34.6,0.005477515757083893,0.10313409298658371,0.19221607089042664
phase9_prototype_bank_smooth_h200_seed43,prototype_bank_smooth,prototype_bank_smooth_3c5aca8998,1e00921e7aa95831,43,5,40,41,60,60,0.28549382587273914,29.166666666666668,0.01895758186777433,0.10130662868420283,0.17689369469881058
phase9_prototype_bank_smooth_h200_seed43,prototype_bank_smooth,prototype_bank_smooth_3c5aca8998,1e00921e7aa95831,43,5,80,81,60,60,0.28549382587273914,29.166666666666668,0.01151791512966156,0.11068443606297175,0.1881919494519631
phase9_prototype_bank_smooth_h200_seed43,prototype_bank_smooth,prototype_bank_smooth_3c5aca8998,1e00921e7aa95831,43,5,120,121,60,60,0.28549382587273914,29.166666666666668,0.007239153236150741,0.11619251842300098,0.19414119496941568
phase9_prototype_bank_smooth_h200_seed43,prototype_bank_smooth,prototype_bank_smooth_3c5aca8998,1e00921e7aa95831,43,5,160,161,60,60,0.28549382587273914,29.166666666666668,0.0052750910321871436,0.11979631409049034,0.19760925484200317
phase9_prototype_bank_smooth_h200_seed43,prototype_bank_smooth,prototype_bank_smooth_3c5aca8998,1e00921e7aa95831,43,6,40,41,70,70,0.2566137569291251,24.714285714285715,0.012065659676279341,0.1108873535479818,0.16465727984905243
phase9_prototype_bank_smooth_h200_seed43,prototype_bank_smooth,prototype_bank_smooth_3c5aca8998,1e00921e7aa95831,43,6,80,81,70,70,0.2566137569291251,24.714285714285715,0.007943704511438098,0.11617353217942374,0.1763786578817027
phase9_prototype_bank_smooth_h200_seed43,prototype_bank_smooth,prototype_bank_smooth_3c5aca8998,1e00921e7aa95831,43,6,120,121,70,70,0.2566137569291251,24.714285714285715,0.005992341041564942,0.12037801572254726,0.18491133281162808
phase9_prototype_bank_smooth_h200_seed43,prototype_bank_smooth,prototype_bank_smooth_3c5aca8998,1e00921e7aa95831,43,6,160,161,70,70,0.2566137569291251,24.714285714285715,0.004281775227614811,0.12382571846246719,0.18742864451238087
phase9_prototype_bank_smooth_h200_seed43,prototype_bank_smooth,prototype_bank_smooth_3c5aca8998,1e00921e7aa95831,43,7,40,41,80,80,0.23801743052899837,21.75,0.01742901373654604,0.12108359932899475,0.16654520062729716
phase9_prototype_bank_smooth_h200_seed43,prototype_bank_smooth,prototype_bank_smooth_3c5aca8998,1e00921e7aa95831,43,7,80,81,80,80,0.23801743052899837,21.75,0.010781393107026815,0.1294430940411985,0.18071408281102777
phase9_prototype_bank_smooth_h200_seed43,prototype_bank_smooth,prototype_bank_smooth_3c5aca8998,1e00921e7aa95831,43,7,120,121,80,80,0.23801743052899837,21.75,0.00698290653526783,0.13465018523856997,0.18519905172288417
phase9_prototype_bank_smooth_h200_seed43,prototype_bank_smooth,prototype_bank_smooth_3c5aca8998,1e00921e7aa95831,43,7,160,161,80,80,0.23801743052899837,21.75,0.0055990714579820635,0.138397432025522,0.190713329333812
phase9_prototype_bank_smooth_h200_seed43,prototype_bank_smooth,prototype_bank_smooth_3c5aca8998,1e00921e7aa95831,43,8,40,41,90,90,0.21810699502627054,19.22222222222222,0.01448044412665897,0.1322837709552712,0.15852026061879265
phase9_prototype_bank_smooth_h200_seed43,prototype_bank_smooth,prototype_bank_smooth_3c5aca8998,1e00921e7aa95831,43,8,80,81,90,90,0.21810699502627054,19.22222222222222,0.0087360969848103,0.13773217077056568,0.16765849014951123
phase9_prototype_bank_smooth_h200_seed43,prototype_bank_smooth,prototype_bank_smooth_3c5aca8998,1e00921e7aa95831,43,8,120,121,90,90,0.21810699502627054,19.22222222222222,0.006087310363849004,0.14155326154496933,0.17360275689926413
phase9_prototype_bank_smooth_h200_seed43,prototype_bank_smooth,prototype_bank_smooth_3c5aca8998,1e00921e7aa95831,43,8,160,161,90,90,0.21810699502627054,19.22222222222222,0.004324681808551153,0.14424106834663286,0.17890937845740054
phase9_prototype_bank_smooth_h200_seed43,prototype_bank_smooth,prototype_bank_smooth_3c5aca8998,1e00921e7aa95831,43,9,40,41,100,100,0.19629629999399184,17.0,0.013930116817355155,0.13025726452469827,0.1581948989070952
phase9_prototype_bank_smooth_h200_seed43,prototype_bank_smooth,prototype_bank_smooth_3c5aca8998,1e00921e7aa95831,43,9,80,81,100,100,0.19629629999399184,17.0,0.00970898799598217,0.13811205364763737,0.16604386225342752
phase9_prototype_bank_smooth_h200_seed43,prototype_bank_smooth,prototype_bank_smooth_3c5aca8998,1e00921e7aa95831,43,9,120,121,100,100,0.19629629999399184,17.0,0.007142799273133278,0.14368743553757668,0.17070831065997483
phase9_prototype_bank_smooth_h200_seed43,prototype_bank_smooth,prototype_bank_smooth_3c5aca8998,1e00921e7aa95831,43,9,160,161,100,100,0.19629629999399184,17.0,0.00535981498658657,0.14764210440218448,0.1723173452913761
phase9_prototype_bank_smooth_h200_seed44,prototype_bank_smooth,prototype_bank_smooth_3c5aca8998,1e00921e7aa95831,44,1,40,41,20,20,0.43981480598449707,87.5,0.04906971901655197,0.04906971901655197,0.15172969549894333
phase9_prototype_bank_smooth_h200_seed44,prototype_bank_smooth,prototype_bank_smooth_3c5aca8998,1e00921e7aa95831,44,1,80,81,20,20,0.43981480598449707,87.5,0.016175593435764312,0.0651046633720398,0.1570526286959648
phase9_prototype_bank_smooth_h200_seed44,prototype_bank_smooth,prototype_bank_smooth_3c5aca8998,1e00921e7aa95831,44,1,120,121,20,20,0.43981480598449707,87.5,0.005650082230567932,0.06785800755023956,0.14942653179168702
phase9_prototype_bank_smooth_h200_seed44,prototype_bank_smooth,prototype_bank_smooth_3c5aca8998,1e00921e7aa95831,44,1,160,161,20,20,0.43981480598449707,87.5,0.0032870516180992125,0.06723825484514237,0.14913503378629683
phase9_prototype_bank_smooth_h200_seed44,prototype_bank_smooth,prototype_bank_smooth_3c5aca8998,1e00921e7aa95831,44,2,40,41,30,30,0.39241622885068256,58.333333333333336,0.02513558566570282,0.058940359950065614,0.1267335409919421
phase9_prototype_bank_smooth_h200_seed44,prototype_bank_smooth,prototype_bank_smooth_3c5aca8998,1e00921e7aa95831,44,2,80,81,30,30,0.39241622885068256,58.333333333333336,0.012832925717035929,0.06497054000695547,0.12961381375789643
phase9_prototype_bank_smooth_h200_seed44,prototype_bank_smooth,prototype_bank_smooth_3c5aca8998,1e00921e7aa95831,44,2,120,121,30,30,0.39241622885068256,58.333333333333336,0.006569969654083252,0.06732313136259714,0.13042398144801456
phase9_prototype_bank_smooth_h200_seed44,prototype_bank_smooth,prototype_bank_smooth_3c5aca8998,1e00921e7aa95831,44,2,160,161,30,30,0.39241622885068256,58.333333333333336,0.0037121256192525227,0.06697330772876739,0.13022839526335397
phase9_prototype_bank_smooth_h200_seed44,prototype_bank_smooth,prototype_bank_smooth_3c5aca8998,1e00921e7aa95831,44,3,40,41,40,40,0.34650997817516327,43.25,0.01713721379637718,0.06092580109834671,0.12606932334601878
phase9_prototype_bank_smooth_h200_seed44,prototype_bank_smooth,prototype_bank_smooth_3c5aca8998,1e00921e7aa95831,44,3,80,81,40,40,0.34650997817516327,43.25,0.009339505434036255,0.06552191972732543,0.13039956241846085
phase9_prototype_bank_smooth_h200_seed44,prototype_bank_smooth,prototype_bank_smooth_3c5aca8998,1e00921e7aa95831,44,3,120,121,40,40,0.34650997817516327,43.25,0.005724672228097916,0.06900253668427467,0.13375291377305984
phase9_prototype_bank_smooth_h200_seed44,prototype_bank_smooth,prototype_bank_smooth_3c5aca8998,1e00921e7aa95831,44,3,160,161,40,40,0.34650997817516327,43.25,0.003661331534385681,0.0711670346558094,0.13678308576345444
phase9_prototype_bank_smooth_h200_seed44,prototype_bank_smooth,prototype_bank_smooth_3c5aca8998,1e00921e7aa95831,44,4,40,41,50,50,0.31077441573143005,34.6,0.019258790016174317,0.07289338529109955,0.14347439050674438
phase9_prototype_bank_smooth_h200_seed44,prototype_bank_smooth,prototype_bank_smooth_3c5aca8998,1e00921e7aa95831,44,4,80,81,50,50,0.31077441573143005,34.6,0.01048933207988739,0.08131571173667908,0.14746819645166398
phase9_prototype_bank_smooth_h200_seed44,prototype_bank_smooth,prototype_bank_smooth_3c5aca8998,1e00921e7aa95831,44,4,120,121,50,50,0.31077441573143005,34.6,0.006023324728012085,0.0857068133354187,0.14955152422189713
phase9_prototype_bank_smooth_h200_seed44,prototype_bank_smooth,prototype_bank_smooth_3c5aca8998,1e00921e7aa95831,44,4,160,161,50,50,0.31077441573143005,34.6,0.0037845873832702635,0.08802510380744934,0.150571132004261
phase9_prototype_bank_smooth_h200_seed44,prototype_bank_smooth,prototype_bank_smooth_3c5aca8998,1e00921e7aa95831,44,5,40,41,60,60,0.28549382587273914,29.166666666666668,0.016443510601917902,0.08350600774089495,0.1350820057094097
phase9_prototype_bank_smooth_h200_seed44,prototype_bank_smooth,prototype_bank_smooth_3c5aca8998,1e00921e7aa95831,44,5,80,81,60,60,0.28549382587273914,29.166666666666668,0.00947359080115954,0.09072095106045405,0.1423181635638078
phase9_prototype_bank_smooth_h200_seed44,prototype_bank_smooth,prototype_bank_smooth_3c5aca8998,1e00921e7aa95831,44,5,120,121,60,60,0.28549382587273914,29.166666666666668,0.006006308893362681,0.09514375825723012,0.14607280877729256
phase9_prototype_bank_smooth_h200_seed44,prototype_bank_smooth,prototype_bank_smooth_3c5aca8998,1e00921e7aa95831,44,5,160,161,60,60,0.28549382587273914,29.166666666666668,0.004060207804044088,0.09782697757085164,0.14974072612822056
phase9_prototype_bank_smooth_h200_seed44,prototype_bank_smooth,prototype_bank_smooth_3c5aca8998,1e00921e7aa95831,44,6,40,41,70,70,0.2566137569291251,24.714285714285715,0.010937118317399706,0.09128340716872896,0.12750150997723853
phase9_prototype_bank_smooth_h200_seed44,prototype_bank_smooth,prototype_bank_smooth_3c5aca8998,1e00921e7aa95831,44,6,80,81,70,70,0.2566137569291251,24.714285714285715,0.007186866019453321,0.09567929336002895,0.13453612178564073
phase9_prototype_bank_smooth_h200_seed44,prototype_bank_smooth,prototype_bank_smooth_3c5aca8998,1e00921e7aa95831,44,6,120,121,70,70,0.2566137569291251,24.714285714285715,0.005151065971170153,0.09876048543623515,0.13960657758372172
phase9_prototype_bank_smooth_h200_seed44,prototype_bank_smooth,prototype_bank_smooth_3c5aca8998,1e00921e7aa95831,44,6,160,161,70,70,0.2566137569291251,24.714285714285715,0.004199683027608054,0.10091209709644318,0.14212076302085605
phase9_prototype_bank_smooth_h200_seed44,prototype_bank_smooth,prototype_bank_smooth_3c5aca8998,1e00921e7aa95831,44,7,40,41,80,80,0.23801743052899837,21.75,0.013975008763372898,0.09463012591004372,0.12171469265595078
phase9_prototype_bank_smooth_h200_seed44,prototype_bank_smooth,prototype_bank_smooth_3c5aca8998,1e00921e7aa95831,44,7,80,81,80,80,0.23801743052899837,21.75,0.008846427127718926,0.09991453848779201,0.12836852446198463
phase9_prototype_bank_smooth_h200_seed44,prototype_bank_smooth,prototype_bank_smooth_3c5aca8998,1e00921e7aa95831,44,7,120,121,80,80,0.23801743052899837,21.75,0.005792180262506008,0.10359550807625055,0.13204962406307458
phase9_prototype_bank_smooth_h200_seed44,prototype_bank_smooth,prototype_bank_smooth_3c5aca8998,1e00921e7aa95831,44,7,160,161,80,80,0.23801743052899837,21.75,0.004222276248037815,0.10640008710324764,0.1348855177871883
phase9_prototype_bank_smooth_h200_seed44,prototype_bank_smooth,prototype_bank_smooth_3c5aca8998,1e00921e7aa95831,44,8,40,41,90,90,0.21810699502627054,19.22222222222222,0.013801436954074436,0.10261843303839366,0.12316634729504586
phase9_prototype_bank_smooth_h200_seed44,prototype_bank_smooth,prototype_bank_smooth_3c5aca8998,1e00921e7aa95831,44,8,80,81,90,90,0.21810699502627054,19.22222222222222,0.00864172163936827,0.10763765656285816,0.1283528285721938
phase9_prototype_bank_smooth_h200_seed44,prototype_bank_smooth,prototype_bank_smooth_3c5aca8998,1e00921e7aa95831,44,8,120,121,90,90,0.21810699502627054,19.22222222222222,0.006080916689501868,0.11156145797835457,0.1326640927957164
phase9_prototype_bank_smooth_h200_seed44,prototype_bank_smooth,prototype_bank_smooth_3c5aca8998,1e00921e7aa95831,44,8,160,161,90,90,0.21810699502627054,19.22222222222222,0.0044034464491738215,0.11413210597303179,0.13394095202287037
phase9_prototype_bank_smooth_h200_seed44,prototype_bank_smooth,prototype_bank_smooth_3c5aca8998,1e00921e7aa95831,44,9,40,41,100,100,0.19629629999399184,17.0,0.012409068271517753,0.10852169446647167,0.11859287668019533
phase9_prototype_bank_smooth_h200_seed44,prototype_bank_smooth,prototype_bank_smooth_3c5aca8998,1e00921e7aa95831,44,9,80,81,100,100,0.19629629999399184,17.0,0.008690661415457726,0.11419441536068917,0.12477912906557322
phase9_prototype_bank_smooth_h200_seed44,prototype_bank_smooth,prototype_bank_smooth_3c5aca8998,1e00921e7aa95831,44,9,120,121,100,100,0.19629629999399184,17.0,0.0062707092612981795,0.11838989056646824,0.12822190307080747
phase9_prototype_bank_smooth_h200_seed44,prototype_bank_smooth,prototype_bank_smooth_3c5aca8998,1e00921e7aa95831,44,9,160,161,100,100,0.19629629999399184,17.0,0.004974154680967331,0.1217383673042059,0.13060649689286946
