run_id,method,method_id,protocol_id,seed,step,group,scope,class_count,support,tp,accuracy
phase9_periodic_fixed_h200_seed42,periodic_fixed,periodic_fixed_fcd1241cf8,1e00921e7aa95831,42,0,old,test,0,,,
phase9_periodic_fixed_h200_seed42,periodic_fixed,periodic_fixed_fcd1241cf8,1e00921e7aa95831,42,0,new,test,10,500.0,390.0,0.78
phase9_periodic_fixed_h200_seed42,periodic_fixed,periodic_fixed_fcd1241cf8,1e00921e7aa95831,42,1,old,test,10,500.0,361.0,0.722
phase9_periodic_fixed_h200_seed42,periodic_fixed,periodic_fixed_fcd1241cf8,1e00921e7aa95831,42,1,new,test,10,500.0,312.0,0.624
phase9_periodic_fixed_h200_seed42,periodic_fixed,periodic_fixed_fcd1241cf8,1e00921e7aa95831,42,2,old,test,20,1000.0,740.0,0.74
phase9_periodic_fixed_h200_seed42,periodic_fixed,periodic_fixed_fcd1241cf8,1e00921e7aa95831,42,2,new,test,10,500.0,203.0,0.406
phase9_periodic_fixed_h200_seed42,periodic_fixed,periodic_fixed_fcd1241cf8,1e00921e7aa95831,42,3,old,test,30,1500.0,954.0,0.636
phase9_periodic_fixed_h200_seed42,periodic_fixed,periodic_fixed_fcd1241cf8,1e00921e7aa95831,42,3,new,test,10,500.0,289.0,0.578
phase9_periodic_fixed_h200_seed42,periodic_fixed,periodic_fixed_fcd1241cf8,1e00921e7aa95831,42,4,old,test,40,2000.0,1235.0,0.6175
phase9_periodic_fixed_h200_seed42,periodic_fixed,periodic_fixed_fcd1241cf8,1e00921e7aa95831,42,4,new,test,10,500.0,215.0,0.43
phase9_periodic_fixed_h200_seed42,periodic_fixed,periodic_fixed_fcd1241cf8,1e00921e7aa95831,42,5,old,test,50,2500.0,1426.0,0.5704
phase9_periodic_fixed_h200_seed42,periodic_fixed,periodic_fixed_fcd1241cf8,1e00921e7aa95831,42,5,new,test,10,500.0,218.0,0.436
phase9_periodic_fixed_h200_seed42,periodic_fixed,periodic_fixed_fcd1241cf8,1e00921e7aa95831,42,6,old,test,60,3000.0,1593.0,0.531
phase9_periodic_fixed_h200_seed42,periodic_fixed,periodic_fixed_fcd1241cf8,1e00921e7aa95831,42,6,new,test,10,500.0,126.0,0.252
phase9_periodic_fixed_h200_seed42,periodic_fixed,periodic_fixed_fcd1241cf8,1e00921e7aa95831,42,7,old,test,70,3500.0,1657.0,0.4734285714285714
phase9_periodic_fixed_h200_seed42,periodic_fixed,periodic_fixed_fcd1241cf8,1e00921e7aa95831,42,7,new,test,10,500.0,154.0,0.308
phase9_periodic_fixed_h200_seed42,periodic_fixed,periodic_fixed_fcd1241cf8,1e00921e7aa95831,42,8,old,test,80,4000.0,1809.0,0.45225
phase9_periodic_fixed_h200_seed42,periodic_fixed,periodic_fixed_fcd1241cf8,1e00921e7aa95831,42,8,new,test,10,500.0,141.0,0.282
phase9_periodic_fixed_h200_seed42,periodic_fixed,periodic_fixed_fcd1241cf8,1e00921e7aa95831,42,9,old,test,90,4500.0,1837.0,0.4082222222222222
phase9_periodic_fixed_h200_seed42,periodic_fixed,periodic_fixed_fcd1241cf8,1e00921e7aa95831,42,9,new,test,10,500.0,127.0,0.254
phase9_periodic_fixed_h200_seed43,periodic_fixed,periodic_fixed_fcd1241cf8,1e00921e7aa95831,43,0,old,test,0,,,
phase9_periodic_fixed_h200_seed43,periodic_fixed,periodic_fixed_fcd1241cf8,1e00921e7aa95831,43,0,new,test,10,500.0,385.0,0.77
phase9_periodic_fixed_h200_seed43,periodic_fixed,periodic_fixed_fcd1241cf8,1e00921e7aa95831,43,1,old,test,10,500.0,337.0,0.674
phase9_periodic_fixed_h200_seed43,periodic_fixed,periodic_fixed_fcd1241cf8,1e00921e7aa95831,43,1,new,test,10,500.0,344.0,0.688
phase9_periodic_fixed_h200_seed43,periodic_fixed,periodic_fixed_fcd1241cf8,1e00921e7aa95831,43,2,old,test,20,1000.0,727.0,0.727
phase9_periodic_fixed_h200_seed43,periodic_fixed,periodic_fixed_fcd1241cf8,1e00921e7aa95831,43,2,new,test,10,500.0,237.0,0.474
phase9_periodic_fixed_h200_seed43,periodic_fixed,periodic_fixed_fcd1241cf8,1e00921e7aa95831,43,3,old,test,30,1500.0,946.0,0.6306666666666667
phase9_periodic_fixed_h200_seed43,periodic_fixed,periodic_fixed_fcd1241cf8,1e00921e7aa95831,43,3,new,test,10,500.0,297.0,0.594
phase9_periodic_fixed_h200_seed43,periodic_fixed,periodic_fixed_fcd1241cf8,1e00921e7aa95831,43,4,old,test,40,2000.0,1227.0,0.6135
phase9_periodic_fixed_h200_seed43,periodic_fixed,periodic_fixed_fcd1241cf8,1e00921e7aa95831,43,4,new,test,10,500.0,240.0,0.48
phase9_periodic_fixed_h200_seed43,periodic_fixed,periodic_fixed_fcd1241cf8,1e00921e7aa95831,43,5,old,test,50,2500.0,1446.0,0.5784
phase9_periodic_fixed_h200_seed43,periodic_fixed,periodic_fixed_fcd1241cf8,1e00921e7aa95831,43,5,new,test,10,500.0,208.0,0.416
phase9_periodic_fixed_h200_seed43,periodic_fixed,periodic_fixed_fcd1241cf8,1e00921e7aa95831,43,6,old,test,60,3000.0,1612.0,0.5373333333333333
phase9_periodic_fixed_h200_seed43,periodic_fixed,periodic_fixed_fcd1241cf8,1e00921e7aa95831,43,6,new,test,10,500.0,158.0,0.316
phase9_periodic_fixed_h200_seed43,periodic_fixed,periodic_fixed_fcd1241cf8,1e00921e7aa95831,43,7,old,test,70,3500.0,1663.0,0.47514285714285714
phase9_periodic_fixed_h200_seed43,periodic_fixed,periodic_fixed_fcd1241cf8,1e00921e7aa95831,43,7,new,test,10,500.0,179.0,0.358
phase9_periodic_fixed_h200_seed43,periodic_fixed,periodic_fixed_fcd1241cf8,1e00921e7aa95831,43,8,old,test,80,4000.0,1819.0,0.45475
phase9_periodic_fixed_h200_seed43,periodic_fixed,periodic_fixed_fcd1241cf8,1e00921e7aa95831,43,8,new,test,10,500.0,142.0,0.284
phase9_periodic_fixed_h200_seed43,periodic_fixed,periodic_fixed_fcd1241cf8,1e00921e7aa95831,43,9,old,test,90,4500.0,1893.0,0.4206666666666667
phase9_periodic_fixed_h200_seed43,periodic_fixed,periodic_fixed_fcd1241cf8,1e00921e7aa95831,43,9,new,test,10,500.0,137.0,0.274
phase9_periodic_fixed_h200_seed44,periodic_fixed,periodic_fixed_fcd1241cf8,1e00921e7aa95831,44,0,old,test,0,,,
phase9_periodic_fixed_h200_seed44,periodic_fixed,periodic_fixed_fcd1241cf8,1e00921e7aa95831,44,0,new,test,10,500.0,379.0,0.758
phase9_periodic_fixed_h200_seed44,periodic_fixed,periodic_fixed_fcd1241cf8,1e00921e7aa95831,44,1,old,test,10,500.0,311.0,0.622
phase9_periodic_fixed_h200_seed44,periodic_fixed,periodic_fixed_fcd1241cf8,1e00921e7aa95831,44,1,new,test,10,500.0,341.0,0.682
phase9_periodic_fixed_h200_seed44,periodic_fixed,periodic_fixed_fcd1241cf8,1e00921e7aa95831,44,2,old,test,20,1000.0,716.0,0.716
phase9_periodic_fixed_h200_seed44,periodic_fixed,periodic_fixed_fcd1241cf8,1e00921e7aa95831,44,2,new,test,10,500.0,226.0,0.452
phase9_periodic_fixed_h200_seed44,periodic_fixed,periodic_fixed_fcd1241cf8,1e00921e7aa95831,44,3,old,test,30,1500.0,963.0,0.642
phase9_periodic_fixed_h200_seed44,periodic_fixed,periodic_fixed_fcd1241cf8,1e00921e7aa95831,44,3,new,test,10,500.0,291.0,0.582
phase9_periodic_fixed_h200_seed44,periodic_fixed,periodic_fixed_fcd1241cf8,1e00921e7aa95831,44,4,old,test,40,2000.0,1241.0,0.6205
phase9_periodic_fixed_h200_seed44,periodic_fixed,periodic_fixed_fcd1241cf8,1e00921e7aa95831,44,4,new,test,10,500.0,227.0,0.454
phase9_periodic_fixed_h200_seed44,periodic_fixed,periodic_fixed_fcd1241cf8,1e00921e7aa95831,44,5,old,test,50,2500.0,1426.0,0.5704
phase9_periodic_fixed_h200_seed44,periodic_fixed,periodic_fixed_fcd1241cf8,1e00921e7aa95831,44,5,new,test,10,500.0,235.0,0.47
phase9_periodic_fixed_h200_seed44,periodic_fixed,periodic_fixed_fcd1241cf8,1e00921e7aa95831,44,6,old,test,60,3000.0,1613.0,0.5376666666666666
phase9_periodic_fixed_h200_seed44,periodic_fixed,periodic_fixed_fcd1241cf8,1e00921e7aa95831,44,6,new,test,10,500.0,127.0,0.254
phase9_periodic_fixed_h200_seed44,periodic_fixed,periodic_fixed_fcd1241cf8,1e00921e7aa95831,44,7,old,test,70,3500.0,1672.0,0.4777142857142857
phase9_periodic_fixed_h200_seed44,periodic_fixed,periodic_fixed_fcd1241cf8,1e00921e7aa95831,44,7,new,test,10,500.0,165.0,0.33
phase9_periodic_fixed_h200_seed44,periodic_fixed,periodic_fixed_fcd1241cf8,1e00921e7aa95831,44,8,old,test,80,4000.0,1834.0,0.4585
phase9_periodic_fixed_h200_seed44,periodic_fixed,periodic_fixed_fcd1241cf8,1e00921e7aa95831,44,8,new,test,10,500.0,113.0,0.226
phase9_periodic_fixed_h200_seed44,periodic_fixed,periodic_fixed_fcd1241cf8,1e00921e7aa95831,44,9,old,test,90,4500.0,1887.0,0.41933333333333334
phase9_periodic_fixed_h200_seed44,periodic_fixed,periodic_fixed_fcd1241cf8,1e00921e7aa95831,44,9,new,test,10,500.0,130.0,0.26
phase9_periodic_sample_aware_h200_seed42,periodic_sample_aware,periodic_sample_aware_82d81884d2,1e00921e7aa95831,42,0,old,test,0,,,
phase9_periodic_sample_aware_h200_seed42,periodic_sample_aware,periodic_sample_aware_82d81884d2,1e00921e7aa95831,42,0,new,test,10,500.0,390.0,0.78
phase9_periodic_sample_aware_h200_seed42,periodic_sample_aware,periodic_sample_aware_82d81884d2,1e00921e7aa95831,42,1,old,test,10,500.0,362.0,0.724
phase9_periodic_sample_aware_h200_seed42,periodic_sample_aware,periodic_sample_aware_82d81884d2,1e00921e7aa95831,42,1,new,test,10,500.0,306.0,0.612
phase9_periodic_sample_aware_h200_seed42,periodic_sample_aware,periodic_sample_aware_82d81884d2,1e00921e7aa95831,42,2,old,test,20,1000.0,740.0,0.74
phase9_periodic_sample_aware_h200_seed42,periodic_sample_aware,periodic_sample_aware_82d81884d2,1e00921e7aa95831,42,2,new,test,10,500.0,203.0,0.406
phase9_periodic_sample_aware_h200_seed42,periodic_sample_aware,periodic_sample_aware_82d81884d2,1e00921e7aa95831,42,3,old,test,30,1500.0,967.0,0.6446666666666667
phase9_periodic_sample_aware_h200_seed42,periodic_sample_aware,periodic_sample_aware_82d81884d2,1e00921e7aa95831,42,3,new,test,10,500.0,290.0,0.58
phase9_periodic_sample_aware_h200_seed42,periodic_sample_aware,periodic_sample_aware_82d81884d2,1e00921e7aa95831,42,4,old,test,40,2000.0,1218.0,0.609
phase9_periodic_sample_aware_h200_seed42,periodic_sample_aware,periodic_sample_aware_82d81884d2,1e00921e7aa95831,42,4,new,test,10,500.0,242.0,0.484
phase9_periodic_sample_aware_h200_seed42,periodic_sample_aware,periodic_sample_aware_82d81884d2,1e00921e7aa95831,42,5,old,test,50,2500.0,1426.0,0.5704
phase9_periodic_sample_aware_h200_seed42,periodic_sample_aware,periodic_sample_aware_82d81884d2,1e00921e7aa95831,42,5,new,test,10,500.0,218.0,0.436
phase9_periodic_sample_aware_h200_seed42,periodic_sample_aware,periodic_sample_aware_82d81884d2,1e00921e7aa95831,42,6,old,test,60,3000.0,1604.0,0.5346666666666666
phase9_periodic_sample_aware_h200_seed42,periodic_sample_aware,periodic_sample_aware_82d81884d2,1e00921e7aa95831,42,6,new,test,10,500.0,147.0,0.294
phase9_periodic_sample_aware_h200_seed42,periodic_sample_aware,periodic_sample_aware_82d81884d2,1e00921e7aa95831,42,7,old,test,70,3500.0,1678.0,0.4794285714285714
phase9_periodic_sample_aware_h200_seed42,periodic_sample_aware,periodic_sample_aware_82d81884d2,1e00921e7aa95831,42,7,new,test,10,500.0,158.0,0.316
phase9_periodic_sample_aware_h200_seed42,periodic_sample_aware,periodic_sample_aware_82d81884d2,1e00921e7aa95831,42,8,old,test,80,4000.0,1847.0,0.46175
phase9_periodic_sample_aware_h200_seed42,periodic_sample_aware,periodic_sample_aware_82d81884d2,1e00921e7aa95831,42,8,new,test,10,500.0,113.0,0.226
phase9_periodic_sample_aware_h200_seed42,periodic_sample_aware,periodic_sample_aware_82d81884d2,1e00921e7aa95831,42,9,old,test,90,4500.0,1864.0,0.4142222222222222
phase9_periodic_sample_aware_h200_seed42,periodic_sample_aware,periodic_sample_aware_82d81884d2,1e00921e7aa95831,42,9,new,test,10,500.0,124.0,0.248
phase9_periodic_sample_aware_h200_seed43,periodic_sample_aware,periodic_sample_aware_82d81884d2,1e00921e7aa95831,43,0,old,test,0,,,
phase9_periodic_sample_aware_h200_seed43,periodic_sample_aware,periodic_sample_aware_82d81884d2,1e00921e7aa95831,43,0,new,test,10,500.0,385.0,0.77
phase9_periodic_sample_aware_h200_seed43,periodic_sample_aware,periodic_sample_aware_82d81884d2,1e00921e7aa95831,43,1,old,test,10,500.0,329.0,0.658
phase9_periodic_sample_aware_h200_seed43,periodic_sample_aware,periodic_sample_aware_82d81884d2,1e00921e7aa95831,43,1,new,test,10,500.0,353.0,0.706
phase9_periodic_sample_aware_h200_seed43,periodic_sample_aware,periodic_sample_aware_82d81884d2,1e00921e7aa95831,43,2,old,test,20,1000.0,724.0,0.724
phase9_periodic_sample_aware_h200_seed43,periodic_sample_aware,periodic_sample_aware_82d81884d2,1e00921e7aa95831,43,2,new,test,10,500.0,233.0,0.466
phase9_periodic_sample_aware_h200_seed43,periodic_sample_aware,periodic_sample_aware_82d81884d2,1e00921e7aa95831,43,3,old,test,30,1500.0,952.0,0.6346666666666667
phase9_periodic_sample_aware_h200_seed43,periodic_sample_aware,periodic_sample_aware_82d81884d2,1e00921e7aa95831,43,3,new,test,10,500.0,301.0,0.602
phase9_periodic_sample_aware_h200_seed43,periodic_sample_aware,periodic_sample_aware_82d81884d2,1e00921e7aa95831,43,4,old,test,40,2000.0,1223.0,0.6115
phase9_periodic_sample_aware_h200_seed43,periodic_sample_aware,periodic_sample_aware_82d81884d2,1e00921e7aa95831,43,4,new,test,10,500.0,224.0,0.448
phase9_periodic_sample_aware_h200_seed43,periodic_sample_aware,periodic_sample_aware_82d81884d2,1e00921e7aa95831,43,5,old,test,50,2500.0,1443.0,0.5772
phase9_periodic_sample_aware_h200_seed43,periodic_sample_aware,periodic_sample_aware_82d81884d2,1e00921e7aa95831,43,5,new,test,10,500.0,221.0,0.442
phase9_periodic_sample_aware_h200_seed43,periodic_sample_aware,periodic_sample_aware_82d81884d2,1e00921e7aa95831,43,6,old,test,60,3000.0,1628.0,0.5426666666666666
phase9_periodic_sample_aware_h200_seed43,periodic_sample_aware,periodic_sample_aware_82d81884d2,1e00921e7aa95831,43,6,new,test,10,500.0,146.0,0.292
phase9_periodic_sample_aware_h200_seed43,periodic_sample_aware,periodic_sample_aware_82d81884d2,1e00921e7aa95831,43,7,old,test,70,3500.0,1667.0,0.4762857142857143
phase9_periodic_sample_aware_h200_seed43,periodic_sample_aware,periodic_sample_aware_82d81884d2,1e00921e7aa95831,43,7,new,test,10,500.0,169.0,0.338
phase9_periodic_sample_aware_h200_seed43,periodic_sample_aware,periodic_sample_aware_82d81884d2,1e00921e7aa95831,43,8,old,test,80,4000.0,1793.0,0.44825
phase9_periodic_sample_aware_h200_seed43,periodic_sample_aware,periodic_sample_aware_82d81884d2,1e00921e7aa95831,43,8,new,test,10,500.0,160.0,0.32
phase9_periodic_sample_aware_h200_seed43,periodic_sample_aware,periodic_sample_aware_82d81884d2,1e00921e7aa95831,43,9,old,test,90,4500.0,1900.0,0.4222222222222222
phase9_periodic_sample_aware_h200_seed43,periodic_sample_aware,periodic_sample_aware_82d81884d2,1e00921e7aa95831,43,9,new,test,10,500.0,142.0,0.284
phase9_periodic_sample_aware_h200_seed44,periodic_sample_aware,periodic_sample_aware_82d81884d2,1e00921e7aa95831,44,0,old,test,0,,,
phase9_periodic_sample_aware_h200_seed44,periodic_sample_aware,periodic_sample_aware_82d81884d2,1e00921e7aa95831,44,0,new,test,10,500.0,379.0,0.758
phase9_periodic_sample_aware_h200_seed44,periodic_sample_aware,periodic_sample_aware_82d81884d2,1e00921e7aa95831,44,1,old,test,10,500.0,313.0,0.626
phase9_periodic_sample_aware_h200_seed44,periodic_sample_aware,periodic_sample_aware_82d81884d2,1e00921e7aa95831,44,1,new,test,10,500.0,327.0,0.654
phase9_periodic_sample_aware_h200_seed44,periodic_sample_aware,periodic_sample_aware_82d81884d2,1e00921e7aa95831,44,2,old,test,20,1000.0,725.0,0.725
phase9_periodic_sample_aware_h200_seed44,periodic_sample_aware,periodic_sample_aware_82d81884d2,1e00921e7aa95831,44,2,new,test,10,500.0,222.0,0.444
phase9_periodic_sample_aware_h200_seed44,periodic_sample_aware,periodic_sample_aware_82d81884d2,1e00921e7aa95831,44,3,old,test,30,1500.0,954.0,0.636
phase9_periodic_sample_aware_h200_seed44,periodic_sample_aware,periodic_sample_aware_82d81884d2,1e00921e7aa95831,44,3,new,test,10,500.0,306.0,0.612
phase9_periodic_sample_aware_h200_seed44,periodic_sample_aware,periodic_sample_aware_82d81884d2,1e00921e7aa95831,44,4,old,test,40,2000.0,1269.0,0.6345
phase9_periodic_sample_aware_h200_seed44,periodic_sample_aware,periodic_sample_aware_82d81884d2,1e00921e7aa95831,44,4,new,test,10,500.0,231.0,0.462
phase9_periodic_sample_aware_h200_seed44,periodic_sample_aware,periodic_sample_aware_82d81884d2,1e00921e7aa95831,44,5,old,test,50,2500.0,1445.0,0.578
phase9_periodic_sample_aware_h200_seed44,periodic_sample_aware,periodic_sample_aware_82d81884d2,1e00921e7aa95831,44,5,new,test,10,500.0,216.0,0.432
phase9_periodic_sample_aware_h200_seed44,periodic_sample_aware,periodic_sample_aware_82d81884d2,1e00921e7aa95831,44,6,old,test,60,3000.0,1630.0,0.5433333333333333
phase9_periodic_sample_aware_h200_seed44,periodic_sample_aware,periodic_sample_aware_82d81884d2,1e00921e7aa95831,44,6,new,test,10,500.0,144.0,0.288
phase9_periodic_sample_aware_h200_seed44,periodic_sample_aware,periodic_sample_aware_82d81884d2,1e00921e7aa95831,44,7,old,test,70,3500.0,1695.0,0.48428571428571426
phase9_periodic_sample_aware_h200_seed44,periodic_sample_aware,periodic_sample_aware_82d81884d2,1e00921e7aa95831,44,7,new,test,10,500.0,175.0,0.35
phase9_periodic_sample_aware_h200_seed44,periodic_sample_aware,periodic_sample_aware_82d81884d2,1e00921e7aa95831,44,8,old,test,80,4000.0,1836.0,0.459
phase9_periodic_sample_aware_h200_seed44,periodic_sample_aware,periodic_sample_aware_82d81884d2,1e00921e7aa95831,44,8,new,test,10,500.0,143.0,0.286
phase9_periodic_sample_aware_h200_seed44,periodic_sample_aware,periodic_sample_aware_82d81884d2,1e00921e7aa95831,44,9,old,test,90,4500.0,1923.0,0.42733333333333334
phase9_periodic_sample_aware_h200_seed44,periodic_sample_aware,periodic_sample_aware_82d81884d2,1e00921e7aa95831,44,9,new,test,10,500.0,121.0,0.242
phase9_prototype_bank_direct_h200_seed42,prototype_bank_direct,prototype_bank_direct_fab4198909,1e00921e7aa95831,42,0,old,test,0,,,
phase9_prototype_bank_direct_h200_seed42,prototype_bank_direct,prototype_bank_direct_fab4198909,1e00921e7aa95831,42,0,new,test,10,500.0,390.0,0.78
phase9_prototype_bank_direct_h200_seed42,prototype_bank_direct,prototype_bank_direct_fab4198909,1e00921e7aa95831,42,1,old,test,10,500.0,358.0,0.716
phase9_prototype_bank_direct_h200_seed42,prototype_bank_direct,prototype_bank_direct_fab4198909,1e00921e7aa95831,42,1,new,test,10,500.0,328.0,0.656
phase9_prototype_bank_direct_h200_seed42,prototype_bank_direct,prototype_bank_direct_fab4198909,1e00921e7aa95831,42,2,old,test,20,1000.0,738.0,0.738
phase9_prototype_bank_direct_h200_seed42,prototype_bank_direct,prototype_bank_direct_fab4198909,1e00921e7aa95831,42,2,new,test,10,500.0,196.0,0.392
phase9_prototype_bank_direct_h200_seed42,prototype_bank_direct,prototype_bank_direct_fab4198909,1e00921e7aa95831,42,3,old,test,30,1500.0,942.0,0.628
phase9_prototype_bank_direct_h200_seed42,prototype_bank_direct,prototype_bank_direct_fab4198909,1e00921e7aa95831,42,3,new,test,10,500.0,283.0,0.566
phase9_prototype_bank_direct_h200_seed42,prototype_bank_direct,prototype_bank_direct_fab4198909,1e00921e7aa95831,42,4,old,test,40,2000.0,1217.0,0.6085
phase9_prototype_bank_direct_h200_seed42,prototype_bank_direct,prototype_bank_direct_fab4198909,1e00921e7aa95831,42,4,new,test,10,500.0,220.0,0.44
phase9_prototype_bank_direct_h200_seed42,prototype_bank_direct,prototype_bank_direct_fab4198909,1e00921e7aa95831,42,5,old,test,50,2500.0,1422.0,0.5688
phase9_prototype_bank_direct_h200_seed42,prototype_bank_direct,prototype_bank_direct_fab4198909,1e00921e7aa95831,42,5,new,test,10,500.0,238.0,0.476
phase9_prototype_bank_direct_h200_seed42,prototype_bank_direct,prototype_bank_direct_fab4198909,1e00921e7aa95831,42,6,old,test,60,3000.0,1596.0,0.532
phase9_prototype_bank_direct_h200_seed42,prototype_bank_direct,prototype_bank_direct_fab4198909,1e00921e7aa95831,42,6,new,test,10,500.0,142.0,0.284
phase9_prototype_bank_direct_h200_seed42,prototype_bank_direct,prototype_bank_direct_fab4198909,1e00921e7aa95831,42,7,old,test,70,3500.0,1686.0,0.4817142857142857
phase9_prototype_bank_direct_h200_seed42,prototype_bank_direct,prototype_bank_direct_fab4198909,1e00921e7aa95831,42,7,new,test,10,500.0,172.0,0.344
phase9_prototype_bank_direct_h200_seed42,prototype_bank_direct,prototype_bank_direct_fab4198909,1e00921e7aa95831,42,8,old,test,80,4000.0,1822.0,0.4555
phase9_prototype_bank_direct_h200_seed42,prototype_bank_direct,prototype_bank_direct_fab4198909,1e00921e7aa95831,42,8,new,test,10,500.0,139.0,0.278
phase9_prototype_bank_direct_h200_seed42,prototype_bank_direct,prototype_bank_direct_fab4198909,1e00921e7aa95831,42,9,old,test,90,4500.0,1832.0,0.4071111111111111
phase9_prototype_bank_direct_h200_seed42,prototype_bank_direct,prototype_bank_direct_fab4198909,1e00921e7aa95831,42,9,new,test,10,500.0,125.0,0.25
phase9_prototype_bank_direct_h200_seed43,prototype_bank_direct,prototype_bank_direct_fab4198909,1e00921e7aa95831,43,0,old,test,0,,,
phase9_prototype_bank_direct_h200_seed43,prototype_bank_direct,prototype_bank_direct_fab4198909,1e00921e7aa95831,43,0,new,test,10,500.0,385.0,0.77
phase9_prototype_bank_direct_h200_seed43,prototype_bank_direct,prototype_bank_direct_fab4198909,1e00921e7aa95831,43,1,old,test,10,500.0,315.0,0.63
phase9_prototype_bank_direct_h200_seed43,prototype_bank_direct,prototype_bank_direct_fab4198909,1e00921e7aa95831,43,1,new,test,10,500.0,360.0,0.72
phase9_prototype_bank_direct_h200_seed43,prototype_bank_direct,prototype_bank_direct_fab4198909,1e00921e7aa95831,43,2,old,test,20,1000.0,725.0,0.725
phase9_prototype_bank_direct_h200_seed43,prototype_bank_direct,prototype_bank_direct_fab4198909,1e00921e7aa95831,43,2,new,test,10,500.0,238.0,0.476
phase9_prototype_bank_direct_h200_seed43,prototype_bank_direct,prototype_bank_direct_fab4198909,1e00921e7aa95831,43,3,old,test,30,1500.0,957.0,0.638
phase9_prototype_bank_direct_h200_seed43,prototype_bank_direct,prototype_bank_direct_fab4198909,1e00921e7aa95831,43,3,new,test,10,500.0,282.0,0.564
phase9_prototype_bank_direct_h200_seed43,prototype_bank_direct,prototype_bank_direct_fab4198909,1e00921e7aa95831,43,4,old,test,40,2000.0,1225.0,0.6125
phase9_prototype_bank_direct_h200_seed43,prototype_bank_direct,prototype_bank_direct_fab4198909,1e00921e7aa95831,43,4,new,test,10,500.0,220.0,0.44
phase9_prototype_bank_direct_h200_seed43,prototype_bank_direct,prototype_bank_direct_fab4198909,1e00921e7aa95831,43,5,old,test,50,2500.0,1429.0,0.5716
phase9_prototype_bank_direct_h200_seed43,prototype_bank_direct,prototype_bank_direct_fab4198909,1e00921e7aa95831,43,5,new,test,10,500.0,226.0,0.452
phase9_prototype_bank_direct_h200_seed43,prototype_bank_direct,prototype_bank_direct_fab4198909,1e00921e7aa95831,43,6,old,test,60,3000.0,1600.0,0.5333333333333333
phase9_prototype_bank_direct_h200_seed43,prototype_bank_direct,prototype_bank_direct_fab4198909,1e00921e7aa95831,43,6,new,test,10,500.0,148.0,0.296
phase9_prototype_bank_direct_h200_seed43,prototype_bank_direct,prototype_bank_direct_fab4198909,1e00921e7aa95831,43,7,old,test,70,3500.0,1675.0,0.4785714285714286
phase9_prototype_bank_direct_h200_seed43,prototype_bank_direct,prototype_bank_direct_fab4198909,1e00921e7aa95831,43,7,new,test,10,500.0,151.0,0.302
phase9_prototype_bank_direct_h200_seed43,prototype_bank_direct,prototype_bank_direct_fab4198909,1e00921e7aa95831,43,8,old,test,80,4000.0,1813.0,0.45325
phase9_prototype_bank_direct_h200_seed43,prototype_bank_direct,prototype_bank_direct_fab4198909,1e00921e7aa95831,43,8,new,test,10,500.0,147.0,0.294
phase9_prototype_bank_direct_h200_seed43,prototype_bank_direct,prototype_bank_direct_fab4198909,1e00921e7aa95831,43,9,old,test,90,4500.0,1901.0,0.42244444444444446
phase9_prototype_bank_direct_h200_seed43,prototype_bank_direct,prototype_bank_direct_fab4198909,1e00921e7aa95831,43,9,new,test,10,500.0,113.0,0.226
phase9_prototype_bank_direct_h200_seed44,prototype_bank_direct,prototype_bank_direct_fab4198909,1e00921e7aa95831,44,0,old,test,0,,,
phase9_prototype_bank_direct_h200_seed44,prototype_bank_direct,prototype_bank_direct_fab4198909,1e00921e7aa95831,44,0,new,test,10,500.0,379.0,0.758
phase9_prototype_bank_direct_h200_seed44,prototype_bank_direct,prototype_bank_direct_fab4198909,1e00921e7aa95831,44,1,old,test,10,500.0,307.0,0.614
phase9_prototype_bank_direct_h200_seed44,prototype_bank_direct,prototype_bank_direct_fab4198909,1e00921e7aa95831,44,1,new,test,10,500.0,329.0,0.658
phase9_prototype_bank_direct_h200_seed44,prototype_bank_direct,prototype_bank_direct_fab4198909,1e00921e7aa95831,44,2,old,test,20,1000.0,722.0,0.722
phase9_prototype_bank_direct_h200_seed44,prototype_bank_direct,prototype_bank_direct_fab4198909,1e00921e7aa95831,44,2,new,test,10,500.0,238.0,0.476
phase9_prototype_bank_direct_h200_seed44,prototype_bank_direct,prototype_bank_direct_fab4198909,1e00921e7aa95831,44,3,old,test,30,1500.0,956.0,0.6373333333333333
phase9_prototype_bank_direct_h200_seed44,prototype_bank_direct,prototype_bank_direct_fab4198909,1e00921e7aa95831,44,3,new,test,10,500.0,303.0,0.606
phase9_prototype_bank_direct_h200_seed44,prototype_bank_direct,prototype_bank_direct_fab4198909,1e00921e7aa95831,44,4,old,test,40,2000.0,1231.0,0.6155
phase9_prototype_bank_direct_h200_seed44,prototype_bank_direct,prototype_bank_direct_fab4198909,1e00921e7aa95831,44,4,new,test,10,500.0,237.0,0.474
phase9_prototype_bank_direct_h200_seed44,prototype_bank_direct,prototype_bank_direct_fab4198909,1e00921e7aa95831,44,5,old,test,50,2500.0,1425.0,0.57
phase9_prototype_bank_direct_h200_seed44,prototype_bank_direct,prototype_bank_direct_fab4198909,1e00921e7aa95831,44,5,new,test,10,500.0,214.0,0.428
phase9_prototype_bank_direct_h200_seed44,prototype_bank_direct,prototype_bank_direct_fab4198909,1e00921e7aa95831,44,6,old,test,60,3000.0,1615.0,0.5383333333333333
phase9_prototype_bank_direct_h200_seed44,prototype_bank_direct,prototype_bank_direct_fab4198909,1e00921e7aa95831,44,6,new,test,10,500.0,134.0,0.268
phase9_prototype_bank_direct_h200_seed44,prototype_bank_direct,prototype_bank_direct_fab4198909,1e00921e7aa95831,44,7,old,test,70,3500.0,1667.0,0.4762857142857143
phase9_prototype_bank_direct_h200_seed44,prototype_bank_direct,prototype_bank_direct_fab4198909,1e00921e7aa95831,44,7,new,test,10,500.0,171.0,0.342
phase9_prototype_bank_direct_h200_seed44,prototype_bank_direct,prototype_bank_direct_fab4198909,1e00921e7aa95831,44,8,old,test,80,4000.0,1837.0,0.45925
phase9_prototype_bank_direct_h200_seed44,prototype_bank_direct,prototype_bank_direct_fab4198909,1e00921e7aa95831,44,8,new,test,10,500.0,116.0,0.232
phase9_prototype_bank_direct_h200_seed44,prototype_bank_direct,prototype_bank_direct_fab4198909,1e00921e7aa95831,44,9,old,test,90,4500.0,1912.0,0.42488888888888887
phase9_prototype_bank_direct_h200_seed44,prototype_bank_direct,prototype_bank_direct_fab4198909,1e00921e7aa95831,44,9,new,test,10,500.0,110.0,0.22
phase9_prototype_bank_smooth_h200_seed42,prototype_bank_smooth,prototype_bank_smooth_3c5aca8998,1e00921e7aa95831,42,0,old,test,0,,,
phase9_prototype_bank_smooth_h200_seed42,prototype_bank_smooth,prototype_bank_smooth_3c5aca8998,1e00921e7aa95831,42,0,new,test,10,500.0,390.0,0.78
phase9_prototype_bank_smooth_h200_seed42,prototype_bank_smooth,prototype_bank_smooth_3c5aca8998,1e00921e7aa95831,42,1,old,test,10,500.0,354.0,0.708
phase9_prototype_bank_smooth_h200_seed42,prototype_bank_smooth,prototype_bank_smooth_3c5aca8998,1e00921e7aa95831,42,1,new,test,10,500.0,314.0,0.628
phase9_prototype_bank_smooth_h200_seed42,prototype_bank_smooth,prototype_bank_smooth_3c5aca8998,1e00921e7aa95831,42,2,old,test,20,1000.0,727.0,0.727
phase9_prototype_bank_smooth_h200_seed42,prototype_bank_smooth,prototype_bank_smooth_3c5aca8998,1e00921e7aa95831,42,2,new,test,10,500.0,205.0,0.41
phase9_prototype_bank_smooth_h200_seed42,prototype_bank_smooth,prototype_bank_smooth_3c5aca8998,1e00921e7aa95831,42,3,old,test,30,1500.0,955.0,0.6366666666666667
phase9_prototype_bank_smooth_h200_seed42,prototype_bank_smooth,prototype_bank_smooth_3c5aca8998,1e00921e7aa95831,42,3,new,test,10,500.0,281.0,0.562
phase9_prototype_bank_smooth_h200_seed42,prototype_bank_smooth,prototype_bank_smooth_3c5aca8998,1e00921e7aa95831,42,4,old,test,40,2000.0,1232.0,0.616
phase9_prototype_bank_smooth_h200_seed42,prototype_bank_smooth,prototype_bank_smooth_3c5aca8998,1e00921e7aa95831,42,4,new,test,10,500.0,226.0,0.452
phase9_prototype_bank_smooth_h200_seed42,prototype_bank_smooth,prototype_bank_smooth_3c5aca8998,1e00921e7aa95831,42,5,old,test,50,2500.0,1440.0,0.576
phase9_prototype_bank_smooth_h200_seed42,prototype_bank_smooth,prototype_bank_smooth_3c5aca8998,1e00921e7aa95831,42,5,new,test,10,500.0,209.0,0.418
phase9_prototype_bank_smooth_h200_seed42,prototype_bank_smooth,prototype_bank_smooth_3c5aca8998,1e00921e7aa95831,42,6,old,test,60,3000.0,1614.0,0.538
phase9_prototype_bank_smooth_h200_seed42,prototype_bank_smooth,prototype_bank_smooth_3c5aca8998,1e00921e7aa95831,42,6,new,test,10,500.0,130.0,0.26
phase9_prototype_bank_smooth_h200_seed42,prototype_bank_smooth,prototype_bank_smooth_3c5aca8998,1e00921e7aa95831,42,7,old,test,70,3500.0,1673.0,0.478
phase9_prototype_bank_smooth_h200_seed42,prototype_bank_smooth,prototype_bank_smooth_3c5aca8998,1e00921e7aa95831,42,7,new,test,10,500.0,154.0,0.308
phase9_prototype_bank_smooth_h200_seed42,prototype_bank_smooth,prototype_bank_smooth_3c5aca8998,1e00921e7aa95831,42,8,old,test,80,4000.0,1847.0,0.46175
phase9_prototype_bank_smooth_h200_seed42,prototype_bank_smooth,prototype_bank_smooth_3c5aca8998,1e00921e7aa95831,42,8,new,test,10,500.0,140.0,0.28
phase9_prototype_bank_smooth_h200_seed42,prototype_bank_smooth,prototype_bank_smooth_3c5aca8998,1e00921e7aa95831,42,9,old,test,90,4500.0,1872.0,0.416
phase9_prototype_bank_smooth_h200_seed42,prototype_bank_smooth,prototype_bank_smooth_3c5aca8998,1e00921e7aa95831,42,9,new,test,10,500.0,114.0,0.228
phase9_prototype_bank_smooth_h200_seed43,prototype_bank_smooth,prototype_bank_smooth_3c5aca8998,1e00921e7aa95831,43,0,old,test,0,,,
phase9_prototype_bank_smooth_h200_seed43,prototype_bank_smooth,prototype_bank_smooth_3c5aca8998,1e00921e7aa95831,43,0,new,test,10,500.0,385.0,0.77
phase9_prototype_bank_smooth_h200_seed43,prototype_bank_smooth,prototype_bank_smooth_3c5aca8998,1e00921e7aa95831,43,1,old,test,10,500.0,332.0,0.664
phase9_prototype_bank_smooth_h200_seed43,prototype_bank_smooth,prototype_bank_smooth_3c5aca8998,1e00921e7aa95831,43,1,new,test,10,500.0,353.0,0.706
phase9_prototype_bank_smooth_h200_seed43,prototype_bank_smooth,prototype_bank_smooth_3c5aca8998,1e00921e7aa95831,43,2,old,test,20,1000.0,725.0,0.725
phase9_prototype_bank_smooth_h200_seed43,prototype_bank_smooth,prototype_bank_smooth_3c5aca8998,1e00921e7aa95831,43,2,new,test,10,500.0,225.0,0.45
phase9_prototype_bank_smooth_h200_seed43,prototype_bank_smooth,prototype_bank_smooth_3c5aca8998,1e00921e7aa95831,43,3,old,test,30,1500.0,954.0,0.636
phase9_prototype_bank_smooth_h200_seed43,prototype_bank_smooth,prototype_bank_smooth_3c5aca8998,1e00921e7aa95831,43,3,new,test,10,500.0,285.0,0.57
phase9_prototype_bank_smooth_h200_seed43,prototype_bank_smooth,prototype_bank_smooth_3c5aca8998,1e00921e7aa95831,43,4,old,test,40,2000.0,1231.0,0.6155
phase9_prototype_bank_smooth_h200_seed43,prototype_bank_smooth,prototype_bank_smooth_3c5aca8998,1e00921e7aa95831,43,4,new,test,10,500.0,230.0,0.46
phase9_prototype_bank_smooth_h200_seed43,prototype_bank_smooth,prototype_bank_smooth_3c5aca8998,1e00921e7aa95831,43,5,old,test,50,2500.0,1413.0,0.5652
phase9_prototype_bank_smooth_h200_seed43,prototype_bank_smooth,prototype_bank_smooth_3c5aca8998,1e00921e7aa95831,43,5,new,test,10,500.0,215.0,0.43
phase9_prototype_bank_smooth_h200_seed43,prototype_bank_smooth,prototype_bank_smooth_3c5aca8998,1e00921e7aa95831,43,6,old,test,60,3000.0,1615.0,0.5383333333333333
phase9_prototype_bank_smooth_h200_seed43,prototype_bank_smooth,prototype_bank_smooth_3c5aca8998,1e00921e7aa95831,43,6,new,test,10,500.0,142.0,0.284
phase9_prototype_bank_smooth_h200_seed43,prototype_bank_smooth,prototype_bank_smooth_3c5aca8998,1e00921e7aa95831,43,7,old,test,70,3500.0,1667.0,0.4762857142857143
phase9_prototype_bank_smooth_h200_seed43,prototype_bank_smooth,prototype_bank_smooth_3c5aca8998,1e00921e7aa95831,43,7,new,test,10,500.0,177.0,0.354
phase9_prototype_bank_smooth_h200_seed43,prototype_bank_smooth,prototype_bank_smooth_3c5aca8998,1e00921e7aa95831,43,8,old,test,80,4000.0,1851.0,0.46275
phase9_prototype_bank_smooth_h200_seed43,prototype_bank_smooth,prototype_bank_smooth_3c5aca8998,1e00921e7aa95831,43,8,new,test,10,500.0,112.0,0.224
phase9_prototype_bank_smooth_h200_seed43,prototype_bank_smooth,prototype_bank_smooth_3c5aca8998,1e00921e7aa95831,43,9,old,test,90,4500.0,1918.0,0.4262222222222222
phase9_prototype_bank_smooth_h200_seed43,prototype_bank_smooth,prototype_bank_smooth_3c5aca8998,1e00921e7aa95831,43,9,new,test,10,500.0,140.0,0.28
phase9_prototype_bank_smooth_h200_seed44,prototype_bank_smooth,prototype_bank_smooth_3c5aca8998,1e00921e7aa95831,44,0,old,test,0,,,
phase9_prototype_bank_smooth_h200_seed44,prototype_bank_smooth,prototype_bank_smooth_3c5aca8998,1e00921e7aa95831,44,0,new,test,10,500.0,379.0,0.758
phase9_prototype_bank_smooth_h200_seed44,prototype_bank_smooth,prototype_bank_smooth_3c5aca8998,1e00921e7aa95831,44,1,old,test,10,500.0,310.0,0.62
phase9_prototype_bank_smooth_h200_seed44,prototype_bank_smooth,prototype_bank_smooth_3c5aca8998,1e00921e7aa95831,44,1,new,test,10,500.0,329.0,0.658
phase9_prototype_bank_smooth_h200_seed44,prototype_bank_smooth,prototype_bank_smooth_3c5aca8998,1e00921e7aa95831,44,2,old,test,20,1000.0,722.0,0.722
phase9_prototype_bank_smooth_h200_seed44,prototype_bank_smooth,prototype_bank_smooth_3c5aca8998,1e00921e7aa95831,44,2,new,test,10,500.0,224.0,0.448
phase9_prototype_bank_smooth_h200_seed44,prototype_bank_smooth,prototype_bank_smooth_3c5aca8998,1e00921e7aa95831,44,3,old,test,30,1500.0,963.0,0.642
phase9_prototype_bank_smooth_h200_seed44,prototype_bank_smooth,prototype_bank_smooth_3c5aca8998,1e00921e7aa95831,44,3,new,test,10,500.0,294.0,0.588
phase9_prototype_bank_smooth_h200_seed44,prototype_bank_smooth,prototype_bank_smooth_3c5aca8998,1e00921e7aa95831,44,4,old,test,40,2000.0,1258.0,0.629
phase9_prototype_bank_smooth_h200_seed44,prototype_bank_smooth,prototype_bank_smooth_3c5aca8998,1e00921e7aa95831,44,4,new,test,10,500.0,230.0,0.46
phase9_prototype_bank_smooth_h200_seed44,prototype_bank_smooth,prototype_bank_smooth_3c5aca8998,1e00921e7aa95831,44,5,old,test,50,2500.0,1447.0,0.5788
phase9_prototype_bank_smooth_h200_seed44,prototype_bank_smooth,prototype_bank_smooth_3c5aca8998,1e00921e7aa95831,44,5,new,test,10,500.0,232.0,0.464
phase9_prototype_bank_smooth_h200_seed44,prototype_bank_smooth,prototype_bank_smooth_3c5aca8998,1e00921e7aa95831,44,6,old,test,60,3000.0,1642.0,0.5473333333333333
phase9_prototype_bank_smooth_h200_seed44,prototype_bank_smooth,prototype_bank_smooth_3c5aca8998,1e00921e7aa95831,44,6,new,test,10,500.0,133.0,0.266
phase9_prototype_bank_smooth_h200_seed44,prototype_bank_smooth,prototype_bank_smooth_3c5aca8998,1e00921e7aa95831,44,7,old,test,70,3500.0,1689.0,0.4825714285714286
phase9_prototype_bank_smooth_h200_seed44,prototype_bank_smooth,prototype_bank_smooth_3c5aca8998,1e00921e7aa95831,44,7,new,test,10,500.0,176.0,0.352
phase9_prototype_bank_smooth_h200_seed44,prototype_bank_smooth,prototype_bank_smooth_3c5aca8998,1e00921e7aa95831,44,8,old,test,80,4000.0,1830.0,0.4575
phase9_prototype_bank_smooth_h200_seed44,prototype_bank_smooth,prototype_bank_smooth_3c5aca8998,1e00921e7aa95831,44,8,new,test,10,500.0,114.0,0.228
phase9_prototype_bank_smooth_h200_seed44,prototype_bank_smooth,prototype_bank_smooth_3c5aca8998,1e00921e7aa95831,44,9,old,test,90,4500.0,1891.0,0.4202222222222222
phase9_prototype_bank_smooth_h200_seed44,prototype_bank_smooth,prototype_bank_smooth_3c5aca8998,1e00921e7aa95831,44,9,new,test,10,500.0,125.0,0.25
phase9_uniform_cl_history_h200_seed42,uniform,uniform_346b7ea417,1e00921e7aa95831,42,0,old,test,0,,,
phase9_uniform_cl_history_h200_seed42,uniform,uniform_346b7ea417,1e00921e7aa95831,42,0,new,test,10,500.0,390.0,0.78
phase9_uniform_cl_history_h200_seed42,uniform,uniform_346b7ea417,1e00921e7aa95831,42,1,old,test,10,500.0,355.0,0.71
phase9_uniform_cl_history_h200_seed42,uniform,uniform_346b7ea417,1e00921e7aa95831,42,1,new,test,10,500.0,315.0,0.63
phase9_uniform_cl_history_h200_seed42,uniform,uniform_346b7ea417,1e00921e7aa95831,42,2,old,test,20,1000.0,727.0,0.727
phase9_uniform_cl_history_h200_seed42,uniform,uniform_346b7ea417,1e00921e7aa95831,42,2,new,test,10,500.0,211.0,0.422
phase9_uniform_cl_history_h200_seed42,uniform,uniform_346b7ea417,1e00921e7aa95831,42,3,old,test,30,1500.0,975.0,0.65
phase9_uniform_cl_history_h200_seed42,uniform,uniform_346b7ea417,1e00921e7aa95831,42,3,new,test,10,500.0,257.0,0.514
phase9_uniform_cl_history_h200_seed42,uniform,uniform_346b7ea417,1e00921e7aa95831,42,4,old,test,40,2000.0,1267.0,0.6335
phase9_uniform_cl_history_h200_seed42,uniform,uniform_346b7ea417,1e00921e7aa95831,42,4,new,test,10,500.0,228.0,0.456
phase9_uniform_cl_history_h200_seed42,uniform,uniform_346b7ea417,1e00921e7aa95831,42,5,old,test,50,2500.0,1452.0,0.5808
phase9_uniform_cl_history_h200_seed42,uniform,uniform_346b7ea417,1e00921e7aa95831,42,5,new,test,10,500.0,223.0,0.446
phase9_uniform_cl_history_h200_seed42,uniform,uniform_346b7ea417,1e00921e7aa95831,42,6,old,test,60,3000.0,1597.0,0.5323333333333333
phase9_uniform_cl_history_h200_seed42,uniform,uniform_346b7ea417,1e00921e7aa95831,42,6,new,test,10,500.0,149.0,0.298
phase9_uniform_cl_history_h200_seed42,uniform,uniform_346b7ea417,1e00921e7aa95831,42,7,old,test,70,3500.0,1649.0,0.47114285714285714
phase9_uniform_cl_history_h200_seed42,uniform,uniform_346b7ea417,1e00921e7aa95831,42,7,new,test,10,500.0,200.0,0.4
phase9_uniform_cl_history_h200_seed42,uniform,uniform_346b7ea417,1e00921e7aa95831,42,8,old,test,80,4000.0,1832.0,0.458
phase9_uniform_cl_history_h200_seed42,uniform,uniform_346b7ea417,1e00921e7aa95831,42,8,new,test,10,500.0,144.0,0.288
phase9_uniform_cl_history_h200_seed42,uniform,uniform_346b7ea417,1e00921e7aa95831,42,9,old,test,90,4500.0,1849.0,0.4108888888888889
phase9_uniform_cl_history_h200_seed42,uniform,uniform_346b7ea417,1e00921e7aa95831,42,9,new,test,10,500.0,141.0,0.282
phase9_uniform_cl_history_h200_seed43,uniform,uniform_346b7ea417,1e00921e7aa95831,43,0,old,test,0,,,
phase9_uniform_cl_history_h200_seed43,uniform,uniform_346b7ea417,1e00921e7aa95831,43,0,new,test,10,500.0,385.0,0.77
phase9_uniform_cl_history_h200_seed43,uniform,uniform_346b7ea417,1e00921e7aa95831,43,1,old,test,10,500.0,332.0,0.664
phase9_uniform_cl_history_h200_seed43,uniform,uniform_346b7ea417,1e00921e7aa95831,43,1,new,test,10,500.0,350.0,0.7
phase9_uniform_cl_history_h200_seed43,uniform,uniform_346b7ea417,1e00921e7aa95831,43,2,old,test,20,1000.0,721.0,0.721
phase9_uniform_cl_history_h200_seed43,uniform,uniform_346b7ea417,1e00921e7aa95831,43,2,new,test,10,500.0,250.0,0.5
phase9_uniform_cl_history_h200_seed43,uniform,uniform_346b7ea417,1e00921e7aa95831,43,3,old,test,30,1500.0,938.0,0.6253333333333333
phase9_uniform_cl_history_h200_seed43,uniform,uniform_346b7ea417,1e00921e7aa95831,43,3,new,test,10,500.0,309.0,0.618
phase9_uniform_cl_history_h200_seed43,uniform,uniform_346b7ea417,1e00921e7aa95831,43,4,old,test,40,2000.0,1235.0,0.6175
phase9_uniform_cl_history_h200_seed43,uniform,uniform_346b7ea417,1e00921e7aa95831,43,4,new,test,10,500.0,238.0,0.476
phase9_uniform_cl_history_h200_seed43,uniform,uniform_346b7ea417,1e00921e7aa95831,43,5,old,test,50,2500.0,1422.0,0.5688
phase9_uniform_cl_history_h200_seed43,uniform,uniform_346b7ea417,1e00921e7aa95831,43,5,new,test,10,500.0,242.0,0.484
phase9_uniform_cl_history_h200_seed43,uniform,uniform_346b7ea417,1e00921e7aa95831,43,6,old,test,60,3000.0,1631.0,0.5436666666666666
phase9_uniform_cl_history_h200_seed43,uniform,uniform_346b7ea417,1e00921e7aa95831,43,6,new,test,10,500.0,130.0,0.26
phase9_uniform_cl_history_h200_seed43,uniform,uniform_346b7ea417,1e00921e7aa95831,43,7,old,test,70,3500.0,1641.0,0.46885714285714286
phase9_uniform_cl_history_h200_seed43,uniform,uniform_346b7ea417,1e00921e7aa95831,43,7,new,test,10,500.0,189.0,0.378
phase9_uniform_cl_history_h200_seed43,uniform,uniform_346b7ea417,1e00921e7aa95831,43,8,old,test,80,4000.0,1842.0,0.4605
phase9_uniform_cl_history_h200_seed43,uniform,uniform_346b7ea417,1e00921e7aa95831,43,8,new,test,10,500.0,144.0,0.288
phase9_uniform_cl_history_h200_seed43,uniform,uniform_346b7ea417,1e00921e7aa95831,43,9,old,test,90,4500.0,1876.0,0.41688888888888886
phase9_uniform_cl_history_h200_seed43,uniform,uniform_346b7ea417,1e00921e7aa95831,43,9,new,test,10,500.0,166.0,0.332
phase9_uniform_cl_history_h200_seed44,uniform,uniform_346b7ea417,1e00921e7aa95831,44,0,old,test,0,,,
phase9_uniform_cl_history_h200_seed44,uniform,uniform_346b7ea417,1e00921e7aa95831,44,0,new,test,10,500.0,379.0,0.758
phase9_uniform_cl_history_h200_seed44,uniform,uniform_346b7ea417,1e00921e7aa95831,44,1,old,test,10,500.0,310.0,0.62
phase9_uniform_cl_history_h200_seed44,uniform,uniform_346b7ea417,1e00921e7aa95831,44,1,new,test,10,500.0,336.0,0.672
phase9_uniform_cl_history_h200_seed44,uniform,uniform_346b7ea417,1e00921e7aa95831,44,2,old,test,20,1000.0,724.0,0.724
phase9_uniform_cl_history_h200_seed44,uniform,uniform_346b7ea417,1e00921e7aa95831,44,2,new,test,10,500.0,222.0,0.444
phase9_uniform_cl_history_h200_seed44,uniform,uniform_346b7ea417,1e00921e7aa95831,44,3,old,test,30,1500.0,949.0,0.6326666666666667
phase9_uniform_cl_history_h200_seed44,uniform,uniform_346b7ea417,1e00921e7aa95831,44,3,new,test,10,500.0,309.0,0.618
phase9_uniform_cl_history_h200_seed44,uniform,uniform_346b7ea417,1e00921e7aa95831,44,4,old,test,40,2000.0,1243.0,0.6215
phase9_uniform_cl_history_h200_seed44,uniform,uniform_346b7ea417,1e00921e7aa95831,44,4,new,test,10,500.0,239.0,0.478
phase9_uniform_cl_history_h200_seed44,uniform,uniform_346b7ea417,1e00921e7aa95831,44,5,old,test,50,2500.0,1445.0,0.578
phase9_uniform_cl_history_h200_seed44,uniform,uniform_346b7ea417,1e00921e7aa95831,44,5,new,test,10,500.0,236.0,0.472
phase9_uniform_cl_history_h200_seed44,uniform,uniform_346b7ea417,1e00921e7aa95831,44,6,old,test,60,3000.0,1638.0,0.546
phase9_uniform_cl_history_h200_seed44,uniform,uniform_346b7ea417,1e00921e7aa95831,44,6,new,test,10,500.0,136.0,0.272
phase9_uniform_cl_history_h200_seed44,uniform,uniform_346b7ea417,1e00921e7aa95831,44,7,old,test,70,3500.0,1660.0,0.4742857142857143
phase9_uniform_cl_history_h200_seed44,uniform,uniform_346b7ea417,1e00921e7aa95831,44,7,new,test,10,500.0,190.0,0.38
phase9_uniform_cl_history_h200_seed44,uniform,uniform_346b7ea417,1e00921e7aa95831,44,8,old,test,80,4000.0,1832.0,0.458
phase9_uniform_cl_history_h200_seed44,uniform,uniform_346b7ea417,1e00921e7aa95831,44,8,new,test,10,500.0,163.0,0.326
phase9_uniform_cl_history_h200_seed44,uniform,uniform_346b7ea417,1e00921e7aa95831,44,9,old,test,90,4500.0,1903.0,0.42288888888888887
phase9_uniform_cl_history_h200_seed44,uniform,uniform_346b7ea417,1e00921e7aa95831,44,9,new,test,10,500.0,137.0,0.274
