run_id,method,method_id,protocol_id,seed,step,after_epoch,scope,classes,history_used_classes,history_used_and_gate_valid_classes,mean_birth_count,mean_anchor_count,mean_prior_strength_effective,mean_prototype_beta,mean_drift_audio_norm,mean_drift_visual_norm,mean_drift_audio_dispersion,mean_drift_visual_dispersion,reason_counts
phase9_prototype_bank_direct_h200_seed42,prototype_bank_direct,prototype_bank_direct_fab4198909,1e00921e7aa95831,42,1,120,training_prototype_diagnostics,20,10,10,62.5,25.0,5.0,0.9166666567325592,0.6414550125598908,0.5864538729190827,0.601117730140686,0.5513735711574554,"{""history_used"": 10, ""new_class"": 10}"
phase9_prototype_bank_direct_h200_seed42,prototype_bank_direct,prototype_bank_direct_fab4198909,1e00921e7aa95831,42,1,160,training_prototype_diagnostics,20,10,10,62.5,25.0,5.0,0.9166666567325592,0.6815969109535217,0.6201455116271972,0.636774230003357,0.5683358579874038,"{""history_used"": 10, ""new_class"": 10}"
phase9_prototype_bank_direct_h200_seed42,prototype_bank_direct,prototype_bank_direct_fab4198909,1e00921e7aa95831,42,1,40,training_prototype_diagnostics,20,10,10,62.5,25.0,5.0,0.9166666567325592,0.5509763479232788,0.4397367984056473,0.44071323573589327,0.39159961640834806,"{""history_used"": 10, ""new_class"": 10}"
phase9_prototype_bank_direct_h200_seed42,prototype_bank_direct,prototype_bank_direct_fab4198909,1e00921e7aa95831,42,1,80,training_prototype_diagnostics,20,10,10,62.5,25.0,5.0,0.9166666567325592,0.6113879978656769,0.5441994369029999,0.5521136552095414,0.5091629296541214,"{""history_used"": 10, ""new_class"": 10}"
phase9_prototype_bank_direct_h200_seed42,prototype_bank_direct,prototype_bank_direct_fab4198909,1e00921e7aa95831,42,2,120,training_prototype_diagnostics,30,20,20,83.33333333333333,16.666666666666668,6.666666666666667,0.8095238208770752,0.5110020868480205,0.4808638788759708,0.5066453814506531,0.5838916435837745,"{""history_used"": 20, ""new_class"": 10}"
phase9_prototype_bank_direct_h200_seed42,prototype_bank_direct,prototype_bank_direct_fab4198909,1e00921e7aa95831,42,2,160,training_prototype_diagnostics,30,20,20,83.33333333333333,16.666666666666668,6.666666666666667,0.8095238208770752,0.5261596739292145,0.49006896913051606,0.5222140908241272,0.5893212601542472,"{""history_used"": 20, ""new_class"": 10}"
phase9_prototype_bank_direct_h200_seed42,prototype_bank_direct,prototype_bank_direct_fab4198909,1e00921e7aa95831,42,2,40,training_prototype_diagnostics,30,20,20,83.33333333333333,16.666666666666668,6.666666666666667,0.8095238208770752,0.5128668300807476,0.4605268232524395,0.46644234359264375,0.5485718920826912,"{""history_used"": 20, ""new_class"": 10}"
phase9_prototype_bank_direct_h200_seed42,prototype_bank_direct,prototype_bank_direct_fab4198909,1e00921e7aa95831,42,2,80,training_prototype_diagnostics,30,20,20,83.33333333333333,16.666666666666668,6.666666666666667,0.8095238208770752,0.510967218875885,0.46575516685843465,0.49129197001457214,0.5727116838097572,"{""history_used"": 20, ""new_class"": 10}"
phase9_prototype_bank_direct_h200_seed42,prototype_bank_direct,prototype_bank_direct_fab4198909,1e00921e7aa95831,42,3,120,training_prototype_diagnostics,40,30,30,93.75,12.0,7.5,0.7115384787321091,0.45639858096838,0.4580192317565282,0.4772855977217356,0.6073878059784571,"{""history_used"": 30, ""new_class"": 10}"
phase9_prototype_bank_direct_h200_seed42,prototype_bank_direct,prototype_bank_direct_fab4198909,1e00921e7aa95831,42,3,160,training_prototype_diagnostics,40,30,30,93.75,12.0,7.5,0.7115384787321091,0.46078717360893884,0.4621278872092565,0.48774455885092416,0.6105454663435618,"{""history_used"": 30, ""new_class"": 10}"
phase9_prototype_bank_direct_h200_seed42,prototype_bank_direct,prototype_bank_direct_fab4198909,1e00921e7aa95831,42,3,40,training_prototype_diagnostics,40,30,30,93.75,12.0,7.5,0.7115384787321091,0.46647800008455914,0.44183838069438935,0.4569469561179479,0.5887753774722417,"{""history_used"": 30, ""new_class"": 10}"
phase9_prototype_bank_direct_h200_seed42,prototype_bank_direct,prototype_bank_direct_fab4198909,1e00921e7aa95831,42,3,80,training_prototype_diagnostics,40,30,30,93.75,12.0,7.5,0.7115384787321091,0.45962119698524473,0.44793642361958824,0.4689585238695145,0.6017267952362696,"{""history_used"": 30, ""new_class"": 10}"
phase9_prototype_bank_direct_h200_seed42,prototype_bank_direct,prototype_bank_direct_fab4198909,1e00921e7aa95831,42,4,120,training_prototype_diagnostics,50,40,40,100.0,9.6,8.0,0.6363636493682862,0.4531321320682764,0.45132156163454057,0.4802867077291012,0.6229668915271759,"{""history_used"": 40, ""new_class"": 10}"
phase9_prototype_bank_direct_h200_seed42,prototype_bank_direct,prototype_bank_direct_fab4198909,1e00921e7aa95831,42,4,160,training_prototype_diagnostics,50,40,40,100.0,9.6,8.0,0.6363636493682862,0.44920828491449355,0.45408899486064913,0.4810455411672592,0.6237210661172867,"{""history_used"": 40, ""new_class"": 10}"
phase9_prototype_bank_direct_h200_seed42,prototype_bank_direct,prototype_bank_direct_fab4198909,1e00921e7aa95831,42,4,40,training_prototype_diagnostics,50,40,40,100.0,9.6,8.0,0.6363636493682862,0.4611748781055212,0.44221834652125835,0.46262298375368116,0.6097287945449352,"{""history_used"": 40, ""new_class"": 10}"
phase9_prototype_bank_direct_h200_seed42,prototype_bank_direct,prototype_bank_direct_fab4198909,1e00921e7aa95831,42,4,80,training_prototype_diagnostics,50,40,40,100.0,9.6,8.0,0.6363636493682862,0.4529465202242136,0.4440100621432066,0.4739757150411606,0.6198799073696136,"{""history_used"": 40, ""new_class"": 10}"
phase9_prototype_bank_direct_h200_seed42,prototype_bank_direct,prototype_bank_direct_fab4198909,1e00921e7aa95831,42,5,120,training_prototype_diagnostics,60,50,50,104.16666666666667,8.333333333333334,8.333333333333334,0.5833333333333334,0.4372677958011627,0.452966468334198,0.46686761945486066,0.6320227384567261,"{""history_used"": 50, ""new_class"": 10}"
phase9_prototype_bank_direct_h200_seed42,prototype_bank_direct,prototype_bank_direct_fab4198909,1e00921e7aa95831,42,5,160,training_prototype_diagnostics,60,50,50,104.16666666666667,8.333333333333334,8.333333333333334,0.5833333333333334,0.4426603990793228,0.45649252355098724,0.47323218822479246,0.6346455931663513,"{""history_used"": 50, ""new_class"": 10}"
phase9_prototype_bank_direct_h200_seed42,prototype_bank_direct,prototype_bank_direct_fab4198909,1e00921e7aa95831,42,5,40,training_prototype_diagnostics,60,50,50,104.16666666666667,8.333333333333334,8.333333333333334,0.5833333333333334,0.4564140325784683,0.45214466720819474,0.45631023198366166,0.624425163269043,"{""history_used"": 50, ""new_class"": 10}"
phase9_prototype_bank_direct_h200_seed42,prototype_bank_direct,prototype_bank_direct_fab4198909,1e00921e7aa95831,42,5,80,training_prototype_diagnostics,60,50,50,104.16666666666667,8.333333333333334,8.333333333333334,0.5833333333333334,0.4438402941823006,0.44752068936824796,0.4642364853620529,0.6287691456079483,"{""history_used"": 50, ""new_class"": 10}"
phase9_prototype_bank_direct_h200_seed42,prototype_bank_direct,prototype_bank_direct_fab4198909,1e00921e7aa95831,42,6,120,training_prototype_diagnostics,70,60,60,107.14285714285714,6.857142857142857,8.571428571428571,0.5238095266478402,0.43885117818911873,0.4623273993531863,0.46173738191525143,0.628185257812341,"{""history_used"": 60, ""new_class"": 10}"
phase9_prototype_bank_direct_h200_seed42,prototype_bank_direct,prototype_bank_direct_fab4198909,1e00921e7aa95831,42,6,160,training_prototype_diagnostics,70,60,60,107.14285714285714,6.857142857142857,8.571428571428571,0.5238095266478402,0.4328546824554602,0.4653903886675835,0.4625857278704643,0.62970599681139,"{""history_used"": 60, ""new_class"": 10}"
phase9_prototype_bank_direct_h200_seed42,prototype_bank_direct,prototype_bank_direct_fab4198909,1e00921e7aa95831,42,6,40,training_prototype_diagnostics,70,60,60,107.14285714285714,6.857142857142857,8.571428571428571,0.5238095266478402,0.44877936169505117,0.45752311274409296,0.4552629960079988,0.6180133288105328,"{""history_used"": 60, ""new_class"": 10}"
phase9_prototype_bank_direct_h200_seed42,prototype_bank_direct,prototype_bank_direct_fab4198909,1e00921e7aa95831,42,6,80,training_prototype_diagnostics,70,60,60,107.14285714285714,6.857142857142857,8.571428571428571,0.5238095266478402,0.43928235918283465,0.4582328769067923,0.45948718463381133,0.6260804906487465,"{""history_used"": 60, ""new_class"": 10}"
phase9_prototype_bank_direct_h200_seed42,prototype_bank_direct,prototype_bank_direct_fab4198909,1e00921e7aa95831,42,7,120,training_prototype_diagnostics,80,70,70,109.375,6.125,8.75,0.485294122248888,0.42593033143452236,0.4725527116230556,0.44955536531550544,0.6396710089274815,"{""history_used"": 70, ""new_class"": 10}"
phase9_prototype_bank_direct_h200_seed42,prototype_bank_direct,prototype_bank_direct_fab4198909,1e00921e7aa95831,42,7,160,training_prototype_diagnostics,80,70,70,109.375,6.125,8.75,0.485294122248888,0.42671412995883395,0.4763858071395329,0.45374233616249904,0.6424623114722116,"{""history_used"": 70, ""new_class"": 10}"
phase9_prototype_bank_direct_h200_seed42,prototype_bank_direct,prototype_bank_direct_fab4198909,1e00921e7aa95831,42,7,40,training_prototype_diagnostics,80,70,70,109.375,6.125,8.75,0.485294122248888,0.4409410617181233,0.4688511686665671,0.44210015343768255,0.6318164195333208,"{""history_used"": 70, ""new_class"": 10}"
phase9_prototype_bank_direct_h200_seed42,prototype_bank_direct,prototype_bank_direct_fab4198909,1e00921e7aa95831,42,7,80,training_prototype_diagnostics,80,70,70,109.375,6.125,8.75,0.485294122248888,0.428667374593871,0.4668760963848659,0.44626258398805346,0.6367012483733041,"{""history_used"": 70, ""new_class"": 10}"
phase9_prototype_bank_direct_h200_seed42,prototype_bank_direct,prototype_bank_direct_fab4198909,1e00921e7aa95831,42,8,120,training_prototype_diagnostics,90,80,80,111.11111111111111,5.333333333333333,8.88888888888889,0.4444444444444444,0.42137989550828936,0.4829517241567373,0.43719630874693394,0.6355492614209652,"{""history_used"": 80, ""new_class"": 10}"
phase9_prototype_bank_direct_h200_seed42,prototype_bank_direct,prototype_bank_direct_fab4198909,1e00921e7aa95831,42,8,160,training_prototype_diagnostics,90,80,80,111.11111111111111,5.333333333333333,8.88888888888889,0.4444444444444444,0.42480974867939947,0.4877098809927702,0.4410209469497204,0.6369035616517067,"{""history_used"": 80, ""new_class"": 10}"
phase9_prototype_bank_direct_h200_seed42,prototype_bank_direct,prototype_bank_direct_fab4198909,1e00921e7aa95831,42,8,40,training_prototype_diagnostics,90,80,80,111.11111111111111,5.333333333333333,8.88888888888889,0.4444444444444444,0.4321388589218259,0.4817637376487255,0.4308571884408593,0.627331218123436,"{""history_used"": 80, ""new_class"": 10}"
phase9_prototype_bank_direct_h200_seed42,prototype_bank_direct,prototype_bank_direct_fab4198909,1e00921e7aa95831,42,8,80,training_prototype_diagnostics,90,80,80,111.11111111111111,5.333333333333333,8.88888888888889,0.4444444444444444,0.42310087140649555,0.48060187697410583,0.4340119771659374,0.632834953814745,"{""history_used"": 80, ""new_class"": 10}"
phase9_prototype_bank_direct_h200_seed42,prototype_bank_direct,prototype_bank_direct_fab4198909,1e00921e7aa95831,42,9,120,training_prototype_diagnostics,100,90,90,112.5,4.5,9.0,0.4000000089406967,0.42555859519375694,0.4995289607180489,0.4236483497752084,0.6202302419477039,"{""history_used"": 90, ""new_class"": 10}"
phase9_prototype_bank_direct_h200_seed42,prototype_bank_direct,prototype_bank_direct_fab4198909,1e00921e7aa95831,42,9,160,training_prototype_diagnostics,100,90,90,112.5,4.5,9.0,0.4000000089406967,0.4271818968984816,0.5005379971530702,0.42536693182256485,0.621228888630867,"{""history_used"": 90, ""new_class"": 10}"
phase9_prototype_bank_direct_h200_seed42,prototype_bank_direct,prototype_bank_direct_fab4198909,1e00921e7aa95831,42,9,40,training_prototype_diagnostics,100,90,90,112.5,4.5,9.0,0.4000000089406967,0.4375357919269138,0.4905995161996947,0.4183283928367827,0.6111284881830216,"{""history_used"": 90, ""new_class"": 10}"
phase9_prototype_bank_direct_h200_seed42,prototype_bank_direct,prototype_bank_direct_fab4198909,1e00921e7aa95831,42,9,80,training_prototype_diagnostics,100,90,90,112.5,4.5,9.0,0.4000000089406967,0.43195032709174686,0.49435702164967854,0.4232094226611985,0.6182277848323187,"{""history_used"": 90, ""new_class"": 10}"
phase9_prototype_bank_direct_h200_seed43,prototype_bank_direct,prototype_bank_direct_fab4198909,1e00921e7aa95831,43,1,120,training_prototype_diagnostics,20,10,10,62.5,25.0,5.0,0.9166666567325592,0.6565871477127075,0.6240025639533997,0.6030401229858399,0.5821586728096009,"{""history_used"": 10, ""new_class"": 10}"
phase9_prototype_bank_direct_h200_seed43,prototype_bank_direct,prototype_bank_direct_fab4198909,1e00921e7aa95831,43,1,160,training_prototype_diagnostics,20,10,10,62.5,25.0,5.0,0.9166666567325592,0.681958132982254,0.649837177991867,0.6263484418392181,0.5928317040205002,"{""history_used"": 10, ""new_class"": 10}"
phase9_prototype_bank_direct_h200_seed43,prototype_bank_direct,prototype_bank_direct_fab4198909,1e00921e7aa95831,43,1,40,training_prototype_diagnostics,20,10,10,62.5,25.0,5.0,0.9166666567325592,0.55400270819664,0.4752294957637787,0.4460995465517044,0.42581820487976074,"{""history_used"": 10, ""new_class"": 10}"
phase9_prototype_bank_direct_h200_seed43,prototype_bank_direct,prototype_bank_direct_fab4198909,1e00921e7aa95831,43,1,80,training_prototype_diagnostics,20,10,10,62.5,25.0,5.0,0.9166666567325592,0.6218101918697357,0.580497407913208,0.5637719541788101,0.5456774413585663,"{""history_used"": 10, ""new_class"": 10}"
phase9_prototype_bank_direct_h200_seed43,prototype_bank_direct,prototype_bank_direct_fab4198909,1e00921e7aa95831,43,2,120,training_prototype_diagnostics,30,20,20,83.33333333333333,16.666666666666668,6.666666666666667,0.8095238208770752,0.52878447920084,0.5050881251692771,0.5094610542058945,0.6145974501967431,"{""history_used"": 20, ""new_class"": 10}"
phase9_prototype_bank_direct_h200_seed43,prototype_bank_direct,prototype_bank_direct_fab4198909,1e00921e7aa95831,43,2,160,training_prototype_diagnostics,30,20,20,83.33333333333333,16.666666666666668,6.666666666666667,0.8095238208770752,0.5355199098587036,0.5178206086158752,0.5194101512432099,0.6198462903499603,"{""history_used"": 20, ""new_class"": 10}"
phase9_prototype_bank_direct_h200_seed43,prototype_bank_direct,prototype_bank_direct_fab4198909,1e00921e7aa95831,43,2,40,training_prototype_diagnostics,30,20,20,83.33333333333333,16.666666666666668,6.666666666666667,0.8095238208770752,0.5332702040672302,0.48348735794425013,0.4759511902928352,0.5868017926812172,"{""history_used"": 20, ""new_class"": 10}"
phase9_prototype_bank_direct_h200_seed43,prototype_bank_direct,prototype_bank_direct_fab4198909,1e00921e7aa95831,43,2,80,training_prototype_diagnostics,30,20,20,83.33333333333333,16.666666666666668,6.666666666666667,0.8095238208770752,0.5246082469820976,0.49191613495349884,0.4997310444712639,0.6083388060331345,"{""history_used"": 20, ""new_class"": 10}"
phase9_prototype_bank_direct_h200_seed43,prototype_bank_direct,prototype_bank_direct_fab4198909,1e00921e7aa95831,43,3,120,training_prototype_diagnostics,40,30,30,93.75,12.0,7.5,0.7115384787321091,0.48650060693422953,0.4882102380196253,0.4850951542456945,0.6368359019358952,"{""history_used"": 30, ""new_class"": 10}"
phase9_prototype_bank_direct_h200_seed43,prototype_bank_direct,prototype_bank_direct_fab4198909,1e00921e7aa95831,43,3,160,training_prototype_diagnostics,40,30,30,93.75,12.0,7.5,0.7115384787321091,0.49267434974511465,0.4983221530914307,0.4912458787361781,0.6371594230333965,"{""history_used"": 30, ""new_class"": 10}"
phase9_prototype_bank_direct_h200_seed43,prototype_bank_direct,prototype_bank_direct_fab4198909,1e00921e7aa95831,43,3,40,training_prototype_diagnostics,40,30,30,93.75,12.0,7.5,0.7115384787321091,0.4990640868743261,0.4688940405845642,0.46889007290204365,0.6224832773208618,"{""history_used"": 30, ""new_class"": 10}"
phase9_prototype_bank_direct_h200_seed43,prototype_bank_direct,prototype_bank_direct_fab4198909,1e00921e7aa95831,43,3,80,training_prototype_diagnostics,40,30,30,93.75,12.0,7.5,0.7115384787321091,0.4879452163974444,0.4775597790877024,0.4780678381522497,0.6335243900616964,"{""history_used"": 30, ""new_class"": 10}"
phase9_prototype_bank_direct_h200_seed43,prototype_bank_direct,prototype_bank_direct_fab4198909,1e00921e7aa95831,43,4,120,training_prototype_diagnostics,50,40,40,100.0,9.6,8.0,0.6363636493682862,0.45721842534840107,0.4759602263569832,0.4749817572534084,0.6445640124380588,"{""history_used"": 40, ""new_class"": 10}"
phase9_prototype_bank_direct_h200_seed43,prototype_bank_direct,prototype_bank_direct_fab4198909,1e00921e7aa95831,43,4,160,training_prototype_diagnostics,50,40,40,100.0,9.6,8.0,0.6363636493682862,0.45873716175556184,0.479720026999712,0.47904264479875563,0.6457235381007195,"{""history_used"": 40, ""new_class"": 10}"
phase9_prototype_bank_direct_h200_seed43,prototype_bank_direct,prototype_bank_direct_fab4198909,1e00921e7aa95831,43,4,40,training_prototype_diagnostics,50,40,40,100.0,9.6,8.0,0.6363636493682862,0.47679424211382865,0.4658506590873003,0.46394938640296457,0.6366866149008275,"{""history_used"": 40, ""new_class"": 10}"
phase9_prototype_bank_direct_h200_seed43,prototype_bank_direct,prototype_bank_direct_fab4198909,1e00921e7aa95831,43,4,80,training_prototype_diagnostics,50,40,40,100.0,9.6,8.0,0.6363636493682862,0.46062724515795705,0.4695837013423443,0.47085845470428467,0.645737437158823,"{""history_used"": 40, ""new_class"": 10}"
phase9_prototype_bank_direct_h200_seed43,prototype_bank_direct,prototype_bank_direct_fab4198909,1e00921e7aa95831,43,5,120,training_prototype_diagnostics,60,50,50,104.16666666666667,8.333333333333334,8.333333333333334,0.5833333333333334,0.4480746817588806,0.4752223515510559,0.46612758696079254,0.6490190309286118,"{""history_used"": 50, ""new_class"": 10}"
phase9_prototype_bank_direct_h200_seed43,prototype_bank_direct,prototype_bank_direct_fab4198909,1e00921e7aa95831,43,5,160,training_prototype_diagnostics,60,50,50,104.16666666666667,8.333333333333334,8.333333333333334,0.5833333333333334,0.44822788178920747,0.47892341077327727,0.46997868120670316,0.649187742471695,"{""history_used"": 50, ""new_class"": 10}"
phase9_prototype_bank_direct_h200_seed43,prototype_bank_direct,prototype_bank_direct_fab4198909,1e00921e7aa95831,43,5,40,training_prototype_diagnostics,60,50,50,104.16666666666667,8.333333333333334,8.333333333333334,0.5833333333333334,0.46419496953487394,0.47328402429819105,0.45524184495210646,0.6422413051128387,"{""history_used"": 50, ""new_class"": 10}"
phase9_prototype_bank_direct_h200_seed43,prototype_bank_direct,prototype_bank_direct_fab4198909,1e00921e7aa95831,43,5,80,training_prototype_diagnostics,60,50,50,104.16666666666667,8.333333333333334,8.333333333333334,0.5833333333333334,0.4516530951857567,0.47210163235664365,0.4606078115105629,0.6463632774353028,"{""history_used"": 50, ""new_class"": 10}"
phase9_prototype_bank_direct_h200_seed43,prototype_bank_direct,prototype_bank_direct_fab4198909,1e00921e7aa95831,43,6,120,training_prototype_diagnostics,70,60,60,107.14285714285714,6.857142857142857,8.571428571428571,0.5238095266478402,0.4367138703664144,0.47995495845874153,0.4569445587694645,0.6434656654795011,"{""history_used"": 60, ""new_class"": 10}"
phase9_prototype_bank_direct_h200_seed43,prototype_bank_direct,prototype_bank_direct_fab4198909,1e00921e7aa95831,43,6,160,training_prototype_diagnostics,70,60,60,107.14285714285714,6.857142857142857,8.571428571428571,0.5238095266478402,0.4371284194290638,0.4844510108232498,0.46047648414969444,0.6443988541762035,"{""history_used"": 60, ""new_class"": 10}"
phase9_prototype_bank_direct_h200_seed43,prototype_bank_direct,prototype_bank_direct_fab4198909,1e00921e7aa95831,43,6,40,training_prototype_diagnostics,70,60,60,107.14285714285714,6.857142857142857,8.571428571428571,0.5238095266478402,0.46133884564042094,0.47633916487296424,0.4526582879324754,0.6380695914228757,"{""history_used"": 60, ""new_class"": 10}"
phase9_prototype_bank_direct_h200_seed43,prototype_bank_direct,prototype_bank_direct_fab4198909,1e00921e7aa95831,43,6,80,training_prototype_diagnostics,70,60,60,107.14285714285714,6.857142857142857,8.571428571428571,0.5238095266478402,0.444585582613945,0.4775802955031395,0.4563123894234498,0.6426584824919701,"{""history_used"": 60, ""new_class"": 10}"
phase9_prototype_bank_direct_h200_seed43,prototype_bank_direct,prototype_bank_direct_fab4198909,1e00921e7aa95831,43,7,120,training_prototype_diagnostics,80,70,70,109.375,6.125,8.75,0.485294122248888,0.4288381442427635,0.48928398319653105,0.44661753582102914,0.6530708504574639,"{""history_used"": 70, ""new_class"": 10}"
phase9_prototype_bank_direct_h200_seed43,prototype_bank_direct,prototype_bank_direct_fab4198909,1e00921e7aa95831,43,7,160,training_prototype_diagnostics,80,70,70,109.375,6.125,8.75,0.485294122248888,0.4283620468207768,0.4923874135528292,0.4504480602485793,0.6543386463608061,"{""history_used"": 70, ""new_class"": 10}"
phase9_prototype_bank_direct_h200_seed43,prototype_bank_direct,prototype_bank_direct_fab4198909,1e00921e7aa95831,43,7,40,training_prototype_diagnostics,80,70,70,109.375,6.125,8.75,0.485294122248888,0.4477899589708873,0.4879868398819651,0.44140604840857645,0.6470919013023376,"{""history_used"": 70, ""new_class"": 10}"
phase9_prototype_bank_direct_h200_seed43,prototype_bank_direct,prototype_bank_direct_fab4198909,1e00921e7aa95831,43,7,80,training_prototype_diagnostics,80,70,70,109.375,6.125,8.75,0.485294122248888,0.4345124821577753,0.48687196267502647,0.4458270577447755,0.6522595895188196,"{""history_used"": 70, ""new_class"": 10}"
phase9_prototype_bank_direct_h200_seed43,prototype_bank_direct,prototype_bank_direct_fab4198909,1e00921e7aa95831,43,8,120,training_prototype_diagnostics,90,80,80,111.11111111111111,5.333333333333333,8.88888888888889,0.4444444444444444,0.436691727489233,0.5000970363616943,0.4409343434497714,0.6477993834763766,"{""history_used"": 80, ""new_class"": 10}"
phase9_prototype_bank_direct_h200_seed43,prototype_bank_direct,prototype_bank_direct_fab4198909,1e00921e7aa95831,43,8,160,training_prototype_diagnostics,90,80,80,111.11111111111111,5.333333333333333,8.88888888888889,0.4444444444444444,0.4322473371401429,0.503364922478795,0.4421875162050128,0.6485812559723854,"{""history_used"": 80, ""new_class"": 10}"
phase9_prototype_bank_direct_h200_seed43,prototype_bank_direct,prototype_bank_direct_fab4198909,1e00921e7aa95831,43,8,40,training_prototype_diagnostics,90,80,80,111.11111111111111,5.333333333333333,8.88888888888889,0.4444444444444444,0.44426072388887405,0.4970618825405836,0.4307110013440251,0.6399916857481003,"{""history_used"": 80, ""new_class"": 10}"
phase9_prototype_bank_direct_h200_seed43,prototype_bank_direct,prototype_bank_direct_fab4198909,1e00921e7aa95831,43,8,80,training_prototype_diagnostics,90,80,80,111.11111111111111,5.333333333333333,8.88888888888889,0.4444444444444444,0.4372348139062524,0.4981277212500572,0.4360450556501746,0.6466718699783087,"{""history_used"": 80, ""new_class"": 10}"
phase9_prototype_bank_direct_h200_seed43,prototype_bank_direct,prototype_bank_direct_fab4198909,1e00921e7aa95831,43,9,120,training_prototype_diagnostics,100,90,90,112.5,4.5,9.0,0.4000000089406967,0.4404104694724083,0.5191347450017929,0.43040225307146707,0.6355213403701783,"{""history_used"": 90, ""new_class"": 10}"
phase9_prototype_bank_direct_h200_seed43,prototype_bank_direct,prototype_bank_direct_fab4198909,1e00921e7aa95831,43,9,160,training_prototype_diagnostics,100,90,90,112.5,4.5,9.0,0.4000000089406967,0.4397761061787605,0.5196654501888487,0.4316668387916353,0.6366004831261105,"{""history_used"": 90, ""new_class"": 10}"
phase9_prototype_bank_direct_h200_seed43,prototype_bank_direct,prototype_bank_direct_fab4198909,1e00921e7aa95831,43,9,40,training_prototype_diagnostics,100,90,90,112.5,4.5,9.0,0.4000000089406967,0.45224447598059975,0.5123371074597041,0.42513832400242485,0.6264191746711731,"{""history_used"": 90, ""new_class"": 10}"
phase9_prototype_bank_direct_h200_seed43,prototype_bank_direct,prototype_bank_direct_fab4198909,1e00921e7aa95831,43,9,80,training_prototype_diagnostics,100,90,90,112.5,4.5,9.0,0.4000000089406967,0.4464580199784703,0.5159464528163274,0.43054362154669235,0.6342263893948661,"{""history_used"": 90, ""new_class"": 10}"
phase9_prototype_bank_direct_h200_seed44,prototype_bank_direct,prototype_bank_direct_fab4198909,1e00921e7aa95831,44,1,120,training_prototype_diagnostics,20,10,10,62.5,25.0,5.0,0.9166666567325592,0.6717468142509461,0.6121143937110901,0.6202571511268615,0.5636760711669921,"{""history_used"": 10, ""new_class"": 10}"
phase9_prototype_bank_direct_h200_seed44,prototype_bank_direct,prototype_bank_direct_fab4198909,1e00921e7aa95831,44,1,160,training_prototype_diagnostics,20,10,10,62.5,25.0,5.0,0.9166666567325592,0.7037441968917847,0.6427172899246216,0.637251216173172,0.5753264516592026,"{""history_used"": 10, ""new_class"": 10}"
phase9_prototype_bank_direct_h200_seed44,prototype_bank_direct,prototype_bank_direct_fab4198909,1e00921e7aa95831,44,1,40,training_prototype_diagnostics,20,10,10,62.5,25.0,5.0,0.9166666567325592,0.5850699543952942,0.4627018988132477,0.4649717420339584,0.4198793888092041,"{""history_used"": 10, ""new_class"": 10}"
phase9_prototype_bank_direct_h200_seed44,prototype_bank_direct,prototype_bank_direct_fab4198909,1e00921e7aa95831,44,1,80,training_prototype_diagnostics,20,10,10,62.5,25.0,5.0,0.9166666567325592,0.6487589776515961,0.5738633096218109,0.5768370389938354,0.532741516828537,"{""history_used"": 10, ""new_class"": 10}"
phase9_prototype_bank_direct_h200_seed44,prototype_bank_direct,prototype_bank_direct_fab4198909,1e00921e7aa95831,44,2,120,training_prototype_diagnostics,30,20,20,83.33333333333333,16.666666666666668,6.666666666666667,0.8095238208770752,0.5339589416980743,0.500015239417553,0.5130581244826317,0.5840217143297195,"{""history_used"": 20, ""new_class"": 10}"
phase9_prototype_bank_direct_h200_seed44,prototype_bank_direct,prototype_bank_direct_fab4198909,1e00921e7aa95831,44,2,160,training_prototype_diagnostics,30,20,20,83.33333333333333,16.666666666666668,6.666666666666667,0.8095238208770752,0.5396316349506378,0.512534961104393,0.5262820437550545,0.5921626329421997,"{""history_used"": 20, ""new_class"": 10}"
phase9_prototype_bank_direct_h200_seed44,prototype_bank_direct,prototype_bank_direct_fab4198909,1e00921e7aa95831,44,2,40,training_prototype_diagnostics,30,20,20,83.33333333333333,16.666666666666668,6.666666666666667,0.8095238208770752,0.5214208915829659,0.47018829733133316,0.4697578735649586,0.5435331925749779,"{""history_used"": 20, ""new_class"": 10}"
phase9_prototype_bank_direct_h200_seed44,prototype_bank_direct,prototype_bank_direct_fab4198909,1e00921e7aa95831,44,2,80,training_prototype_diagnostics,30,20,20,83.33333333333333,16.666666666666668,6.666666666666667,0.8095238208770752,0.5265733063220978,0.4805728614330292,0.4944302663207054,0.5722309485077858,"{""history_used"": 20, ""new_class"": 10}"
phase9_prototype_bank_direct_h200_seed44,prototype_bank_direct,prototype_bank_direct_fab4198909,1e00921e7aa95831,44,3,120,training_prototype_diagnostics,40,30,30,93.75,12.0,7.5,0.7115384787321091,0.4891266167163849,0.4719763825337092,0.489375572403272,0.5993332227071126,"{""history_used"": 30, ""new_class"": 10}"
phase9_prototype_bank_direct_h200_seed44,prototype_bank_direct,prototype_bank_direct_fab4198909,1e00921e7aa95831,44,3,160,training_prototype_diagnostics,40,30,30,93.75,12.0,7.5,0.7115384787321091,0.489192192753156,0.47817969222863516,0.49376899500687915,0.6014751503864925,"{""history_used"": 30, ""new_class"": 10}"
phase9_prototype_bank_direct_h200_seed44,prototype_bank_direct,prototype_bank_direct_fab4198909,1e00921e7aa95831,44,3,40,training_prototype_diagnostics,40,30,30,93.75,12.0,7.5,0.7115384787321091,0.4977137436469396,0.45759784430265427,0.47053414285182954,0.5824153115351994,"{""history_used"": 30, ""new_class"": 10}"
phase9_prototype_bank_direct_h200_seed44,prototype_bank_direct,prototype_bank_direct_fab4198909,1e00921e7aa95831,44,3,80,training_prototype_diagnostics,40,30,30,93.75,12.0,7.5,0.7115384787321091,0.48873570958773294,0.46481984158356987,0.47987444897492726,0.5946149230003357,"{""history_used"": 30, ""new_class"": 10}"
phase9_prototype_bank_direct_h200_seed44,prototype_bank_direct,prototype_bank_direct_fab4198909,1e00921e7aa95831,44,4,120,training_prototype_diagnostics,50,40,40,100.0,9.6,8.0,0.6363636493682862,0.47061312571167946,0.45537956468760965,0.4807378500699997,0.6063254736363888,"{""history_used"": 40, ""new_class"": 10}"
phase9_prototype_bank_direct_h200_seed44,prototype_bank_direct,prototype_bank_direct_fab4198909,1e00921e7aa95831,44,4,160,training_prototype_diagnostics,50,40,40,100.0,9.6,8.0,0.6363636493682862,0.47336897924542426,0.4611693672835827,0.48731559738516805,0.6085484497249126,"{""history_used"": 40, ""new_class"": 10}"
phase9_prototype_bank_direct_h200_seed44,prototype_bank_direct,prototype_bank_direct_fab4198909,1e00921e7aa95831,44,4,40,training_prototype_diagnostics,50,40,40,100.0,9.6,8.0,0.6363636493682862,0.4783438671380281,0.4587781816720963,0.46797448247671125,0.5971905618906022,"{""history_used"": 40, ""new_class"": 10}"
phase9_prototype_bank_direct_h200_seed44,prototype_bank_direct,prototype_bank_direct_fab4198909,1e00921e7aa95831,44,4,80,training_prototype_diagnostics,50,40,40,100.0,9.6,8.0,0.6363636493682862,0.47600519433617594,0.45783325769007205,0.47623317390680314,0.604689247906208,"{""history_used"": 40, ""new_class"": 10}"
phase9_prototype_bank_direct_h200_seed44,prototype_bank_direct,prototype_bank_direct_fab4198909,1e00921e7aa95831,44,5,120,training_prototype_diagnostics,60,50,50,104.16666666666667,8.333333333333334,8.333333333333334,0.5833333333333334,0.4516128847002983,0.4582635861635208,0.4707868164777756,0.6159203559160232,"{""history_used"": 50, ""new_class"": 10}"
phase9_prototype_bank_direct_h200_seed44,prototype_bank_direct,prototype_bank_direct_fab4198909,1e00921e7aa95831,44,5,160,training_prototype_diagnostics,60,50,50,104.16666666666667,8.333333333333334,8.333333333333334,0.5833333333333334,0.4521604922413826,0.4627344760298729,0.4726146134734154,0.6184204632043838,"{""history_used"": 50, ""new_class"": 10}"
phase9_prototype_bank_direct_h200_seed44,prototype_bank_direct,prototype_bank_direct_fab4198909,1e00921e7aa95831,44,5,40,training_prototype_diagnostics,60,50,50,104.16666666666667,8.333333333333334,8.333333333333334,0.5833333333333334,0.4609976378083229,0.4574276047945023,0.45839805752038953,0.6061206060647965,"{""history_used"": 50, ""new_class"": 10}"
phase9_prototype_bank_direct_h200_seed44,prototype_bank_direct,prototype_bank_direct_fab4198909,1e00921e7aa95831,44,5,80,training_prototype_diagnostics,60,50,50,104.16666666666667,8.333333333333334,8.333333333333334,0.5833333333333334,0.45326388001441953,0.45797359079122546,0.4656656497716904,0.6135113841295242,"{""history_used"": 50, ""new_class"": 10}"
phase9_prototype_bank_direct_h200_seed44,prototype_bank_direct,prototype_bank_direct_fab4198909,1e00921e7aa95831,44,6,120,training_prototype_diagnostics,70,60,60,107.14285714285714,6.857142857142857,8.571428571428571,0.5238095266478402,0.4508492132027944,0.46615048944950105,0.4559103647867839,0.6118185838063558,"{""history_used"": 60, ""new_class"": 10}"
phase9_prototype_bank_direct_h200_seed44,prototype_bank_direct,prototype_bank_direct_fab4198909,1e00921e7aa95831,44,6,160,training_prototype_diagnostics,70,60,60,107.14285714285714,6.857142857142857,8.571428571428571,0.5238095266478402,0.44577137803037964,0.4660295416911443,0.45806903913617136,0.6134006877740225,"{""history_used"": 60, ""new_class"": 10}"
phase9_prototype_bank_direct_h200_seed44,prototype_bank_direct,prototype_bank_direct_fab4198909,1e00921e7aa95831,44,6,40,training_prototype_diagnostics,70,60,60,107.14285714285714,6.857142857142857,8.571428571428571,0.5238095266478402,0.4662268030146758,0.4661487360795339,0.447290009756883,0.5998605494697888,"{""history_used"": 60, ""new_class"": 10}"
phase9_prototype_bank_direct_h200_seed44,prototype_bank_direct,prototype_bank_direct_fab4198909,1e00921e7aa95831,44,6,80,training_prototype_diagnostics,70,60,60,107.14285714285714,6.857142857142857,8.571428571428571,0.5238095266478402,0.4515831249455611,0.4627196048696836,0.4526526893178622,0.6081063533822696,"{""history_used"": 60, ""new_class"": 10}"
phase9_prototype_bank_direct_h200_seed44,prototype_bank_direct,prototype_bank_direct_fab4198909,1e00921e7aa95831,44,7,120,training_prototype_diagnostics,80,70,70,109.375,6.125,8.75,0.485294122248888,0.4402418519769396,0.4705243157488959,0.4436879798769951,0.6213023087808064,"{""history_used"": 70, ""new_class"": 10}"
phase9_prototype_bank_direct_h200_seed44,prototype_bank_direct,prototype_bank_direct_fab4198909,1e00921e7aa95831,44,7,160,training_prototype_diagnostics,80,70,70,109.375,6.125,8.75,0.485294122248888,0.43843389664377486,0.4740730736936842,0.4461570303354945,0.6233691602945328,"{""history_used"": 70, ""new_class"": 10}"
phase9_prototype_bank_direct_h200_seed44,prototype_bank_direct,prototype_bank_direct_fab4198909,1e00921e7aa95831,44,7,40,training_prototype_diagnostics,80,70,70,109.375,6.125,8.75,0.485294122248888,0.4506649294069835,0.47314763707774027,0.43433963624494415,0.6161603250673839,"{""history_used"": 70, ""new_class"": 10}"
phase9_prototype_bank_direct_h200_seed44,prototype_bank_direct,prototype_bank_direct_fab4198909,1e00921e7aa95831,44,7,80,training_prototype_diagnostics,80,70,70,109.375,6.125,8.75,0.485294122248888,0.4423069934759821,0.47037454204899926,0.44018614079271046,0.6211260744503566,"{""history_used"": 70, ""new_class"": 10}"
phase9_prototype_bank_direct_h200_seed44,prototype_bank_direct,prototype_bank_direct_fab4198909,1e00921e7aa95831,44,8,120,training_prototype_diagnostics,90,80,80,111.11111111111111,5.333333333333333,8.88888888888889,0.4444444444444444,0.43881202917546036,0.47729477267712356,0.4313517291098833,0.6139047913253307,"{""history_used"": 80, ""new_class"": 10}"
phase9_prototype_bank_direct_h200_seed44,prototype_bank_direct,prototype_bank_direct_fab4198909,1e00921e7aa95831,44,8,160,training_prototype_diagnostics,90,80,80,111.11111111111111,5.333333333333333,8.88888888888889,0.4444444444444444,0.4382386542856693,0.4805992230772972,0.4341729773208499,0.616703000664711,"{""history_used"": 80, ""new_class"": 10}"
phase9_prototype_bank_direct_h200_seed44,prototype_bank_direct,prototype_bank_direct_fab4198909,1e00921e7aa95831,44,8,40,training_prototype_diagnostics,90,80,80,111.11111111111111,5.333333333333333,8.88888888888889,0.4444444444444444,0.44822181630879643,0.476471490599215,0.4213617293164134,0.6072548180818558,"{""history_used"": 80, ""new_class"": 10}"
phase9_prototype_bank_direct_h200_seed44,prototype_bank_direct,prototype_bank_direct_fab4198909,1e00921e7aa95831,44,8,80,training_prototype_diagnostics,90,80,80,111.11111111111111,5.333333333333333,8.88888888888889,0.4444444444444444,0.4403567833825946,0.4757811792194843,0.42859610319137575,0.6116903621703387,"{""history_used"": 80, ""new_class"": 10}"
phase9_prototype_bank_direct_h200_seed44,prototype_bank_direct,prototype_bank_direct_fab4198909,1e00921e7aa95831,44,9,120,training_prototype_diagnostics,100,90,90,112.5,4.5,9.0,0.4000000089406967,0.4386407314075364,0.4935838513904148,0.41961807674831814,0.6048654148976008,"{""history_used"": 90, ""new_class"": 10}"
phase9_prototype_bank_direct_h200_seed44,prototype_bank_direct,prototype_bank_direct_fab4198909,1e00921e7aa95831,44,9,160,training_prototype_diagnostics,100,90,90,112.5,4.5,9.0,0.4000000089406967,0.43832678347826004,0.4954323497083452,0.4217452045944002,0.6063815401660071,"{""history_used"": 90, ""new_class"": 10}"
phase9_prototype_bank_direct_h200_seed44,prototype_bank_direct,prototype_bank_direct_fab4198909,1e00921e7aa95831,44,9,40,training_prototype_diagnostics,100,90,90,112.5,4.5,9.0,0.4000000089406967,0.4515545090039571,0.4900647222995758,0.4142360001802444,0.5958680993980832,"{""history_used"": 90, ""new_class"": 10}"
phase9_prototype_bank_direct_h200_seed44,prototype_bank_direct,prototype_bank_direct_fab4198909,1e00921e7aa95831,44,9,80,training_prototype_diagnostics,100,90,90,112.5,4.5,9.0,0.4000000089406967,0.44345265477895734,0.49302823576662275,0.4189439665940073,0.6037596394618352,"{""history_used"": 90, ""new_class"": 10}"
phase9_prototype_bank_smooth_h200_seed42,prototype_bank_smooth,prototype_bank_smooth_3c5aca8998,1e00921e7aa95831,42,1,120,training_prototype_diagnostics,20,10,10,62.5,25.0,5.0,0.9166666567325592,0.6542502045631409,0.5873841345310211,0.60815549492836,0.550599479675293,"{""history_used"": 10, ""new_class"": 10}"
phase9_prototype_bank_smooth_h200_seed42,prototype_bank_smooth,prototype_bank_smooth_3c5aca8998,1e00921e7aa95831,42,1,160,training_prototype_diagnostics,20,10,10,62.5,25.0,5.0,0.9166666567325592,0.6798013329505921,0.6160774946212768,0.6321923494338989,0.567030879855156,"{""history_used"": 10, ""new_class"": 10}"
phase9_prototype_bank_smooth_h200_seed42,prototype_bank_smooth,prototype_bank_smooth_3c5aca8998,1e00921e7aa95831,42,1,40,training_prototype_diagnostics,20,10,10,62.5,25.0,5.0,0.9166666567325592,0.5509763419628143,0.4397367984056473,0.440713232755661,0.39159961342811583,"{""history_used"": 10, ""new_class"": 10}"
phase9_prototype_bank_smooth_h200_seed42,prototype_bank_smooth,prototype_bank_smooth_3c5aca8998,1e00921e7aa95831,42,1,80,training_prototype_diagnostics,20,10,10,62.5,25.0,5.0,0.9166666567325592,0.6187957167625427,0.5447826147079468,0.5576880872249603,0.5102738261222839,"{""history_used"": 10, ""new_class"": 10}"
phase9_prototype_bank_smooth_h200_seed42,prototype_bank_smooth,prototype_bank_smooth_3c5aca8998,1e00921e7aa95831,42,2,120,training_prototype_diagnostics,30,20,20,83.33333333333333,16.666666666666668,6.666666666666667,0.8095238208770752,0.5096152283251285,0.479984999448061,0.5102012917399407,0.5852311536669731,"{""history_used"": 20, ""new_class"": 10}"
phase9_prototype_bank_smooth_h200_seed42,prototype_bank_smooth,prototype_bank_smooth_3c5aca8998,1e00921e7aa95831,42,2,160,training_prototype_diagnostics,30,20,20,83.33333333333333,16.666666666666668,6.666666666666667,0.8095238208770752,0.5308889433741569,0.49151812940835954,0.5170306786894798,0.5916702583432197,"{""history_used"": 20, ""new_class"": 10}"
phase9_prototype_bank_smooth_h200_seed42,prototype_bank_smooth,prototype_bank_smooth_3c5aca8998,1e00921e7aa95831,42,2,40,training_prototype_diagnostics,30,20,20,83.33333333333333,16.666666666666668,6.666666666666667,0.8095238208770752,0.5071428418159485,0.4553976461291313,0.461273817718029,0.5454129830002785,"{""history_used"": 20, ""new_class"": 10}"
phase9_prototype_bank_smooth_h200_seed42,prototype_bank_smooth,prototype_bank_smooth_3c5aca8998,1e00921e7aa95831,42,2,80,training_prototype_diagnostics,30,20,20,83.33333333333333,16.666666666666668,6.666666666666667,0.8095238208770752,0.5050061285495758,0.46459053456783295,0.4904184192419052,0.5725021466612816,"{""history_used"": 20, ""new_class"": 10}"
phase9_prototype_bank_smooth_h200_seed42,prototype_bank_smooth,prototype_bank_smooth_3c5aca8998,1e00921e7aa95831,42,3,120,training_prototype_diagnostics,40,30,30,93.75,12.0,7.5,0.7115384787321091,0.46313483715057374,0.45272050698598226,0.4789252310991287,0.6089824140071869,"{""history_used"": 30, ""new_class"": 10}"
phase9_prototype_bank_smooth_h200_seed42,prototype_bank_smooth,prototype_bank_smooth_3c5aca8998,1e00921e7aa95831,42,3,160,training_prototype_diagnostics,40,30,30,93.75,12.0,7.5,0.7115384787321091,0.4655638833840688,0.4602519636352857,0.487299237648646,0.6127062956492106,"{""history_used"": 30, ""new_class"": 10}"
phase9_prototype_bank_smooth_h200_seed42,prototype_bank_smooth,prototype_bank_smooth_3c5aca8998,1e00921e7aa95831,42,3,40,training_prototype_diagnostics,40,30,30,93.75,12.0,7.5,0.7115384787321091,0.47082703113555907,0.44159664362668993,0.45707869430383047,0.592877181371053,"{""history_used"": 30, ""new_class"": 10}"
phase9_prototype_bank_smooth_h200_seed42,prototype_bank_smooth,prototype_bank_smooth_3c5aca8998,1e00921e7aa95831,42,3,80,training_prototype_diagnostics,40,30,30,93.75,12.0,7.5,0.7115384787321091,0.46488111168146135,0.4483733465274175,0.46882861157258354,0.6047050704558691,"{""history_used"": 30, ""new_class"": 10}"
phase9_prototype_bank_smooth_h200_seed42,prototype_bank_smooth,prototype_bank_smooth_3c5aca8998,1e00921e7aa95831,42,4,120,training_prototype_diagnostics,50,40,40,100.0,9.6,8.0,0.6363636493682862,0.44792345240712167,0.4447540480643511,0.4699953138828278,0.6207888297736645,"{""history_used"": 40, ""new_class"": 10}"
phase9_prototype_bank_smooth_h200_seed42,prototype_bank_smooth,prototype_bank_smooth_3c5aca8998,1e00921e7aa95831,42,4,160,training_prototype_diagnostics,50,40,40,100.0,9.6,8.0,0.6363636493682862,0.44763631001114845,0.4495573103427887,0.47489681765437125,0.6218121998012066,"{""history_used"": 40, ""new_class"": 10}"
phase9_prototype_bank_smooth_h200_seed42,prototype_bank_smooth,prototype_bank_smooth_3c5aca8998,1e00921e7aa95831,42,4,40,training_prototype_diagnostics,50,40,40,100.0,9.6,8.0,0.6363636493682862,0.45685368552803995,0.443078787997365,0.4544268328696489,0.6112996637821198,"{""history_used"": 40, ""new_class"": 10}"
phase9_prototype_bank_smooth_h200_seed42,prototype_bank_smooth,prototype_bank_smooth_3c5aca8998,1e00921e7aa95831,42,4,80,training_prototype_diagnostics,50,40,40,100.0,9.6,8.0,0.6363636493682862,0.45046668611466884,0.4424806199967861,0.46631562560796735,0.6196842081844807,"{""history_used"": 40, ""new_class"": 10}"
phase9_prototype_bank_smooth_h200_seed42,prototype_bank_smooth,prototype_bank_smooth_3c5aca8998,1e00921e7aa95831,42,5,120,training_prototype_diagnostics,60,50,50,104.16666666666667,8.333333333333334,8.333333333333334,0.5833333333333334,0.42960650205612183,0.4553016272187233,0.4625212979316711,0.634925153851509,"{""history_used"": 50, ""new_class"": 10}"
phase9_prototype_bank_smooth_h200_seed42,prototype_bank_smooth,prototype_bank_smooth_3c5aca8998,1e00921e7aa95831,42,5,160,training_prototype_diagnostics,60,50,50,104.16666666666667,8.333333333333334,8.333333333333334,0.5833333333333334,0.4262723296880722,0.4570011845231056,0.4651154750585556,0.636013343334198,"{""history_used"": 50, ""new_class"": 10}"
phase9_prototype_bank_smooth_h200_seed42,prototype_bank_smooth,prototype_bank_smooth_3c5aca8998,1e00921e7aa95831,42,5,40,training_prototype_diagnostics,60,50,50,104.16666666666667,8.333333333333334,8.333333333333334,0.5833333333333334,0.43488563656806944,0.45477051943540575,0.4463050436973572,0.6279169404506684,"{""history_used"": 50, ""new_class"": 10}"
phase9_prototype_bank_smooth_h200_seed42,prototype_bank_smooth,prototype_bank_smooth_3c5aca8998,1e00921e7aa95831,42,5,80,training_prototype_diagnostics,60,50,50,104.16666666666667,8.333333333333334,8.333333333333334,0.5833333333333334,0.42864078491926194,0.45277737230062487,0.45629428178071973,0.6316085994243622,"{""history_used"": 50, ""new_class"": 10}"
phase9_prototype_bank_smooth_h200_seed42,prototype_bank_smooth,prototype_bank_smooth_3c5aca8998,1e00921e7aa95831,42,6,120,training_prototype_diagnostics,70,60,60,107.14285714285714,6.857142857142857,8.571428571428571,0.5238095266478402,0.41779473374287285,0.4584446460008621,0.44745007405678433,0.6292894676327705,"{""history_used"": 60, ""new_class"": 10}"
phase9_prototype_bank_smooth_h200_seed42,prototype_bank_smooth,prototype_bank_smooth_3c5aca8998,1e00921e7aa95831,42,6,160,training_prototype_diagnostics,70,60,60,107.14285714285714,6.857142857142857,8.571428571428571,0.5238095266478402,0.41708321844538054,0.4630981519818306,0.45150745908419293,0.6322726100683213,"{""history_used"": 60, ""new_class"": 10}"
phase9_prototype_bank_smooth_h200_seed42,prototype_bank_smooth,prototype_bank_smooth_3c5aca8998,1e00921e7aa95831,42,6,40,training_prototype_diagnostics,70,60,60,107.14285714285714,6.857142857142857,8.571428571428571,0.5238095266478402,0.43145982970794045,0.4559132364888986,0.43999393930037817,0.6204060196876526,"{""history_used"": 60, ""new_class"": 10}"
phase9_prototype_bank_smooth_h200_seed42,prototype_bank_smooth,prototype_bank_smooth_3c5aca8998,1e00921e7aa95831,42,6,80,training_prototype_diagnostics,70,60,60,107.14285714285714,6.857142857142857,8.571428571428571,0.5238095266478402,0.4174409359693527,0.4558863461017609,0.44285205627481145,0.6274124642213186,"{""history_used"": 60, ""new_class"": 10}"
phase9_prototype_bank_smooth_h200_seed42,prototype_bank_smooth,prototype_bank_smooth_3c5aca8998,1e00921e7aa95831,42,7,120,training_prototype_diagnostics,80,70,70,109.375,6.125,8.75,0.485294122248888,0.40744473891598837,0.4713552849633353,0.43788654868091853,0.6423154992716653,"{""history_used"": 70, ""new_class"": 10}"
phase9_prototype_bank_smooth_h200_seed42,prototype_bank_smooth,prototype_bank_smooth_3c5aca8998,1e00921e7aa95831,42,7,160,training_prototype_diagnostics,80,70,70,109.375,6.125,8.75,0.485294122248888,0.40709965846368246,0.475073738183294,0.44053241525377546,0.6443180007593973,"{""history_used"": 70, ""new_class"": 10}"
phase9_prototype_bank_smooth_h200_seed42,prototype_bank_smooth,prototype_bank_smooth_3c5aca8998,1e00921e7aa95831,42,7,40,training_prototype_diagnostics,80,70,70,109.375,6.125,8.75,0.485294122248888,0.42282870709896087,0.4704702087811061,0.4312898591160774,0.6356752408402306,"{""history_used"": 70, ""new_class"": 10}"
phase9_prototype_bank_smooth_h200_seed42,prototype_bank_smooth,prototype_bank_smooth_3c5aca8998,1e00921e7aa95831,42,7,80,training_prototype_diagnostics,80,70,70,109.375,6.125,8.75,0.485294122248888,0.40915820960487637,0.4685490105833326,0.4336866734283311,0.6398654873882021,"{""history_used"": 70, ""new_class"": 10}"
phase9_prototype_bank_smooth_h200_seed42,prototype_bank_smooth,prototype_bank_smooth_3c5aca8998,1e00921e7aa95831,42,8,120,training_prototype_diagnostics,90,80,80,111.11111111111111,5.333333333333333,8.88888888888889,0.4444444444444444,0.40736904460936785,0.48585379905998705,0.4238125577569008,0.636561730131507,"{""history_used"": 80, ""new_class"": 10}"
phase9_prototype_bank_smooth_h200_seed42,prototype_bank_smooth,prototype_bank_smooth_3c5aca8998,1e00921e7aa95831,42,8,160,training_prototype_diagnostics,90,80,80,111.11111111111111,5.333333333333333,8.88888888888889,0.4444444444444444,0.40753832589834926,0.48914144895970824,0.4277391003444791,0.6379941523075103,"{""history_used"": 80, ""new_class"": 10}"
phase9_prototype_bank_smooth_h200_seed42,prototype_bank_smooth,prototype_bank_smooth_3c5aca8998,1e00921e7aa95831,42,8,40,training_prototype_diagnostics,90,80,80,111.11111111111111,5.333333333333333,8.88888888888889,0.4444444444444444,0.4163610529154539,0.4847321484237909,0.4172602634876966,0.6314607243984938,"{""history_used"": 80, ""new_class"": 10}"
phase9_prototype_bank_smooth_h200_seed42,prototype_bank_smooth,prototype_bank_smooth_3c5aca8998,1e00921e7aa95831,42,8,80,training_prototype_diagnostics,90,80,80,111.11111111111111,5.333333333333333,8.88888888888889,0.4444444444444444,0.4066962003707886,0.483498552814126,0.4201790872961283,0.6339561458677053,"{""history_used"": 80, ""new_class"": 10}"
phase9_prototype_bank_smooth_h200_seed42,prototype_bank_smooth,prototype_bank_smooth_3c5aca8998,1e00921e7aa95831,42,9,120,training_prototype_diagnostics,100,90,90,112.5,4.5,9.0,0.4000000089406967,0.4181925223933326,0.5005267742607329,0.4167620339327388,0.6242587947183185,"{""history_used"": 90, ""new_class"": 10}"
phase9_prototype_bank_smooth_h200_seed42,prototype_bank_smooth,prototype_bank_smooth_3c5aca8998,1e00921e7aa95831,42,9,160,training_prototype_diagnostics,100,90,90,112.5,4.5,9.0,0.4000000089406967,0.418398008412785,0.5044803904162513,0.4180662050843239,0.6271128594875336,"{""history_used"": 90, ""new_class"": 10}"
phase9_prototype_bank_smooth_h200_seed42,prototype_bank_smooth,prototype_bank_smooth_3c5aca8998,1e00921e7aa95831,42,9,40,training_prototype_diagnostics,100,90,90,112.5,4.5,9.0,0.4000000089406967,0.4285099357366562,0.49598589307732055,0.41120924303929013,0.6179080022705926,"{""history_used"": 90, ""new_class"": 10}"
phase9_prototype_bank_smooth_h200_seed42,prototype_bank_smooth,prototype_bank_smooth_3c5aca8998,1e00921e7aa95831,42,9,80,training_prototype_diagnostics,100,90,90,112.5,4.5,9.0,0.4000000089406967,0.42052671545081666,0.49638448622491627,0.4133734224571122,0.6211558295620813,"{""history_used"": 90, ""new_class"": 10}"
phase9_prototype_bank_smooth_h200_seed43,prototype_bank_smooth,prototype_bank_smooth_3c5aca8998,1e00921e7aa95831,43,1,120,training_prototype_diagnostics,20,10,10,62.5,25.0,5.0,0.9166666567325592,0.6661148786544799,0.6284879922866822,0.6091627240180969,0.5831037282943725,"{""history_used"": 10, ""new_class"": 10}"
phase9_prototype_bank_smooth_h200_seed43,prototype_bank_smooth,prototype_bank_smooth_3c5aca8998,1e00921e7aa95831,43,1,160,training_prototype_diagnostics,20,10,10,62.5,25.0,5.0,0.9166666567325592,0.6772936165332795,0.6546132028102875,0.6249716937541961,0.5924148857593536,"{""history_used"": 10, ""new_class"": 10}"
phase9_prototype_bank_smooth_h200_seed43,prototype_bank_smooth,prototype_bank_smooth_3c5aca8998,1e00921e7aa95831,43,1,40,training_prototype_diagnostics,20,10,10,62.5,25.0,5.0,0.9166666567325592,0.5540027052164078,0.47522950172424316,0.4460995852947235,0.4258182018995285,"{""history_used"": 10, ""new_class"": 10}"
phase9_prototype_bank_smooth_h200_seed43,prototype_bank_smooth,prototype_bank_smooth_3c5aca8998,1e00921e7aa95831,43,1,80,training_prototype_diagnostics,20,10,10,62.5,25.0,5.0,0.9166666567325592,0.6257186472415924,0.583318680524826,0.5659029930830002,0.54523905813694,"{""history_used"": 10, ""new_class"": 10}"
phase9_prototype_bank_smooth_h200_seed43,prototype_bank_smooth,prototype_bank_smooth_3c5aca8998,1e00921e7aa95831,43,2,120,training_prototype_diagnostics,30,20,20,83.33333333333333,16.666666666666668,6.666666666666667,0.8095238208770752,0.5478032186627388,0.509352508187294,0.51584143191576,0.6168312579393387,"{""history_used"": 20, ""new_class"": 10}"
phase9_prototype_bank_smooth_h200_seed43,prototype_bank_smooth,prototype_bank_smooth_3c5aca8998,1e00921e7aa95831,43,2,160,training_prototype_diagnostics,30,20,20,83.33333333333333,16.666666666666668,6.666666666666667,0.8095238208770752,0.5689933359622955,0.5346051603555679,0.5231757640838623,0.629337128996849,"{""history_used"": 20, ""new_class"": 10}"
phase9_prototype_bank_smooth_h200_seed43,prototype_bank_smooth,prototype_bank_smooth_3c5aca8998,1e00921e7aa95831,43,2,40,training_prototype_diagnostics,30,20,20,83.33333333333333,16.666666666666668,6.666666666666667,0.8095238208770752,0.5468956127762794,0.48961314707994463,0.4801811784505844,0.5912178784608841,"{""history_used"": 20, ""new_class"": 10}"
phase9_prototype_bank_smooth_h200_seed43,prototype_bank_smooth,prototype_bank_smooth_3c5aca8998,1e00921e7aa95831,43,2,80,training_prototype_diagnostics,30,20,20,83.33333333333333,16.666666666666668,6.666666666666667,0.8095238208770752,0.5424371927976608,0.49843850880861285,0.5035263985395432,0.6106404483318328,"{""history_used"": 20, ""new_class"": 10}"
phase9_prototype_bank_smooth_h200_seed43,prototype_bank_smooth,prototype_bank_smooth_3c5aca8998,1e00921e7aa95831,43,3,120,training_prototype_diagnostics,40,30,30,93.75,12.0,7.5,0.7115384787321091,0.4893243526419004,0.4842199901739756,0.4863047033548355,0.6338209172089895,"{""history_used"": 30, ""new_class"": 10}"
phase9_prototype_bank_smooth_h200_seed43,prototype_bank_smooth,prototype_bank_smooth_3c5aca8998,1e00921e7aa95831,43,3,160,training_prototype_diagnostics,40,30,30,93.75,12.0,7.5,0.7115384787321091,0.49104002316792805,0.49233287970225015,0.49232428272565204,0.6361082196235657,"{""history_used"": 30, ""new_class"": 10}"
phase9_prototype_bank_smooth_h200_seed43,prototype_bank_smooth,prototype_bank_smooth_3c5aca8998,1e00921e7aa95831,43,3,40,training_prototype_diagnostics,40,30,30,93.75,12.0,7.5,0.7115384787321091,0.4981176157792409,0.4679761603474617,0.47015625139077505,0.6205233683188757,"{""history_used"": 30, ""new_class"": 10}"
phase9_prototype_bank_smooth_h200_seed43,prototype_bank_smooth,prototype_bank_smooth_3c5aca8998,1e00921e7aa95831,43,3,80,training_prototype_diagnostics,40,30,30,93.75,12.0,7.5,0.7115384787321091,0.48796798338492714,0.4733162924647331,0.4775709648927053,0.6295423040787379,"{""history_used"": 30, ""new_class"": 10}"
phase9_prototype_bank_smooth_h200_seed43,prototype_bank_smooth,prototype_bank_smooth_3c5aca8998,1e00921e7aa95831,43,4,120,training_prototype_diagnostics,50,40,40,100.0,9.6,8.0,0.6363636493682862,0.46278814002871516,0.4776492118835449,0.4724236071109772,0.6446284286677837,"{""history_used"": 40, ""new_class"": 10}"
phase9_prototype_bank_smooth_h200_seed43,prototype_bank_smooth,prototype_bank_smooth_3c5aca8998,1e00921e7aa95831,43,4,160,training_prototype_diagnostics,50,40,40,100.0,9.6,8.0,0.6363636493682862,0.4609456218779087,0.4841375261545181,0.47841290235519407,0.6476295001804828,"{""history_used"": 40, ""new_class"": 10}"
phase9_prototype_bank_smooth_h200_seed43,prototype_bank_smooth,prototype_bank_smooth_3c5aca8998,1e00921e7aa95831,43,4,40,training_prototype_diagnostics,50,40,40,100.0,9.6,8.0,0.6363636493682862,0.4764044165611267,0.46539006642997266,0.45750511102378366,0.632627510279417,"{""history_used"": 40, ""new_class"": 10}"
phase9_prototype_bank_smooth_h200_seed43,prototype_bank_smooth,prototype_bank_smooth_3c5aca8998,1e00921e7aa95831,43,4,80,training_prototype_diagnostics,50,40,40,100.0,9.6,8.0,0.6363636493682862,0.463258446007967,0.46897389739751816,0.46511572413146496,0.6412859052419663,"{""history_used"": 40, ""new_class"": 10}"
phase9_prototype_bank_smooth_h200_seed43,prototype_bank_smooth,prototype_bank_smooth_3c5aca8998,1e00921e7aa95831,43,5,120,training_prototype_diagnostics,60,50,50,104.16666666666667,8.333333333333334,8.333333333333334,0.5833333333333334,0.4534329107403755,0.4756132611632347,0.4690999883413315,0.6492224788665771,"{""history_used"": 50, ""new_class"": 10}"
phase9_prototype_bank_smooth_h200_seed43,prototype_bank_smooth,prototype_bank_smooth_3c5aca8998,1e00921e7aa95831,43,5,160,training_prototype_diagnostics,60,50,50,104.16666666666667,8.333333333333334,8.333333333333334,0.5833333333333334,0.45130708158016203,0.4799800843000412,0.47076941549777984,0.6508316546678543,"{""history_used"": 50, ""new_class"": 10}"
phase9_prototype_bank_smooth_h200_seed43,prototype_bank_smooth,prototype_bank_smooth_3c5aca8998,1e00921e7aa95831,43,5,40,training_prototype_diagnostics,60,50,50,104.16666666666667,8.333333333333334,8.333333333333334,0.5833333333333334,0.4642632964253426,0.4743860712647438,0.45603207796812056,0.6420855158567429,"{""history_used"": 50, ""new_class"": 10}"
phase9_prototype_bank_smooth_h200_seed43,prototype_bank_smooth,prototype_bank_smooth_3c5aca8998,1e00921e7aa95831,43,5,80,training_prototype_diagnostics,60,50,50,104.16666666666667,8.333333333333334,8.333333333333334,0.5833333333333334,0.45439097166061404,0.4709558123350143,0.46282440960407256,0.6462842482328415,"{""history_used"": 50, ""new_class"": 10}"
phase9_prototype_bank_smooth_h200_seed43,prototype_bank_smooth,prototype_bank_smooth_3c5aca8998,1e00921e7aa95831,43,6,120,training_prototype_diagnostics,70,60,60,107.14285714285714,6.857142857142857,8.571428571428571,0.5238095266478402,0.43990894258022306,0.48495345811049145,0.45506153504053753,0.6473051647345225,"{""history_used"": 60, ""new_class"": 10}"
phase9_prototype_bank_smooth_h200_seed43,prototype_bank_smooth,prototype_bank_smooth_3c5aca8998,1e00921e7aa95831,43,6,160,training_prototype_diagnostics,70,60,60,107.14285714285714,6.857142857142857,8.571428571428571,0.5238095266478402,0.43807557846109074,0.48756659477949144,0.4575961582362652,0.6475975319743157,"{""history_used"": 60, ""new_class"": 10}"
phase9_prototype_bank_smooth_h200_seed43,prototype_bank_smooth,prototype_bank_smooth_3c5aca8998,1e00921e7aa95831,43,6,40,training_prototype_diagnostics,70,60,60,107.14285714285714,6.857142857142857,8.571428571428571,0.5238095266478402,0.4567914108435313,0.47659662961959837,0.4483150852223237,0.6385323122143746,"{""history_used"": 60, ""new_class"": 10}"
phase9_prototype_bank_smooth_h200_seed43,prototype_bank_smooth,prototype_bank_smooth_3c5aca8998,1e00921e7aa95831,43,6,80,training_prototype_diagnostics,70,60,60,107.14285714285714,6.857142857142857,8.571428571428571,0.5238095266478402,0.44302074039975803,0.47812348504861196,0.4525289145608743,0.643861376742522,"{""history_used"": 60, ""new_class"": 10}"
phase9_prototype_bank_smooth_h200_seed43,prototype_bank_smooth,prototype_bank_smooth_3c5aca8998,1e00921e7aa95831,43,7,120,training_prototype_diagnostics,80,70,70,109.375,6.125,8.75,0.485294122248888,0.4368355120931353,0.4882207738501685,0.4483785861304828,0.6526285465274538,"{""history_used"": 70, ""new_class"": 10}"
phase9_prototype_bank_smooth_h200_seed43,prototype_bank_smooth,prototype_bank_smooth_3c5aca8998,1e00921e7aa95831,43,7,160,training_prototype_diagnostics,80,70,70,109.375,6.125,8.75,0.485294122248888,0.43475394397974015,0.49199639856815336,0.4496144543801035,0.6541635479245868,"{""history_used"": 70, ""new_class"": 10}"
phase9_prototype_bank_smooth_h200_seed43,prototype_bank_smooth,prototype_bank_smooth_3c5aca8998,1e00921e7aa95831,43,7,40,training_prototype_diagnostics,80,70,70,109.375,6.125,8.75,0.485294122248888,0.45230293657098497,0.48662818095513755,0.44010532200336455,0.6493217613015856,"{""history_used"": 70, ""new_class"": 10}"
phase9_prototype_bank_smooth_h200_seed43,prototype_bank_smooth,prototype_bank_smooth_3c5aca8998,1e00921e7aa95831,43,7,80,training_prototype_diagnostics,80,70,70,109.375,6.125,8.75,0.485294122248888,0.43765554513250077,0.4864086772714342,0.44295050970145633,0.6526642386402403,"{""history_used"": 70, ""new_class"": 10}"
phase9_prototype_bank_smooth_h200_seed43,prototype_bank_smooth,prototype_bank_smooth_3c5aca8998,1e00921e7aa95831,43,8,120,training_prototype_diagnostics,90,80,80,111.11111111111111,5.333333333333333,8.88888888888889,0.4444444444444444,0.43647913094609975,0.5005750492215156,0.4402160787954926,0.6517673604190349,"{""history_used"": 80, ""new_class"": 10}"
phase9_prototype_bank_smooth_h200_seed43,prototype_bank_smooth,prototype_bank_smooth_3c5aca8998,1e00921e7aa95831,43,8,160,training_prototype_diagnostics,90,80,80,111.11111111111111,5.333333333333333,8.88888888888889,0.4444444444444444,0.433035621419549,0.5059224668890238,0.44191398099064827,0.6547416310757399,"{""history_used"": 80, ""new_class"": 10}"
phase9_prototype_bank_smooth_h200_seed43,prototype_bank_smooth,prototype_bank_smooth_3c5aca8998,1e00921e7aa95831,43,8,40,training_prototype_diagnostics,90,80,80,111.11111111111111,5.333333333333333,8.88888888888889,0.4444444444444444,0.4492332853376865,0.4983469510450959,0.4309413004666567,0.6463862478733062,"{""history_used"": 80, ""new_class"": 10}"
phase9_prototype_bank_smooth_h200_seed43,prototype_bank_smooth,prototype_bank_smooth_3c5aca8998,1e00921e7aa95831,43,8,80,training_prototype_diagnostics,90,80,80,111.11111111111111,5.333333333333333,8.88888888888889,0.4444444444444444,0.43914624080061915,0.49887099750339986,0.43744916319847105,0.6503736607730388,"{""history_used"": 80, ""new_class"": 10}"
phase9_prototype_bank_smooth_h200_seed43,prototype_bank_smooth,prototype_bank_smooth_3c5aca8998,1e00921e7aa95831,43,9,120,training_prototype_diagnostics,100,90,90,112.5,4.5,9.0,0.4000000089406967,0.4389000097910563,0.511880240837733,0.42345296293497087,0.6293577558464474,"{""history_used"": 90, ""new_class"": 10}"
phase9_prototype_bank_smooth_h200_seed43,prototype_bank_smooth,prototype_bank_smooth_3c5aca8998,1e00921e7aa95831,43,9,160,training_prototype_diagnostics,100,90,90,112.5,4.5,9.0,0.4000000089406967,0.43847289035717646,0.5167392710844676,0.42577065262529584,0.6335244993368785,"{""history_used"": 90, ""new_class"": 10}"
phase9_prototype_bank_smooth_h200_seed43,prototype_bank_smooth,prototype_bank_smooth_3c5aca8998,1e00921e7aa95831,43,9,40,training_prototype_diagnostics,100,90,90,112.5,4.5,9.0,0.4000000089406967,0.45284037788709003,0.5049874635206328,0.4166916580663787,0.6203318801191118,"{""history_used"": 90, ""new_class"": 10}"
phase9_prototype_bank_smooth_h200_seed43,prototype_bank_smooth,prototype_bank_smooth_3c5aca8998,1e00921e7aa95831,43,9,80,training_prototype_diagnostics,100,90,90,112.5,4.5,9.0,0.4000000089406967,0.4432286290658845,0.5070111294587453,0.42039579666323135,0.6260123636987475,"{""history_used"": 90, ""new_class"": 10}"
phase9_prototype_bank_smooth_h200_seed44,prototype_bank_smooth,prototype_bank_smooth_3c5aca8998,1e00921e7aa95831,44,1,120,training_prototype_diagnostics,20,10,10,62.5,25.0,5.0,0.9166666567325592,0.6754611670970917,0.6196694850921631,0.6138088583946228,0.563864603638649,"{""history_used"": 10, ""new_class"": 10}"
phase9_prototype_bank_smooth_h200_seed44,prototype_bank_smooth,prototype_bank_smooth_3c5aca8998,1e00921e7aa95831,44,1,160,training_prototype_diagnostics,20,10,10,62.5,25.0,5.0,0.9166666567325592,0.7064337193965912,0.6463314831256867,0.6412383556365967,0.5774158656597137,"{""history_used"": 10, ""new_class"": 10}"
phase9_prototype_bank_smooth_h200_seed44,prototype_bank_smooth,prototype_bank_smooth_3c5aca8998,1e00921e7aa95831,44,1,40,training_prototype_diagnostics,20,10,10,62.5,25.0,5.0,0.9166666567325592,0.5850699543952942,0.4627019077539444,0.464971724152565,0.4198793828487396,"{""history_used"": 10, ""new_class"": 10}"
phase9_prototype_bank_smooth_h200_seed44,prototype_bank_smooth,prototype_bank_smooth_3c5aca8998,1e00921e7aa95831,44,1,80,training_prototype_diagnostics,20,10,10,62.5,25.0,5.0,0.9166666567325592,0.646857064962387,0.574126809835434,0.5793307065963745,0.5319354176521301,"{""history_used"": 10, ""new_class"": 10}"
phase9_prototype_bank_smooth_h200_seed44,prototype_bank_smooth,prototype_bank_smooth_3c5aca8998,1e00921e7aa95831,44,2,120,training_prototype_diagnostics,30,20,20,83.33333333333333,16.666666666666668,6.666666666666667,0.8095238208770752,0.5341599330306053,0.49881879836320875,0.5136677131056786,0.5805012300610543,"{""history_used"": 20, ""new_class"": 10}"
phase9_prototype_bank_smooth_h200_seed44,prototype_bank_smooth,prototype_bank_smooth_3c5aca8998,1e00921e7aa95831,44,2,160,training_prototype_diagnostics,30,20,20,83.33333333333333,16.666666666666668,6.666666666666667,0.8095238208770752,0.5394866853952408,0.510860127210617,0.5250933349132538,0.5898794203996658,"{""history_used"": 20, ""new_class"": 10}"
phase9_prototype_bank_smooth_h200_seed44,prototype_bank_smooth,prototype_bank_smooth_3c5aca8998,1e00921e7aa95831,44,2,40,training_prototype_diagnostics,30,20,20,83.33333333333333,16.666666666666668,6.666666666666667,0.8095238208770752,0.521053983271122,0.46332111284136773,0.4583962544798851,0.5306248962879181,"{""history_used"": 20, ""new_class"": 10}"
phase9_prototype_bank_smooth_h200_seed44,prototype_bank_smooth,prototype_bank_smooth_3c5aca8998,1e00921e7aa95831,44,2,80,training_prototype_diagnostics,30,20,20,83.33333333333333,16.666666666666668,6.666666666666667,0.8095238208770752,0.5317511022090912,0.47897376120090485,0.49339537918567655,0.5646903619170189,"{""history_used"": 20, ""new_class"": 10}"
phase9_prototype_bank_smooth_h200_seed44,prototype_bank_smooth,prototype_bank_smooth_3c5aca8998,1e00921e7aa95831,44,3,120,training_prototype_diagnostics,40,30,30,93.75,12.0,7.5,0.7115384787321091,0.48965914448102316,0.4674197847644488,0.4879147251447042,0.594163837035497,"{""history_used"": 30, ""new_class"": 10}"
phase9_prototype_bank_smooth_h200_seed44,prototype_bank_smooth,prototype_bank_smooth_3c5aca8998,1e00921e7aa95831,44,3,160,training_prototype_diagnostics,40,30,30,93.75,12.0,7.5,0.7115384787321091,0.49288335839907327,0.4730753988027573,0.49257630308469136,0.5986195047696431,"{""history_used"": 30, ""new_class"": 10}"
phase9_prototype_bank_smooth_h200_seed44,prototype_bank_smooth,prototype_bank_smooth_3c5aca8998,1e00921e7aa95831,44,3,40,training_prototype_diagnostics,40,30,30,93.75,12.0,7.5,0.7115384787321091,0.49343289335568746,0.45173723498980206,0.4619139994184176,0.572543395558993,"{""history_used"": 30, ""new_class"": 10}"
phase9_prototype_bank_smooth_h200_seed44,prototype_bank_smooth,prototype_bank_smooth_3c5aca8998,1e00921e7aa95831,44,3,80,training_prototype_diagnostics,40,30,30,93.75,12.0,7.5,0.7115384787321091,0.4887282664577166,0.4563397760192553,0.47595408856868743,0.5857497364282608,"{""history_used"": 30, ""new_class"": 10}"
phase9_prototype_bank_smooth_h200_seed44,prototype_bank_smooth,prototype_bank_smooth_3c5aca8998,1e00921e7aa95831,44,4,120,training_prototype_diagnostics,50,40,40,100.0,9.6,8.0,0.6363636493682862,0.4722174569964409,0.45484609082341193,0.47630398645997046,0.6006074331700801,"{""history_used"": 40, ""new_class"": 10}"
phase9_prototype_bank_smooth_h200_seed44,prototype_bank_smooth,prototype_bank_smooth_3c5aca8998,1e00921e7aa95831,44,4,160,training_prototype_diagnostics,50,40,40,100.0,9.6,8.0,0.6363636493682862,0.47290128357708455,0.4572787776589394,0.48265266716480254,0.604539017379284,"{""history_used"": 40, ""new_class"": 10}"
phase9_prototype_bank_smooth_h200_seed44,prototype_bank_smooth,prototype_bank_smooth_3c5aca8998,1e00921e7aa95831,44,4,40,training_prototype_diagnostics,50,40,40,100.0,9.6,8.0,0.6363636493682862,0.48351469337940217,0.45257597491145135,0.46199449226260186,0.5892006956040859,"{""history_used"": 40, ""new_class"": 10}"
phase9_prototype_bank_smooth_h200_seed44,prototype_bank_smooth,prototype_bank_smooth_3c5aca8998,1e00921e7aa95831,44,4,80,training_prototype_diagnostics,50,40,40,100.0,9.6,8.0,0.6363636493682862,0.47870970591902734,0.45164068304002286,0.4696198269724846,0.5980351276695728,"{""history_used"": 40, ""new_class"": 10}"
phase9_prototype_bank_smooth_h200_seed44,prototype_bank_smooth,prototype_bank_smooth_3c5aca8998,1e00921e7aa95831,44,5,120,training_prototype_diagnostics,60,50,50,104.16666666666667,8.333333333333334,8.333333333333334,0.5833333333333334,0.45060418993234636,0.4561061102151871,0.4614951351284981,0.6073150449991226,"{""history_used"": 50, ""new_class"": 10}"
phase9_prototype_bank_smooth_h200_seed44,prototype_bank_smooth,prototype_bank_smooth_3c5aca8998,1e00921e7aa95831,44,5,160,training_prototype_diagnostics,60,50,50,104.16666666666667,8.333333333333334,8.333333333333334,0.5833333333333334,0.4516482397913933,0.46272541880607604,0.46831340342760086,0.611612508893013,"{""history_used"": 50, ""new_class"": 10}"
phase9_prototype_bank_smooth_h200_seed44,prototype_bank_smooth,prototype_bank_smooth_3c5aca8998,1e00921e7aa95831,44,5,40,training_prototype_diagnostics,60,50,50,104.16666666666667,8.333333333333334,8.333333333333334,0.5833333333333334,0.4586556628346443,0.4516410005092621,0.448750242292881,0.5954887109994889,"{""history_used"": 50, ""new_class"": 10}"
phase9_prototype_bank_smooth_h200_seed44,prototype_bank_smooth,prototype_bank_smooth_3c5aca8998,1e00921e7aa95831,44,5,80,training_prototype_diagnostics,60,50,50,104.16666666666667,8.333333333333334,8.333333333333334,0.5833333333333334,0.45164857387542723,0.4532135847210884,0.45566449761390687,0.6031152057647705,"{""history_used"": 50, ""new_class"": 10}"
phase9_prototype_bank_smooth_h200_seed44,prototype_bank_smooth,prototype_bank_smooth_3c5aca8998,1e00921e7aa95831,44,6,120,training_prototype_diagnostics,70,60,60,107.14285714285714,6.857142857142857,8.571428571428571,0.5238095266478402,0.44948835000395776,0.46684534748395284,0.45015720625718436,0.6049872790773709,"{""history_used"": 60, ""new_class"": 10}"
phase9_prototype_bank_smooth_h200_seed44,prototype_bank_smooth,prototype_bank_smooth_3c5aca8998,1e00921e7aa95831,44,6,160,training_prototype_diagnostics,70,60,60,107.14285714285714,6.857142857142857,8.571428571428571,0.5238095266478402,0.4495111738642057,0.4697416548927625,0.4540712791184584,0.6072654654582341,"{""history_used"": 60, ""new_class"": 10}"
phase9_prototype_bank_smooth_h200_seed44,prototype_bank_smooth,prototype_bank_smooth_3c5aca8998,1e00921e7aa95831,44,6,40,training_prototype_diagnostics,70,60,60,107.14285714285714,6.857142857142857,8.571428571428571,0.5238095266478402,0.46766877397894857,0.46601765751838686,0.4411422463754813,0.5923068722089132,"{""history_used"": 60, ""new_class"": 10}"
phase9_prototype_bank_smooth_h200_seed44,prototype_bank_smooth,prototype_bank_smooth_3c5aca8998,1e00921e7aa95831,44,6,80,training_prototype_diagnostics,70,60,60,107.14285714285714,6.857142857142857,8.571428571428571,0.5238095266478402,0.45085394258300465,0.46348043357332547,0.44623014827569324,0.6007297699650128,"{""history_used"": 60, ""new_class"": 10}"
phase9_prototype_bank_smooth_h200_seed44,prototype_bank_smooth,prototype_bank_smooth_3c5aca8998,1e00921e7aa95831,44,7,120,training_prototype_diagnostics,80,70,70,109.375,6.125,8.75,0.485294122248888,0.44037681136812484,0.46649083282266346,0.43692223238093514,0.6113426689590726,"{""history_used"": 70, ""new_class"": 10}"
phase9_prototype_bank_smooth_h200_seed44,prototype_bank_smooth,prototype_bank_smooth_3c5aca8998,1e00921e7aa95831,44,7,160,training_prototype_diagnostics,80,70,70,109.375,6.125,8.75,0.485294122248888,0.44269770213535853,0.4707061746290752,0.44113400429487226,0.6144585426364626,"{""history_used"": 70, ""new_class"": 10}"
phase9_prototype_bank_smooth_h200_seed44,prototype_bank_smooth,prototype_bank_smooth_3c5aca8998,1e00921e7aa95831,44,7,40,training_prototype_diagnostics,80,70,70,109.375,6.125,8.75,0.485294122248888,0.4505534529685974,0.4661675702248301,0.4287856727838516,0.6048625652279173,"{""history_used"": 70, ""new_class"": 10}"
phase9_prototype_bank_smooth_h200_seed44,prototype_bank_smooth,prototype_bank_smooth_3c5aca8998,1e00921e7aa95831,44,7,80,training_prototype_diagnostics,80,70,70,109.375,6.125,8.75,0.485294122248888,0.4430931906614985,0.4657894236700875,0.43384854452950616,0.6098717795951026,"{""history_used"": 70, ""new_class"": 10}"
phase9_prototype_bank_smooth_h200_seed44,prototype_bank_smooth,prototype_bank_smooth_3c5aca8998,1e00921e7aa95831,44,8,120,training_prototype_diagnostics,90,80,80,111.11111111111111,5.333333333333333,8.88888888888889,0.4444444444444444,0.44716499242931607,0.47659076694399116,0.431182081066072,0.6091202806681395,"{""history_used"": 80, ""new_class"": 10}"
phase9_prototype_bank_smooth_h200_seed44,prototype_bank_smooth,prototype_bank_smooth_3c5aca8998,1e00921e7aa95831,44,8,160,training_prototype_diagnostics,90,80,80,111.11111111111111,5.333333333333333,8.88888888888889,0.4444444444444444,0.44575060401111843,0.4786019492894411,0.43422612100839614,0.6110693860799075,"{""history_used"": 80, ""new_class"": 10}"
phase9_prototype_bank_smooth_h200_seed44,prototype_bank_smooth,prototype_bank_smooth_3c5aca8998,1e00921e7aa95831,44,8,40,training_prototype_diagnostics,90,80,80,111.11111111111111,5.333333333333333,8.88888888888889,0.4444444444444444,0.45278331357985735,0.47491184491664173,0.4210639802739024,0.6019505009055137,"{""history_used"": 80, ""new_class"": 10}"
phase9_prototype_bank_smooth_h200_seed44,prototype_bank_smooth,prototype_bank_smooth_3c5aca8998,1e00921e7aa95831,44,8,80,training_prototype_diagnostics,90,80,80,111.11111111111111,5.333333333333333,8.88888888888889,0.4444444444444444,0.4465505378320813,0.47322040498256684,0.4266918754205108,0.6056405305862427,"{""history_used"": 80, ""new_class"": 10}"
phase9_prototype_bank_smooth_h200_seed44,prototype_bank_smooth,prototype_bank_smooth_3c5aca8998,1e00921e7aa95831,44,9,120,training_prototype_diagnostics,100,90,90,112.5,4.5,9.0,0.4000000089406967,0.4391995549201965,0.485335679186715,0.41410648773113884,0.5914488279157215,"{""history_used"": 90, ""new_class"": 10}"
phase9_prototype_bank_smooth_h200_seed44,prototype_bank_smooth,prototype_bank_smooth_3c5aca8998,1e00921e7aa95831,44,9,160,training_prototype_diagnostics,100,90,90,112.5,4.5,9.0,0.4000000089406967,0.44113788025246725,0.4887277725670073,0.4174990665581491,0.5939449714289771,"{""history_used"": 90, ""new_class"": 10}"
phase9_prototype_bank_smooth_h200_seed44,prototype_bank_smooth,prototype_bank_smooth_3c5aca8998,1e00921e7aa95831,44,9,40,training_prototype_diagnostics,100,90,90,112.5,4.5,9.0,0.4000000089406967,0.4551263666815228,0.47944873207145267,0.40962865087721084,0.5836527370744281,"{""history_used"": 90, ""new_class"": 10}"
phase9_prototype_bank_smooth_h200_seed44,prototype_bank_smooth,prototype_bank_smooth_3c5aca8998,1e00921e7aa95831,44,9,80,training_prototype_diagnostics,100,90,90,112.5,4.5,9.0,0.4000000089406967,0.44470835559897953,0.48159889744387735,0.41275354309214485,0.5881880495283339,"{""history_used"": 90, ""new_class"": 10}"
