prototype,prototype_policy,setting,margin_tolerance,seed,experiment_name,command_file,command_line,log_path,source_setting,lam_cmr,lam_cross_sdc_i,lam_cross_sdc_c
B,pre_shrink,S3,0.05,42,VGGSound_protoB_s3_tol0p05_lcmr0p1_lxc0p3_seed42,commands_prototype_B_s3_s4.txt,1,logs_prototype_BC/VGGSound_protoB_s3_tol0p05_lcmr0p1_lxc0p3_seed42.log,H05_c3_cmr_wcrossc,0.1,0.0,0.3
B,pre_shrink,S3,0.05,43,VGGSound_protoB_s3_tol0p05_lcmr0p1_lxc0p3_seed43,commands_prototype_B_s3_s4.txt,2,logs_prototype_BC/VGGSound_protoB_s3_tol0p05_lcmr0p1_lxc0p3_seed43.log,H05_c3_cmr_wcrossc,0.1,0.0,0.3
B,pre_shrink,S3,0.05,44,VGGSound_protoB_s3_tol0p05_lcmr0p1_lxc0p3_seed44,commands_prototype_B_s3_s4.txt,3,logs_prototype_BC/VGGSound_protoB_s3_tol0p05_lcmr0p1_lxc0p3_seed44.log,H05_c3_cmr_wcrossc,0.1,0.0,0.3
B,pre_shrink,S4,0.05,42,VGGSound_protoB_s4_tol0p05_lcmr0p1_lxc0p3_seed42,commands_prototype_B_s3_s4.txt,4,logs_prototype_BC/VGGSound_protoB_s4_tol0p05_lcmr0p1_lxc0p3_seed42.log,H05_c4_cross_i_only,0.1,0.1,0.3
B,pre_shrink,S4,0.05,43,VGGSound_protoB_s4_tol0p05_lcmr0p1_lxc0p3_seed43,commands_prototype_B_s3_s4.txt,5,logs_prototype_BC/VGGSound_protoB_s4_tol0p05_lcmr0p1_lxc0p3_seed43.log,H05_c4_cross_i_only,0.1,0.1,0.3
B,pre_shrink,S4,0.05,44,VGGSound_protoB_s4_tol0p05_lcmr0p1_lxc0p3_seed44,commands_prototype_B_s3_s4.txt,6,logs_prototype_BC/VGGSound_protoB_s4_tol0p05_lcmr0p1_lxc0p3_seed44.log,H05_c4_cross_i_only,0.1,0.1,0.3
B,pre_shrink,S3,0.1,42,VGGSound_protoB_s3_tol0p1_lcmr0p1_lxc0p3_seed42,commands_prototype_B_s3_s4.txt,7,logs_prototype_BC/VGGSound_protoB_s3_tol0p1_lcmr0p1_lxc0p3_seed42.log,H05_c3_cmr_wcrossc,0.1,0.0,0.3
B,pre_shrink,S3,0.1,43,VGGSound_protoB_s3_tol0p1_lcmr0p1_lxc0p3_seed43,commands_prototype_B_s3_s4.txt,8,logs_prototype_BC/VGGSound_protoB_s3_tol0p1_lcmr0p1_lxc0p3_seed43.log,H05_c3_cmr_wcrossc,0.1,0.0,0.3
B,pre_shrink,S3,0.1,44,VGGSound_protoB_s3_tol0p1_lcmr0p1_lxc0p3_seed44,commands_prototype_B_s3_s4.txt,9,logs_prototype_BC/VGGSound_protoB_s3_tol0p1_lcmr0p1_lxc0p3_seed44.log,H05_c3_cmr_wcrossc,0.1,0.0,0.3
B,pre_shrink,S4,0.1,42,VGGSound_protoB_s4_tol0p1_lcmr0p1_lxc0p3_seed42,commands_prototype_B_s3_s4.txt,10,logs_prototype_BC/VGGSound_protoB_s4_tol0p1_lcmr0p1_lxc0p3_seed42.log,H05_c4_cross_i_only,0.1,0.1,0.3
B,pre_shrink,S4,0.1,43,VGGSound_protoB_s4_tol0p1_lcmr0p1_lxc0p3_seed43,commands_prototype_B_s3_s4.txt,11,logs_prototype_BC/VGGSound_protoB_s4_tol0p1_lcmr0p1_lxc0p3_seed43.log,H05_c4_cross_i_only,0.1,0.1,0.3
B,pre_shrink,S4,0.1,44,VGGSound_protoB_s4_tol0p1_lcmr0p1_lxc0p3_seed44,commands_prototype_B_s3_s4.txt,12,logs_prototype_BC/VGGSound_protoB_s4_tol0p1_lcmr0p1_lxc0p3_seed44.log,H05_c4_cross_i_only,0.1,0.1,0.3
B,pre_shrink,S3,0.2,42,VGGSound_protoB_s3_tol0p2_lcmr0p1_lxc0p3_seed42,commands_prototype_B_s3_s4.txt,13,logs_prototype_BC/VGGSound_protoB_s3_tol0p2_lcmr0p1_lxc0p3_seed42.log,H05_c3_cmr_wcrossc,0.1,0.0,0.3
B,pre_shrink,S3,0.2,43,VGGSound_protoB_s3_tol0p2_lcmr0p1_lxc0p3_seed43,commands_prototype_B_s3_s4.txt,14,logs_prototype_BC/VGGSound_protoB_s3_tol0p2_lcmr0p1_lxc0p3_seed43.log,H05_c3_cmr_wcrossc,0.1,0.0,0.3
B,pre_shrink,S3,0.2,44,VGGSound_protoB_s3_tol0p2_lcmr0p1_lxc0p3_seed44,commands_prototype_B_s3_s4.txt,15,logs_prototype_BC/VGGSound_protoB_s3_tol0p2_lcmr0p1_lxc0p3_seed44.log,H05_c3_cmr_wcrossc,0.1,0.0,0.3
B,pre_shrink,S4,0.2,42,VGGSound_protoB_s4_tol0p2_lcmr0p1_lxc0p3_seed42,commands_prototype_B_s3_s4.txt,16,logs_prototype_BC/VGGSound_protoB_s4_tol0p2_lcmr0p1_lxc0p3_seed42.log,H05_c4_cross_i_only,0.1,0.1,0.3
B,pre_shrink,S4,0.2,43,VGGSound_protoB_s4_tol0p2_lcmr0p1_lxc0p3_seed43,commands_prototype_B_s3_s4.txt,17,logs_prototype_BC/VGGSound_protoB_s4_tol0p2_lcmr0p1_lxc0p3_seed43.log,H05_c4_cross_i_only,0.1,0.1,0.3
B,pre_shrink,S4,0.2,44,VGGSound_protoB_s4_tol0p2_lcmr0p1_lxc0p3_seed44,commands_prototype_B_s3_s4.txt,18,logs_prototype_BC/VGGSound_protoB_s4_tol0p2_lcmr0p1_lxc0p3_seed44.log,H05_c4_cross_i_only,0.1,0.1,0.3
C,historical,S3,0.05,42,VGGSound_protoC_histv1_s3_tol0p05_lcmr0p1_lxc0p3_seed42,commands_prototype_C_s3_s4.txt,1,logs_prototype_BC/VGGSound_protoC_histv1_s3_tol0p05_lcmr0p1_lxc0p3_seed42.log,H05_c3_cmr_wcrossc,0.1,0.0,0.3
C,historical,S3,0.05,43,VGGSound_protoC_histv1_s3_tol0p05_lcmr0p1_lxc0p3_seed43,commands_prototype_C_s3_s4.txt,2,logs_prototype_BC/VGGSound_protoC_histv1_s3_tol0p05_lcmr0p1_lxc0p3_seed43.log,H05_c3_cmr_wcrossc,0.1,0.0,0.3
C,historical,S3,0.05,44,VGGSound_protoC_histv1_s3_tol0p05_lcmr0p1_lxc0p3_seed44,commands_prototype_C_s3_s4.txt,3,logs_prototype_BC/VGGSound_protoC_histv1_s3_tol0p05_lcmr0p1_lxc0p3_seed44.log,H05_c3_cmr_wcrossc,0.1,0.0,0.3
C,historical,S4,0.05,42,VGGSound_protoC_histv1_s4_tol0p05_lcmr0p1_lxc0p3_seed42,commands_prototype_C_s3_s4.txt,4,logs_prototype_BC/VGGSound_protoC_histv1_s4_tol0p05_lcmr0p1_lxc0p3_seed42.log,H05_c4_cross_i_only,0.1,0.1,0.3
C,historical,S4,0.05,43,VGGSound_protoC_histv1_s4_tol0p05_lcmr0p1_lxc0p3_seed43,commands_prototype_C_s3_s4.txt,5,logs_prototype_BC/VGGSound_protoC_histv1_s4_tol0p05_lcmr0p1_lxc0p3_seed43.log,H05_c4_cross_i_only,0.1,0.1,0.3
C,historical,S4,0.05,44,VGGSound_protoC_histv1_s4_tol0p05_lcmr0p1_lxc0p3_seed44,commands_prototype_C_s3_s4.txt,6,logs_prototype_BC/VGGSound_protoC_histv1_s4_tol0p05_lcmr0p1_lxc0p3_seed44.log,H05_c4_cross_i_only,0.1,0.1,0.3
C,historical,S3,0.1,42,VGGSound_protoC_histv1_s3_tol0p1_lcmr0p1_lxc0p3_seed42,commands_prototype_C_s3_s4.txt,7,logs_prototype_BC/VGGSound_protoC_histv1_s3_tol0p1_lcmr0p1_lxc0p3_seed42.log,H05_c3_cmr_wcrossc,0.1,0.0,0.3
C,historical,S3,0.1,43,VGGSound_protoC_histv1_s3_tol0p1_lcmr0p1_lxc0p3_seed43,commands_prototype_C_s3_s4.txt,8,logs_prototype_BC/VGGSound_protoC_histv1_s3_tol0p1_lcmr0p1_lxc0p3_seed43.log,H05_c3_cmr_wcrossc,0.1,0.0,0.3
C,historical,S3,0.1,44,VGGSound_protoC_histv1_s3_tol0p1_lcmr0p1_lxc0p3_seed44,commands_prototype_C_s3_s4.txt,9,logs_prototype_BC/VGGSound_protoC_histv1_s3_tol0p1_lcmr0p1_lxc0p3_seed44.log,H05_c3_cmr_wcrossc,0.1,0.0,0.3
C,historical,S4,0.1,42,VGGSound_protoC_histv1_s4_tol0p1_lcmr0p1_lxc0p3_seed42,commands_prototype_C_s3_s4.txt,10,logs_prototype_BC/VGGSound_protoC_histv1_s4_tol0p1_lcmr0p1_lxc0p3_seed42.log,H05_c4_cross_i_only,0.1,0.1,0.3
C,historical,S4,0.1,43,VGGSound_protoC_histv1_s4_tol0p1_lcmr0p1_lxc0p3_seed43,commands_prototype_C_s3_s4.txt,11,logs_prototype_BC/VGGSound_protoC_histv1_s4_tol0p1_lcmr0p1_lxc0p3_seed43.log,H05_c4_cross_i_only,0.1,0.1,0.3
C,historical,S4,0.1,44,VGGSound_protoC_histv1_s4_tol0p1_lcmr0p1_lxc0p3_seed44,commands_prototype_C_s3_s4.txt,12,logs_prototype_BC/VGGSound_protoC_histv1_s4_tol0p1_lcmr0p1_lxc0p3_seed44.log,H05_c4_cross_i_only,0.1,0.1,0.3
C,historical,S3,0.2,42,VGGSound_protoC_histv1_s3_tol0p2_lcmr0p1_lxc0p3_seed42,commands_prototype_C_s3_s4.txt,13,logs_prototype_BC/VGGSound_protoC_histv1_s3_tol0p2_lcmr0p1_lxc0p3_seed42.log,H05_c3_cmr_wcrossc,0.1,0.0,0.3
C,historical,S3,0.2,43,VGGSound_protoC_histv1_s3_tol0p2_lcmr0p1_lxc0p3_seed43,commands_prototype_C_s3_s4.txt,14,logs_prototype_BC/VGGSound_protoC_histv1_s3_tol0p2_lcmr0p1_lxc0p3_seed43.log,H05_c3_cmr_wcrossc,0.1,0.0,0.3
C,historical,S3,0.2,44,VGGSound_protoC_histv1_s3_tol0p2_lcmr0p1_lxc0p3_seed44,commands_prototype_C_s3_s4.txt,15,logs_prototype_BC/VGGSound_protoC_histv1_s3_tol0p2_lcmr0p1_lxc0p3_seed44.log,H05_c3_cmr_wcrossc,0.1,0.0,0.3
C,historical,S4,0.2,42,VGGSound_protoC_histv1_s4_tol0p2_lcmr0p1_lxc0p3_seed42,commands_prototype_C_s3_s4.txt,16,logs_prototype_BC/VGGSound_protoC_histv1_s4_tol0p2_lcmr0p1_lxc0p3_seed42.log,H05_c4_cross_i_only,0.1,0.1,0.3
C,historical,S4,0.2,43,VGGSound_protoC_histv1_s4_tol0p2_lcmr0p1_lxc0p3_seed43,commands_prototype_C_s3_s4.txt,17,logs_prototype_BC/VGGSound_protoC_histv1_s4_tol0p2_lcmr0p1_lxc0p3_seed43.log,H05_c4_cross_i_only,0.1,0.1,0.3
C,historical,S4,0.2,44,VGGSound_protoC_histv1_s4_tol0p2_lcmr0p1_lxc0p3_seed44,commands_prototype_C_s3_s4.txt,18,logs_prototype_BC/VGGSound_protoC_histv1_s4_tol0p2_lcmr0p1_lxc0p3_seed44.log,H05_c4_cross_i_only,0.1,0.1,0.3
