group,contrast,seed,lam_cmr,alpha,tolerance,lam_cross_sdc_c,lam_cross_sdc_i,instance_contrastive,lam_I,class_contrastive,lam_C,attn_score_distil,lam,log_loss_components,command_file,line,experiment_name,log
H01,c1_full,42,0.03,0.5,0.01,0.3,0.1,true,0.1,true,1.0,true,0.5,true,grid_commands/commands_weighted_cmr_ablation_v1_H01.txt,1,VGGSound_random_balance_wcmr_wcrossc_ablation_v1_H01_c1_full_lcmr0p03_a0p5_tol0p01_lxc0p3_seed42,logs_weighted_cmr_ablation_v1/VGGSound_random_balance_wcmr_wcrossc_ablation_v1_H01_c1_full_lcmr0p03_a0p5_tol0p01_lxc0p3_seed42.log
H01,c1_full,43,0.03,0.5,0.01,0.3,0.1,true,0.1,true,1.0,true,0.5,true,grid_commands/commands_weighted_cmr_ablation_v1_H01.txt,2,VGGSound_random_balance_wcmr_wcrossc_ablation_v1_H01_c1_full_lcmr0p03_a0p5_tol0p01_lxc0p3_seed43,logs_weighted_cmr_ablation_v1/VGGSound_random_balance_wcmr_wcrossc_ablation_v1_H01_c1_full_lcmr0p03_a0p5_tol0p01_lxc0p3_seed43.log
H01,c1_full,44,0.03,0.5,0.01,0.3,0.1,true,0.1,true,1.0,true,0.5,true,grid_commands/commands_weighted_cmr_ablation_v1_H01.txt,3,VGGSound_random_balance_wcmr_wcrossc_ablation_v1_H01_c1_full_lcmr0p03_a0p5_tol0p01_lxc0p3_seed44,logs_weighted_cmr_ablation_v1/VGGSound_random_balance_wcmr_wcrossc_ablation_v1_H01_c1_full_lcmr0p03_a0p5_tol0p01_lxc0p3_seed44.log
H01,c2_no_cross_i,42,0.03,0.5,0.01,0.3,0.0,true,0.1,true,1.0,true,0.5,true,grid_commands/commands_weighted_cmr_ablation_v1_H01.txt,4,VGGSound_random_balance_wcmr_wcrossc_ablation_v1_H01_c2_no_cross_i_lcmr0p03_a0p5_tol0p01_lxc0p3_seed42,logs_weighted_cmr_ablation_v1/VGGSound_random_balance_wcmr_wcrossc_ablation_v1_H01_c2_no_cross_i_lcmr0p03_a0p5_tol0p01_lxc0p3_seed42.log
H01,c2_no_cross_i,43,0.03,0.5,0.01,0.3,0.0,true,0.1,true,1.0,true,0.5,true,grid_commands/commands_weighted_cmr_ablation_v1_H01.txt,5,VGGSound_random_balance_wcmr_wcrossc_ablation_v1_H01_c2_no_cross_i_lcmr0p03_a0p5_tol0p01_lxc0p3_seed43,logs_weighted_cmr_ablation_v1/VGGSound_random_balance_wcmr_wcrossc_ablation_v1_H01_c2_no_cross_i_lcmr0p03_a0p5_tol0p01_lxc0p3_seed43.log
H01,c2_no_cross_i,44,0.03,0.5,0.01,0.3,0.0,true,0.1,true,1.0,true,0.5,true,grid_commands/commands_weighted_cmr_ablation_v1_H01.txt,6,VGGSound_random_balance_wcmr_wcrossc_ablation_v1_H01_c2_no_cross_i_lcmr0p03_a0p5_tol0p01_lxc0p3_seed44,logs_weighted_cmr_ablation_v1/VGGSound_random_balance_wcmr_wcrossc_ablation_v1_H01_c2_no_cross_i_lcmr0p03_a0p5_tol0p01_lxc0p3_seed44.log
H01,c3_cmr_wcrossc,42,0.03,0.5,0.01,0.3,0.0,false,0.0,false,0.0,true,0.5,true,grid_commands/commands_weighted_cmr_ablation_v1_H01.txt,7,VGGSound_random_balance_wcmr_wcrossc_ablation_v1_H01_c3_cmr_wcrossc_lcmr0p03_a0p5_tol0p01_lxc0p3_seed42,logs_weighted_cmr_ablation_v1/VGGSound_random_balance_wcmr_wcrossc_ablation_v1_H01_c3_cmr_wcrossc_lcmr0p03_a0p5_tol0p01_lxc0p3_seed42.log
H01,c3_cmr_wcrossc,43,0.03,0.5,0.01,0.3,0.0,false,0.0,false,0.0,true,0.5,true,grid_commands/commands_weighted_cmr_ablation_v1_H01.txt,8,VGGSound_random_balance_wcmr_wcrossc_ablation_v1_H01_c3_cmr_wcrossc_lcmr0p03_a0p5_tol0p01_lxc0p3_seed43,logs_weighted_cmr_ablation_v1/VGGSound_random_balance_wcmr_wcrossc_ablation_v1_H01_c3_cmr_wcrossc_lcmr0p03_a0p5_tol0p01_lxc0p3_seed43.log
H01,c3_cmr_wcrossc,44,0.03,0.5,0.01,0.3,0.0,false,0.0,false,0.0,true,0.5,true,grid_commands/commands_weighted_cmr_ablation_v1_H01.txt,9,VGGSound_random_balance_wcmr_wcrossc_ablation_v1_H01_c3_cmr_wcrossc_lcmr0p03_a0p5_tol0p01_lxc0p3_seed44,logs_weighted_cmr_ablation_v1/VGGSound_random_balance_wcmr_wcrossc_ablation_v1_H01_c3_cmr_wcrossc_lcmr0p03_a0p5_tol0p01_lxc0p3_seed44.log
H01,c4_cross_i_only,42,0.03,0.5,0.01,0.3,0.1,false,0.0,false,0.0,true,0.5,true,grid_commands/commands_weighted_cmr_ablation_v1_H01.txt,10,VGGSound_random_balance_wcmr_wcrossc_ablation_v1_H01_c4_cross_i_only_lcmr0p03_a0p5_tol0p01_lxc0p3_seed42,logs_weighted_cmr_ablation_v1/VGGSound_random_balance_wcmr_wcrossc_ablation_v1_H01_c4_cross_i_only_lcmr0p03_a0p5_tol0p01_lxc0p3_seed42.log
H01,c4_cross_i_only,43,0.03,0.5,0.01,0.3,0.1,false,0.0,false,0.0,true,0.5,true,grid_commands/commands_weighted_cmr_ablation_v1_H01.txt,11,VGGSound_random_balance_wcmr_wcrossc_ablation_v1_H01_c4_cross_i_only_lcmr0p03_a0p5_tol0p01_lxc0p3_seed43,logs_weighted_cmr_ablation_v1/VGGSound_random_balance_wcmr_wcrossc_ablation_v1_H01_c4_cross_i_only_lcmr0p03_a0p5_tol0p01_lxc0p3_seed43.log
H01,c4_cross_i_only,44,0.03,0.5,0.01,0.3,0.1,false,0.0,false,0.0,true,0.5,true,grid_commands/commands_weighted_cmr_ablation_v1_H01.txt,12,VGGSound_random_balance_wcmr_wcrossc_ablation_v1_H01_c4_cross_i_only_lcmr0p03_a0p5_tol0p01_lxc0p3_seed44,logs_weighted_cmr_ablation_v1/VGGSound_random_balance_wcmr_wcrossc_ablation_v1_H01_c4_cross_i_only_lcmr0p03_a0p5_tol0p01_lxc0p3_seed44.log
H05,c1_full,42,0.03,0.5,0.05,0.3,0.1,true,0.1,true,1.0,true,0.5,true,grid_commands/commands_weighted_cmr_ablation_v1_H05.txt,1,VGGSound_random_balance_wcmr_wcrossc_ablation_v1_H05_c1_full_lcmr0p03_a0p5_tol0p05_lxc0p3_seed42,logs_weighted_cmr_ablation_v1/VGGSound_random_balance_wcmr_wcrossc_ablation_v1_H05_c1_full_lcmr0p03_a0p5_tol0p05_lxc0p3_seed42.log
H05,c1_full,43,0.03,0.5,0.05,0.3,0.1,true,0.1,true,1.0,true,0.5,true,grid_commands/commands_weighted_cmr_ablation_v1_H05.txt,2,VGGSound_random_balance_wcmr_wcrossc_ablation_v1_H05_c1_full_lcmr0p03_a0p5_tol0p05_lxc0p3_seed43,logs_weighted_cmr_ablation_v1/VGGSound_random_balance_wcmr_wcrossc_ablation_v1_H05_c1_full_lcmr0p03_a0p5_tol0p05_lxc0p3_seed43.log
H05,c1_full,44,0.03,0.5,0.05,0.3,0.1,true,0.1,true,1.0,true,0.5,true,grid_commands/commands_weighted_cmr_ablation_v1_H05.txt,3,VGGSound_random_balance_wcmr_wcrossc_ablation_v1_H05_c1_full_lcmr0p03_a0p5_tol0p05_lxc0p3_seed44,logs_weighted_cmr_ablation_v1/VGGSound_random_balance_wcmr_wcrossc_ablation_v1_H05_c1_full_lcmr0p03_a0p5_tol0p05_lxc0p3_seed44.log
H05,c2_no_cross_i,42,0.03,0.5,0.05,0.3,0.0,true,0.1,true,1.0,true,0.5,true,grid_commands/commands_weighted_cmr_ablation_v1_H05.txt,4,VGGSound_random_balance_wcmr_wcrossc_ablation_v1_H05_c2_no_cross_i_lcmr0p03_a0p5_tol0p05_lxc0p3_seed42,logs_weighted_cmr_ablation_v1/VGGSound_random_balance_wcmr_wcrossc_ablation_v1_H05_c2_no_cross_i_lcmr0p03_a0p5_tol0p05_lxc0p3_seed42.log
H05,c2_no_cross_i,43,0.03,0.5,0.05,0.3,0.0,true,0.1,true,1.0,true,0.5,true,grid_commands/commands_weighted_cmr_ablation_v1_H05.txt,5,VGGSound_random_balance_wcmr_wcrossc_ablation_v1_H05_c2_no_cross_i_lcmr0p03_a0p5_tol0p05_lxc0p3_seed43,logs_weighted_cmr_ablation_v1/VGGSound_random_balance_wcmr_wcrossc_ablation_v1_H05_c2_no_cross_i_lcmr0p03_a0p5_tol0p05_lxc0p3_seed43.log
H05,c2_no_cross_i,44,0.03,0.5,0.05,0.3,0.0,true,0.1,true,1.0,true,0.5,true,grid_commands/commands_weighted_cmr_ablation_v1_H05.txt,6,VGGSound_random_balance_wcmr_wcrossc_ablation_v1_H05_c2_no_cross_i_lcmr0p03_a0p5_tol0p05_lxc0p3_seed44,logs_weighted_cmr_ablation_v1/VGGSound_random_balance_wcmr_wcrossc_ablation_v1_H05_c2_no_cross_i_lcmr0p03_a0p5_tol0p05_lxc0p3_seed44.log
H05,c3_cmr_wcrossc,42,0.03,0.5,0.05,0.3,0.0,false,0.0,false,0.0,true,0.5,true,grid_commands/commands_weighted_cmr_ablation_v1_H05.txt,7,VGGSound_random_balance_wcmr_wcrossc_ablation_v1_H05_c3_cmr_wcrossc_lcmr0p03_a0p5_tol0p05_lxc0p3_seed42,logs_weighted_cmr_ablation_v1/VGGSound_random_balance_wcmr_wcrossc_ablation_v1_H05_c3_cmr_wcrossc_lcmr0p03_a0p5_tol0p05_lxc0p3_seed42.log
H05,c3_cmr_wcrossc,43,0.03,0.5,0.05,0.3,0.0,false,0.0,false,0.0,true,0.5,true,grid_commands/commands_weighted_cmr_ablation_v1_H05.txt,8,VGGSound_random_balance_wcmr_wcrossc_ablation_v1_H05_c3_cmr_wcrossc_lcmr0p03_a0p5_tol0p05_lxc0p3_seed43,logs_weighted_cmr_ablation_v1/VGGSound_random_balance_wcmr_wcrossc_ablation_v1_H05_c3_cmr_wcrossc_lcmr0p03_a0p5_tol0p05_lxc0p3_seed43.log
H05,c3_cmr_wcrossc,44,0.03,0.5,0.05,0.3,0.0,false,0.0,false,0.0,true,0.5,true,grid_commands/commands_weighted_cmr_ablation_v1_H05.txt,9,VGGSound_random_balance_wcmr_wcrossc_ablation_v1_H05_c3_cmr_wcrossc_lcmr0p03_a0p5_tol0p05_lxc0p3_seed44,logs_weighted_cmr_ablation_v1/VGGSound_random_balance_wcmr_wcrossc_ablation_v1_H05_c3_cmr_wcrossc_lcmr0p03_a0p5_tol0p05_lxc0p3_seed44.log
H05,c4_cross_i_only,42,0.03,0.5,0.05,0.3,0.1,false,0.0,false,0.0,true,0.5,true,grid_commands/commands_weighted_cmr_ablation_v1_H05.txt,10,VGGSound_random_balance_wcmr_wcrossc_ablation_v1_H05_c4_cross_i_only_lcmr0p03_a0p5_tol0p05_lxc0p3_seed42,logs_weighted_cmr_ablation_v1/VGGSound_random_balance_wcmr_wcrossc_ablation_v1_H05_c4_cross_i_only_lcmr0p03_a0p5_tol0p05_lxc0p3_seed42.log
H05,c4_cross_i_only,43,0.03,0.5,0.05,0.3,0.1,false,0.0,false,0.0,true,0.5,true,grid_commands/commands_weighted_cmr_ablation_v1_H05.txt,11,VGGSound_random_balance_wcmr_wcrossc_ablation_v1_H05_c4_cross_i_only_lcmr0p03_a0p5_tol0p05_lxc0p3_seed43,logs_weighted_cmr_ablation_v1/VGGSound_random_balance_wcmr_wcrossc_ablation_v1_H05_c4_cross_i_only_lcmr0p03_a0p5_tol0p05_lxc0p3_seed43.log
H05,c4_cross_i_only,44,0.03,0.5,0.05,0.3,0.1,false,0.0,false,0.0,true,0.5,true,grid_commands/commands_weighted_cmr_ablation_v1_H05.txt,12,VGGSound_random_balance_wcmr_wcrossc_ablation_v1_H05_c4_cross_i_only_lcmr0p03_a0p5_tol0p05_lxc0p3_seed44,logs_weighted_cmr_ablation_v1/VGGSound_random_balance_wcmr_wcrossc_ablation_v1_H05_c4_cross_i_only_lcmr0p03_a0p5_tol0p05_lxc0p3_seed44.log
