config,seed,status,observed_steps,final_accuracy_pct,aia_0_9_pct
exp_g001,42,partial,9,,
exp_g001,43,partial,9,,
exp_g001,44,complete,10,38.18,54.24666
exp_g002,42,complete,10,36.34,54.93745
exp_g002,43,complete,10,36.96,54.97989
exp_g002,44,partial,8,,
exp_g003,42,complete,10,37.04,54.332260000000005
exp_g003,43,complete,10,36.82,54.77574
exp_g003,44,complete,10,37.980000000000004,54.78137
exp_g004,42,complete,10,35.76,54.54192
exp_g004,43,complete,10,36.919999999999995,55.09303
exp_g004,44,partial,8,,
exp_g005,42,complete,10,38.04,55.63924
exp_g005,43,complete,10,37.6,55.191140000000004
exp_g005,44,partial,4,,
exp_g006,42,complete,10,37.6,55.08845
exp_g006,43,complete,10,36.199999999999996,54.76388
exp_g006,44,complete,10,37.56,54.27317
exp_g007,42,complete,10,35.92,53.96825
exp_g007,43,complete,10,36.199999999999996,54.7282
exp_g007,44,complete,10,37.1,54.57756
exp_g008,42,complete,10,37.519999999999996,54.6609
exp_g008,43,complete,10,37.68,55.35998
exp_g008,44,complete,10,37.84,54.99387
exp_g009,42,complete,10,37.18,54.83041
exp_g009,43,complete,10,36.980000000000004,55.013220000000004
exp_g009,44,complete,10,38.019999999999996,54.83785
exp_g010,42,complete,10,37.46,55.398450000000004
exp_g010,43,complete,10,40.0,56.23989
exp_g010,44,complete,10,40.12,56.43313
exp_g011,42,complete,10,37.92,55.29735
exp_g011,43,complete,10,38.7,55.77809
exp_g011,44,missing,0,,
exp_g012,42,missing,0,,
exp_g012,43,missing,0,,
exp_g012,44,missing,0,,
exp_g013,42,missing,0,,
exp_g013,43,missing,0,,
exp_g013,44,missing,0,,
exp_g014,42,missing,0,,
exp_g014,43,missing,0,,
exp_g014,44,missing,0,,
exp_g015,42,missing,0,,
exp_g015,43,missing,0,,
exp_g015,44,missing,0,,
exp_g016,42,missing,0,,
exp_g016,43,missing,0,,
exp_g016,44,missing,0,,
exp_g017,42,missing,0,,
exp_g017,43,missing,0,,
exp_g017,44,missing,0,,
exp_g018,42,missing,0,,
exp_g018,43,missing,0,,
exp_g018,44,missing,0,,
exp_g019,42,missing,0,,
exp_g019,43,missing,0,,
exp_g019,44,missing,0,,
exp_g020,42,missing,0,,
exp_g020,43,missing,0,,
exp_g020,44,missing,0,,
exp_g021,42,missing,0,,
exp_g021,43,missing,0,,
exp_g021,44,missing,0,,
exp_g022,42,missing,0,,
exp_g022,43,missing,0,,
exp_g022,44,missing,0,,
exp_g023,42,missing,0,,
exp_g023,43,missing,0,,
exp_g023,44,missing,0,,
exp_g024,42,missing,0,,
exp_g024,43,missing,0,,
exp_g024,44,missing,0,,
exp_g025,42,missing,0,,
exp_g025,43,missing,0,,
exp_g025,44,missing,0,,
exp_g026,42,missing,0,,
exp_g026,43,missing,0,,
exp_g026,44,missing,0,,
exp_g027,42,missing,0,,
exp_g027,43,missing,0,,
exp_g027,44,missing,0,,
