experiment_group,step,batch,n_current,n_replay,loss_a_from_v,loss_v_from_a,active_a_from_v,active_v_from_a,mean_deficit_a_from_v,mean_deficit_v_from_a,raw_cmr,weighted_cmr,mean_violation_a_from_v,active_mean_violation_a_from_v,mean_violation_v_from_a,active_mean_violation_v_from_a
original_memory,1,0,128,128,0.0008147850167006254,0.00042749210842885077,0.015625,0.015625,0.0008789263665676117,0.0005793496966362,0.0006211385480128229,1.8634156440384686e-05,0.0007226763991639018,0.046251289546489716,0.00042309972923249006,0.027078382670879364
original_memory,1,1,128,128,0.0,0.000320445658871904,0.0,0.0078125,0.0,0.0003806576132774353,0.000160222829435952,4.80668488307856e-06,0.0,0.0,0.00030253262957558036,0.038724176585674286
original_memory,1,2,128,128,0.0,0.011214349418878555,0.0,0.0390625,4.556402564048767e-05,0.011153511703014374,0.005607174709439278,0.00016821524128317832,0.0,0.0,0.010762887075543404,0.2755299210548401
heldout_fixed_reference,1,0,128,128,0.008620552718639374,0.006063653156161308,0.09375,0.0546875,0.008866863325238228,0.006506646052002907,0.007342102937400341,0.00022026308812201023,0.007859372533857822,0.08383330702781677,0.005959771107882261,0.10897867381572723
heldout_fixed_reference,1,1,128,128,0.016856463626027107,0.014122964814305305,0.1328125,0.0703125,0.017158562317490578,0.014739619567990303,0.015489714220166206,0.0004646914266049862,0.015803629532456398,0.11899204552173615,0.014036495238542557,0.19963015615940094
heldout_fixed_reference,1,2,128,128,0.012134650722146034,0.007040923461318016,0.078125,0.0390625,0.011656714603304863,0.00716363824903965,0.009587787091732025,0.00028763361275196075,0.01080547459423542,0.13831005990505219,0.006748121231794357,0.17275190353393555
fresh_memory,1,0,128,128,0.007985856384038925,0.005578730255365372,0.078125,0.0390625,0.008245913311839104,0.005917560309171677,0.0067822933197021484,0.00020346879959106445,0.0073164114728569984,0.09365007281303406,0.005526935216039419,0.14148953557014465
fresh_memory,1,1,128,128,0.01595892757177353,0.014579517766833305,0.1328125,0.0546875,0.01669815368950367,0.014821939170360565,0.015269222669303417,0.0004580766800791025,0.015350530855357647,0.1155804768204689,0.014275064691901207,0.26102975010871887
fresh_memory,1,2,128,128,0.01249002292752266,0.008127028122544289,0.0859375,0.046875,0.012245634570717812,0.008036777377128601,0.010308525525033474,0.0003092557657510042,0.01131558045744896,0.131672203540802,0.0075569055043160915,0.1612139791250229
original_memory,5,0,128,128,0.019293945282697678,0.004324306268244982,0.2734375,0.15625,0.02263026311993599,0.006200073286890984,0.011809125542640686,0.0003542737662792206,0.019812457263469696,0.07245698571205139,0.004280448891222477,0.027394872158765793
original_memory,5,1,128,128,0.011526165530085564,0.008027700707316399,0.21875,0.234375,0.014186013489961624,0.010735630989074707,0.009776933118700981,0.00029330799356102943,0.01187152974307537,0.054269853979349136,0.00812564603984356,0.0346694253385067
original_memory,5,2,128,128,0.014082442037761211,0.008036813698709011,0.234375,0.1875,0.016949117183685303,0.010206792503595352,0.011059627868235111,0.0003317888360470533,0.014479564502835274,0.061779480427503586,0.008154883049428463,0.04349270835518837
heldout_fixed_reference,5,0,128,128,0.1178392618894577,0.22841857373714447,0.5859375,0.5703125,0.1272275298833847,0.24109596014022827,0.1731289178133011,0.005193867534399032,0.12111075222492218,0.20669569075107574,0.23535838723182678,0.4126832187175751
heldout_fixed_reference,5,1,128,128,0.12909381091594696,0.28152626752853394,0.703125,0.671875,0.1382177174091339,0.2971797585487366,0.20531004667282104,0.006159301400184631,0.13110582530498505,0.18646161258220673,0.290461003780365,0.43231403827667236
heldout_fixed_reference,5,2,128,128,0.13658112287521362,0.30324238538742065,0.6640625,0.6796875,0.14613299071788788,0.31873565912246704,0.21991175413131714,0.006597352623939514,0.1392417550086975,0.2096817046403885,0.3119387924671173,0.4589443802833557
fresh_memory,5,0,128,128,0.10070967674255371,0.22947518527507782,0.65625,0.5703125,0.10701213777065277,0.22756370902061462,0.16509243845939636,0.004952773153781891,0.10042133182287216,0.15302298963069916,0.22180241346359253,0.3889137804508209
fresh_memory,5,1,128,128,0.1121806651353836,0.283392071723938,0.71875,0.6328125,0.11734666675329208,0.28046244382858276,0.1977863609790802,0.005933590829372406,0.1101347804069519,0.15323099493980408,0.2741183638572693,0.43317461013793945
fresh_memory,5,2,128,128,0.11818598210811615,0.29879167675971985,0.6953125,0.6171875,0.12247791886329651,0.29359298944473267,0.2084888219833374,0.006254664659500122,0.11541704833507538,0.16599306464195251,0.2874211370944977,0.46569499373435974
original_memory,9,0,128,128,0.0059366668574512005,0.004858907777816057,0.171875,0.1875,0.007817110046744347,0.007074806839227676,0.005397787317633629,0.00016193361952900886,0.00579324783757329,0.0337061733007431,0.004828328732401133,0.025751085951924324
original_memory,9,1,128,128,0.009735163301229477,0.00780859449878335,0.234375,0.140625,0.012141212821006775,0.009596804156899452,0.00877187866717577,0.0002631563600152731,0.009527904912829399,0.04065239802002907,0.00797322764992714,0.0566985160112381
original_memory,9,2,128,128,0.004590823780745268,0.006237780209630728,0.125,0.1796875,0.006255190819501877,0.008315643295645714,0.005414301995187998,0.00016242905985563993,0.004639761988073587,0.037118099629879,0.00617766659706831,0.03438005596399307
heldout_fixed_reference,9,0,128,128,0.07631797343492508,0.2907242178916931,0.578125,0.625,0.0830865278840065,0.3043055534362793,0.1835210919380188,0.005505632758140564,0.07705296576023102,0.13328079879283905,0.29805558919906616,0.47688889503479004
heldout_fixed_reference,9,1,128,128,0.07446407526731491,0.24451224505901337,0.578125,0.5703125,0.08036243170499802,0.2569113075733185,0.15948815643787384,0.004784644693136215,0.07430964708328247,0.12853559851646423,0.25120818614959717,0.44047462940216064
heldout_fixed_reference,9,2,128,128,0.07829343527555466,0.23498794436454773,0.578125,0.6015625,0.08407066762447357,0.2433270364999771,0.1566406935453415,0.004699220806360245,0.07806846499443054,0.1350373476743698,0.23729339241981506,0.3944617509841919
fresh_memory,9,0,128,128,0.06181584671139717,0.25381234288215637,0.546875,0.5625,0.06550817936658859,0.25070932507514954,0.15781410038471222,0.004734423011541367,0.0597311407327652,0.1092226579785347,0.2450314313173294,0.43561139702796936
fresh_memory,9,1,128,128,0.06353863328695297,0.22229571640491486,0.5234375,0.5,0.06576786935329437,0.21900422871112823,0.14291717112064362,0.004287515133619308,0.06031990051269531,0.11523802578449249,0.21393615007400513,0.42787232995033264
fresh_memory,9,2,128,128,0.05090444162487984,0.2099783569574356,0.5390625,0.6171875,0.05545138567686081,0.21236765384674072,0.13044139742851257,0.003913241922855377,0.049782827496528625,0.09235073626041412,0.2060748040676117,0.33389338850975037
