step,after_epoch,active_from_epoch,class_id,birth_count,anchor_count,history_used,prior_strength_effective,prototype_beta,drift_audio_norm,drift_visual_norm,drift_audio_dispersion,drift_visual_dispersion,reason
4,120,121,0,125,12,True,10.0,0.5454545617103577,0.8859745264053345,0.7420235872268677,0.7075984477996826,0.6082121729850769,history_used
4,120,121,1,125,12,True,10.0,0.5454545617103577,0.7820810079574585,0.7604129910469055,0.662894606590271,0.7075326442718506,history_used
4,120,121,2,125,12,True,10.0,0.5454545617103577,0.8498552441596985,0.7684521079063416,0.5782841444015503,0.7128989696502686,history_used
4,120,121,3,125,12,True,10.0,0.5454545617103577,0.8233004808425903,0.7729271054267883,0.613260805606842,0.7840052843093872,history_used
4,120,121,4,125,12,True,10.0,0.5454545617103577,0.8479300141334534,0.7864481806755066,0.6128368377685547,0.7182913422584534,history_used
4,120,121,5,125,12,True,10.0,0.5454545617103577,0.7822415828704834,0.7412542700767517,0.7862446904182434,0.6646151542663574,history_used
4,120,121,6,125,12,True,10.0,0.5454545617103577,0.8371236324310303,0.752220094203949,0.6415541768074036,0.7237613201141357,history_used
4,120,121,7,125,12,True,10.0,0.5454545617103577,0.8507897853851318,0.8060144186019897,0.6151710152626038,0.6363437175750732,history_used
4,120,121,8,125,12,True,10.0,0.5454545617103577,0.8523128032684326,0.8233593702316284,0.7157756090164185,0.5415487289428711,history_used
4,120,121,9,125,12,True,10.0,0.5454545617103577,0.7822449803352356,0.7742310762405396,0.6826133131980896,0.5929412245750427,history_used
4,120,121,10,125,12,True,10.0,0.5454545617103577,0.42994236946105957,0.4295629560947418,0.4989941716194153,0.7509273290634155,history_used
4,120,121,11,125,12,True,10.0,0.5454545617103577,0.4083244502544403,0.47663629055023193,0.48437610268592834,0.7425199747085571,history_used
4,120,121,12,125,12,True,10.0,0.5454545617103577,0.4366908073425293,0.45644599199295044,0.4685291051864624,0.5978108048439026,history_used
4,120,121,13,125,12,True,10.0,0.5454545617103577,0.4462374150753021,0.4650411605834961,0.4183175265789032,0.7047334909439087,history_used
4,120,121,14,125,12,True,10.0,0.5454545617103577,0.4956701397895813,0.47270724177360535,0.4687027335166931,0.8254026770591736,history_used
4,120,121,15,125,12,True,10.0,0.5454545617103577,0.4301491975784302,0.4014207422733307,0.4400193691253662,0.7687925100326538,history_used
4,120,121,16,125,12,True,10.0,0.5454545617103577,0.4140534996986389,0.3820728659629822,0.506028950214386,0.6549125909805298,history_used
4,120,121,17,125,12,True,10.0,0.5454545617103577,0.506283164024353,0.4661574065685272,0.474549263715744,0.7034463882446289,history_used
4,120,121,18,125,12,True,10.0,0.5454545617103577,0.488733172416687,0.4606093466281891,0.5736759305000305,0.7162162065505981,history_used
4,120,121,19,125,12,True,10.0,0.5454545617103577,0.43306976556777954,0.45172086358070374,0.535304605960846,0.7812508940696716,history_used
4,120,121,20,125,12,True,10.0,0.5454545617103577,0.34540802240371704,0.33540672063827515,0.38034504652023315,0.7204504013061523,history_used
4,120,121,21,125,12,True,10.0,0.5454545617103577,0.280592679977417,0.43345576524734497,0.39429453015327454,0.5664048194885254,history_used
4,120,121,22,125,12,True,10.0,0.5454545617103577,0.284289687871933,0.34494391083717346,0.3637228012084961,0.6689919829368591,history_used
4,120,121,23,125,12,True,10.0,0.5454545617103577,0.3596121668815613,0.3351258337497711,0.4507019519805908,0.6196049451828003,history_used
4,120,121,24,125,12,True,10.0,0.5454545617103577,0.2712324559688568,0.4412004351615906,0.4065920114517212,0.6439541578292847,history_used
4,120,121,25,125,12,True,10.0,0.5454545617103577,0.31871479749679565,0.38396134972572327,0.5024378895759583,0.544607400894165,history_used
4,120,121,26,125,12,True,10.0,0.5454545617103577,0.31930339336395264,0.40978673100471497,0.4565120041370392,0.6462172865867615,history_used
4,120,121,27,125,12,True,10.0,0.5454545617103577,0.26466211676597595,0.4370792508125305,0.44429972767829895,0.6561749577522278,history_used
4,120,121,28,125,12,True,10.0,0.5454545617103577,0.3117179870605469,0.35840457677841187,0.5220160484313965,0.6128181219100952,history_used
4,120,121,29,125,12,True,10.0,0.5454545617103577,0.3003896474838257,0.34829655289649963,0.40455362200737,0.753271758556366,history_used
4,120,121,30,125,12,True,10.0,0.5454545617103577,0.2538292706012726,0.29199454188346863,0.31463223695755005,0.5075472593307495,history_used
4,120,121,31,125,12,True,10.0,0.5454545617103577,0.26973363757133484,0.3560999929904938,0.25890547037124634,0.5994946360588074,history_used
4,120,121,32,125,12,True,10.0,0.5454545617103577,0.27043354511260986,0.27561721205711365,0.29183584451675415,0.5903167724609375,history_used
4,120,121,33,125,12,True,10.0,0.5454545617103577,0.19229251146316528,0.3043867349624634,0.3278087377548218,0.6067186594009399,history_used
4,120,121,34,125,12,True,10.0,0.5454545617103577,0.3167914152145386,0.30820539593696594,0.25286856293678284,0.4789370894432068,history_used
4,120,121,35,125,12,True,10.0,0.5454545617103577,0.31432676315307617,0.3294229805469513,0.38998085260391235,0.4437742531299591,history_used
4,120,121,36,125,12,True,10.0,0.5454545617103577,0.2725398540496826,0.2676163613796234,0.3016483783721924,0.5628939867019653,history_used
4,120,121,37,125,12,True,10.0,0.5454545617103577,0.2792184054851532,0.36476680636405945,0.35605087876319885,0.4359615445137024,history_used
4,120,121,38,125,12,True,10.0,0.5454545617103577,0.228469580411911,0.27778327465057373,0.2985415458679199,0.6073983907699585,history_used
4,120,121,39,125,12,True,10.0,0.5454545617103577,0.27495962381362915,0.3126959800720215,0.29446473717689514,0.5834352970123291,history_used
4,120,121,40,0,0,False,0.0,1.0,nan,nan,nan,nan,new_class
4,120,121,41,0,0,False,0.0,1.0,nan,nan,nan,nan,new_class
4,120,121,42,0,0,False,0.0,1.0,nan,nan,nan,nan,new_class
4,120,121,43,0,0,False,0.0,1.0,nan,nan,nan,nan,new_class
4,120,121,44,0,0,False,0.0,1.0,nan,nan,nan,nan,new_class
4,120,121,45,0,0,False,0.0,1.0,nan,nan,nan,nan,new_class
4,120,121,46,0,0,False,0.0,1.0,nan,nan,nan,nan,new_class
4,120,121,47,0,0,False,0.0,1.0,nan,nan,nan,nan,new_class
4,120,121,48,0,0,False,0.0,1.0,nan,nan,nan,nan,new_class
4,120,121,49,0,0,False,0.0,1.0,nan,nan,nan,nan,new_class
