run,step,experiment_group,lambda_cmr,alpha,batches,raw_loss_mean,raw_loss_min,raw_loss_max,raw_loss_batch_sd,weighted_loss_mean,weighted_loss_min,weighted_loss_max,weighted_loss_batch_sd,raw_grad_norm_mean,raw_grad_norm_min,raw_grad_norm_max,raw_grad_norm_batch_sd,weighted_grad_norm_mean,weighted_grad_norm_min,weighted_grad_norm_max,weighted_grad_norm_batch_sd,non_cmr_grad_norm_mean,non_cmr_grad_norm_min,non_cmr_grad_norm_max,non_cmr_grad_norm_batch_sd,rho_pct_mean,rho_pct_min,rho_pct_max,rho_pct_batch_sd,scalar_pct_mean,scalar_pct_min,scalar_pct_max,scalar_pct_batch_sd,cosine_with_non_cmr_mean,cosine_with_non_cmr_min,cosine_with_non_cmr_max,cosine_with_non_cmr_batch_sd,active_pct_mean,active_a_pct,active_v_pct,turn_degrees_mean,train_epoch_weighted_cmr,probe_over_train_epoch_cmr
A,1,fresh_memory,0.03,0.5,3,0.010786680504679633,0.0067822933197021,0.0152692226693034,0.00426362129940047,0.00032360041514036664,0.000203468799591,0.0004580766800791,0.00012790863898204274,0.24916924612068483,0.2004622208723686,0.2872579246662967,0.0443614192096573,0.0074750773836205,0.006013866626171,0.0086177377399889,0.001330842576289741,2.45413567739256,2.27166223287948,2.6398294264527595,0.18410472122392266,0.30750204028970335,0.22781269751402,0.35161302733941,0.06914473923113704,0.03173635503403011,0.020068451571547335,0.04481996381073961,0.012436338113941282,0.1597194182683257,0.0906143977351148,0.2357426610124259,0.07281105375828291,7.291666666666666,9.895833333333332,4.6875,0.17382206706787443,6.588651546432326e-05,4.91148170243752
A,1,heldout_fixed_reference,0.03,0.5,3,0.010806534749766167,0.0073421029374003,0.0154897142201662,0.00420831341444959,0.00032419604249293334,0.000220263088122,0.0004646914266049,0.00012624940243345228,0.26423814796061956,0.2434834220312813,0.304389942424848,0.03477909943376063,0.007927144438818534,0.0073045026609384,0.0091316982727454,0.00104337298301283,2.45413567739256,2.27166223287948,2.6398294264527595,0.18410472122392266,0.32420950227534334,0.27670358500222,0.37258317336937,0.04794568399641205,0.03179758104092825,0.021724538821089597,0.045466878777973785,0.012272915992780426,0.1804906369783095,0.090790148924032,0.2404508664549423,0.0791387694380296,7.8125,10.15625,5.46875,0.18225536963441527,6.588651546432326e-05,4.92052190358335
A,1,original_memory,0.03,0.5,3,0.002129512028962633,0.0001602228294359,0.0056071747094392,0.003020548644583035,6.388536086885441e-05,4.80668488307856e-06,0.0001682152412831,9.06164593374466e-05,0.09363004624925737,0.0300606919846337,0.1580079628597399,0.06397746760303431,0.002808901387477667,0.000901820759539,0.0047402388857921,0.0019193240280909866,1.6689737549036305,1.6073747441201842,1.7355871336044728,0.06425310979653817,0.16714207426558,0.05610519655344,0.28487707830283,0.11453293038244314,0.010461442792207407,0.0007834770421903309,0.027583375767777984,0.014870041323640452,0.1427606693788749,0.0404876859269707,0.341108118835197,0.17180188716660794,1.3020833333333333,0.5208333333333333,2.083333333333333,0.09383603198319046,6.588651546432326e-05,0.9696272510188167
A,5,fresh_memory,0.03,0.5,3,0.19045587380727133,0.1650924384593963,0.2084888219833374,0.02260782071256068,0.0057136762142181,0.0049527731537818,0.0062546646595001,0.0006782346213768606,2.297879668112053,2.2503044698065526,2.328720427872204,0.041800678163273285,0.06893639004336154,0.0675091340941965,0.0698616128361661,0.0012540203448982246,2.9151702275818803,2.827813774646448,2.984052639834533,0.07974091411049226,2.3652344472078597,2.32698385654391,2.38732602194205,0.03325852639696773,0.552296493410013,0.49764111732972194,0.614446995209886,0.05876253873858076,0.189550287946232,0.1640545883631556,0.2097993023644929,0.023319315892196702,64.84375,69.01041666666666,60.677083333333336,1.324185960367497,0.0003253999880204,17.558931851770343
A,5,heldout_fixed_reference,0.03,0.5,3,0.1994502395391464,0.1731289178133011,0.2199117541313171,0.02393556868391615,0.005983507186174367,0.005193867534399,0.0065973526239395,0.0007180670605174929,2.527983691342337,2.464714950415388,2.5726919680626588,0.05633051756085578,0.07583951074027007,0.0739414485124616,0.0771807590418797,0.0016899155268256653,2.9151702275818803,2.827813774646448,2.984052639834533,0.07974091411049226,2.6017923534765135,2.58644093644941,2.61479200559118,0.014321099085715461,0.5783471002619321,0.521739230008866,0.6478939054011705,0.06406490894261758,0.21951671562180608,0.1963282937493377,0.2374823025236624,0.02106826080617441,64.58333333333333,65.10416666666666,64.0625,1.4455714830319877,0.0003253999880204,18.388160437787644
A,5,original_memory,0.03,0.5,3,0.010881895509858866,0.0097769331187009,0.0118091255426406,0.001027688233556248,0.0003264568652957334,0.000293307993561,0.0003542737662792,3.083064700668925e-05,1.3406317132008432,1.172900449569347,1.5857207390146275,0.21700994302522145,0.04021895139602527,0.0351870134870804,0.0475716221704388,0.006510298290756645,1.564055736645006,1.536521075382839,1.606810712834236,0.037535340322440554,2.56585100807116,2.29004431184344,2.96062391110946,0.3507619827035382,0.13776653040732809,0.12448615285545318,0.1519285703604713,0.013742436686129896,0.1716840887535439,0.155348253215332,0.1839179761625673,0.014719943993146193,21.744791666666668,24.21875,19.270833333333336,1.441819662003751,0.0003253999880204,1.0032479327419077
A,9,fresh_memory,0.03,0.5,3,0.1437242229779561,0.1304413974285125,0.1578141003847122,0.013704186087009313,0.004311726689338633,0.0039132419228553,0.0047344230115413,0.0004111255826102821,2.023522901792477,1.9496140546260443,2.083326942630909,0.06796317588086341,0.060705687053774264,0.0584884216387813,0.0624998082789272,0.0020388952764258854,3.9507838996900397,3.6597828660668985,4.131556548754231,0.2544706751100191,1.5389062961306468,1.47955935062891,1.5981391186094498,0.05928996636554904,0.3042643305523655,0.2756817015435748,0.3422816642407257,0.03428773829094727,0.16509371558911776,0.125740810177705,0.1926488884427661,0.03497945975010601,54.817708333333336,53.645833333333336,55.989583333333336,0.8670914226595142,0.0002139103381584,20.15670082362118
A,9,heldout_fixed_reference,0.03,0.5,3,0.16654998064041138,0.1566406935453415,0.1835210919380188,0.014766210591682656,0.0049964994192123,0.0046992208063602,0.0055056327581405,0.00044298631775046155,2.301233835011112,2.2552943504915106,2.363505613196901,0.055923851855650006,0.06903701505033333,0.0676588305147453,0.070905168395907,0.001677715555669499,3.9507838996900397,3.6597828660668985,4.131556548754231,0.2544706751100191,1.75431860228048,1.63761114525096,1.9374146224174,0.16054940739183982,0.3525290378328579,0.3289021272902939,0.397815514140034,0.03923157291785728,0.2554565766588206,0.2271415395371827,0.2960801286878164,0.036079868665759546,58.85416666666667,57.8125,59.895833333333336,0.9671795240653186,0.0002139103381584,23.35791463950771
A,9,original_memory,0.03,0.5,3,0.006527989326665734,0.0053977873176336,0.0087718786671757,0.0019432827156603775,0.00019583967979993334,0.000161933619529,0.0002631563600152,5.8298481469783255e-05,1.2397136646975173,1.15338628136216,1.3437459119643584,0.09640691829882136,0.037191409940925506,0.0346015884408648,0.0403123773589307,0.002892207548964616,2.830546060733983,2.7469627110006742,2.882189683637709,0.07305267376766998,1.3140138428221733,1.20879511755816,1.3986719051763101,0.09659375892632614,0.08058342819662719,0.06691471826666846,0.10696556795951413,0.0228525953420464,0.21265798652789325,0.1685755202472251,0.2765257996895248,0.0566295918342847,17.317708333333336,17.708333333333336,16.927083333333336,0.7322344713044607,0.0002139103381584,0.9155222766977592
B,1,fresh_memory,0.1,1.0,3,0.011052579153329066,0.0066021992824971,0.0150996726006269,0.004263067340851794,0.0011052579153328667,0.0006602199282497,0.0015099672600626,0.0004263067340851409,0.24553999929544404,0.2007547179894767,0.2733842208208894,0.03916644993166936,0.024553999929544365,0.0200754717989476,0.0273384220820889,0.003916644993166959,3.0155647762072135,2.7318488419637506,3.517536253172258,0.4359504426874693,0.8362850520919466,0.5707253700894399,0.9773114017867599,0.23012923202971697,0.10555042634005274,0.06275535974759348,0.1445004642795286,0.0410079713316929,0.15420383483087227,0.1176247635805481,0.2003853007320592,0.042207595461893475,7.161458333333333,9.114583333333332,5.208333333333334,0.4731089243697615,0.0001046896197496,10.557473777970056
B,1,heldout_fixed_reference,0.1,1.0,3,0.011749250814318601,0.0071678599342703,0.0164400078356266,0.004637041340207895,0.0011749250814318,0.000716785993427,0.0016440007835626,0.0004637041340207751,0.2791677731973856,0.2365991339116213,0.3319039798866741,0.04845913728865837,0.027916777319738535,0.0236599133911621,0.0331903979886674,0.00484591372886585,3.0155647762072135,2.7318488419637506,3.517536253172258,0.4359504426874693,0.9479402943399365,0.6726274212476,1.1865115801769899,0.25890479017424495,0.11219539363692828,0.06812842209303584,0.15730699951042307,0.04459846536831923,0.22373234312730814,0.1523858309403393,0.2956323674833934,0.07162487235371628,7.8125,10.15625,5.46875,0.5283531132282058,0.0001046896197496,11.222937710932376
B,1,original_memory,0.1,1.0,3,0.0012290220862875001,0.0,0.0027608182281255,0.001405091960948955,0.00012290220862873474,0.0,0.0002760818228125,0.00014050919609486778,0.08231996533243396,0.0,0.1343618038195131,0.07211690027556564,0.008231996533243366,0.0,0.0134361803819513,0.007211690027556543,2.44624042556828,2.17924183883164,2.735355490434236,0.27871571955727004,0.32196974395815664,0.0,0.55426952883933,0.2878093185089637,0.018497116896620376,0.0,0.04171087639151425,0.02125169029481964,0.22867274762933845,0.0699832367640152,0.3873622584946617,0.22442085847209278,1.3020833333333335,0.78125,1.8229166666666667,0.1779199263942247,0.0001046896197496,1.1739674756926253
B,5,fresh_memory,0.1,1.0,3,0.1833862562974294,0.1630496382713318,0.2058109939098358,0.02145701672100992,0.018338625629742866,0.0163049638271331,0.0205810993909835,0.0021457016721009915,2.2758435345809302,2.1985239631019446,2.396113916224512,0.1055652711079308,0.22758435345809305,0.2198523963101945,0.2396113916224512,0.010556527110793081,3.41335953194414,3.364236071437984,3.4750890413201607,0.05649141159509794,6.670850754495054,6.425425932591571,7.122312065337121,0.3914726639037089,1.7259582392749298,1.5999344706952803,1.9422615546752546,0.18817480048393306,0.13776629541888105,0.0947956612496339,0.1634038342107512,0.037444592343709435,58.723958333333336,58.333333333333336,59.114583333333336,3.7453950214762224,0.0001434150268323,127.87101906118744
B,5,heldout_fixed_reference,0.1,1.0,3,0.18272223075230912,0.1649909019470214,0.2005045711994171,0.017756889580746952,0.018272223075230867,0.0164990901947021,0.0200504571199417,0.001775688958074711,2.559784104935191,2.48734921477364,2.638973261792483,0.07603734607113122,0.25597841049351905,0.248734921477364,0.2638973261792482,0.007603734607113075,3.41335953194414,3.364236071437984,3.4750890413201607,0.05649141159509794,7.49824148503397,7.39350379092293,7.593973076413469,0.10053763484924524,1.7198899750839534,1.6186749858925917,1.8931324134695633,0.15074045563853997,0.15993804071112114,0.1271509947257237,0.1826770531386359,0.029094810954941548,62.369791666666664,59.635416666666664,65.10416666666666,4.181643941494211,0.0001434150268323,127.40800931960968
B,5,original_memory,0.1,1.0,3,0.0015825005636239335,0.0007703496376052,0.0026550153270363,0.0009689340463088572,0.000158250056362375,7.7034963760525e-05,0.0002655015327036,9.689340463087105e-05,0.7521499333983105,0.5151324442335234,1.1265075606613473,0.3280116132035854,0.075214993339831,0.0515132444233523,0.1126507560661347,0.032801161320358554,2.110111427331205,2.103637715709448,2.1206094256475776,0.009173652331887624,3.560237554398837,2.44592179636887,5.31218784108413,1.5358397064381557,0.06633655223312888,0.032827120879734245,0.11172330384581634,0.04076708199099773,0.19773060169660775,0.1024300419099495,0.2529987308770883,0.08288352761254539,7.291666666666666,7.552083333333333,7.03125,1.9721618224951445,0.0001434150268323,1.1034412492030434
B,9,fresh_memory,0.1,1.0,3,0.15489009022712708,0.135056734085083,0.1705932170152664,0.018124693118745375,0.015489009022712665,0.0135056734085083,0.0170593217015266,0.0018124693118745123,2.282596549280471,2.19736582649108,2.333100469059755,0.07423231394607442,0.22825965492804703,0.2197365826491079,0.2333100469059755,0.007423231394607496,3.52024800180547,3.378456975857892,3.649849819688997,0.13610639777617037,6.485498906678747,6.39231909344302,6.560126095988481,0.08542802477365115,1.0806072936533895,0.9481364417061262,1.2107749599719206,0.13133440644874178,0.22335662882151705,0.2173784798235,0.2340083329240628,0.009247680332000806,52.34375,50.260416666666664,54.427083333333336,3.565569508575613,0.0002186329867173,70.84479453568319
B,9,heldout_fixed_reference,0.1,1.0,3,0.16730530063311252,0.1484264135360717,0.1852352172136306,0.018422741810712934,0.0167305300633112,0.0148426413536071,0.018523521721363,0.0018422741810713,2.3784758730873086,2.2266476874156638,2.502969871758661,0.14017437613289574,0.23784758730873082,0.2226647687415663,0.2502969871758662,0.014017437613289654,3.52024800180547,3.378456975857892,3.649849819688997,0.13610639777617037,6.773299267370174,6.10065563630614,7.40861845997929,0.6547797509905458,1.1664739026546806,1.0410183073727584,1.3133307968812327,0.1374119160879572,0.2893593104033891,0.2492995649229573,0.3276262005302078,0.039194083853650474,58.984375,57.291666666666664,60.677083333333336,3.637955872901994,0.0002186329867173,76.52335685713038
B,9,original_memory,0.1,1.0,3,0.002335614408366333,0.0012686025584116,0.0032330206595361,0.000993130990031427,0.00023356144083659997,0.0001268602558411,0.0003233020659536,9.931309900316782e-05,1.0942684858244907,0.9054612616928682,1.289871975251354,0.19229545260122127,0.10942684858244907,0.0905461261692868,0.1289871975251354,0.019229545260122136,2.5219864034493944,2.400874823093757,2.5836309471010943,0.10489135596562225,4.325497874376606,3.77138055255248,4.992477647392421,0.6183227138181022,0.10101954030553477,0.05605922129154358,0.13793734755656076,0.04152732096777492,0.21702636834984723,0.1909508236159494,0.2523318931098849,0.031714402430394945,9.244791666666666,8.59375,9.895833333333332,2.3922466691953153,0.0002186329867173,1.0682808863540727
