run,step,experiment_group,other_component,raw_cosine_mean,raw_cosine_min,raw_cosine_max,weighted_cosine_mean,defined_batches
A,1,fresh_memory,attn_spatial,-0.03490659737861847,-0.06392254004589,-0.0194003574617956,-0.03490659737861847,3
A,1,fresh_memory,attn_temporal,-0.0436465182064483,-0.0849428453558291,-0.0061759907574219,-0.0436465182064483,3
A,1,fresh_memory,ce,0.11706575285867431,0.0679512120697188,0.1764776237954296,0.11706575285867431,3
A,1,fresh_memory,class_contrastive,0.07723808626237866,-0.0699090110648834,0.1562169442822184,0.07723808626237866,3
A,1,fresh_memory,cross_sdc_c,0.1711679410552299,0.1039648585444843,0.2656521421070754,,3
A,1,fresh_memory,cross_sdc_i,0.03566009094058983,-0.0403006764658349,0.1002044677012179,0.03566009094058983,3
A,1,fresh_memory,instance_contrastive,0.04346671366176189,-0.0325457018181347,0.0969245318447651,0.04346671366176189,3
A,1,fresh_memory,kd,0.17137616684564372,0.1290478220338212,0.2449782657072202,0.17137616684564372,3
A,1,heldout_fixed_reference,attn_spatial,-0.013594546492360866,-0.0194786981349535,-0.0079367793663287,-0.013594546492360866,3
A,1,heldout_fixed_reference,attn_temporal,-0.02267728188991203,-0.0325228489770813,-0.0111898760307859,-0.02267728188991203,3
A,1,heldout_fixed_reference,ce,0.1262278227155597,0.0775988903490427,0.1651324736926781,0.1262278227155597,3
A,1,heldout_fixed_reference,class_contrastive,0.07268799141346012,-0.1165066052403431,0.1675335996982253,0.07268799141346012,3
A,1,heldout_fixed_reference,cross_sdc_c,0.1732144728575171,0.1015322550441423,0.2665925754907208,,3
A,1,heldout_fixed_reference,cross_sdc_i,0.039397460612491136,-0.0677924124612346,0.1106146854854173,0.039397460612491136,3
A,1,heldout_fixed_reference,instance_contrastive,0.018046488311646267,-0.0764024355705878,0.0850098893077266,0.018046488311646267,3
A,1,heldout_fixed_reference,kd,0.19395946876811906,0.1480245534788917,0.2399407442257327,0.19395946876811906,3
A,1,original_memory,attn_spatial,0.08705220314039434,-0.0151238164158922,0.1418347828655622,0.08705220314039434,3
A,1,original_memory,attn_temporal,0.11710263608353687,-0.0138408381870872,0.1934906735387984,0.11710263608353687,3
A,1,original_memory,ce,0.0717219655086375,0.0215335643210927,0.1674018475043474,0.0717219655086375,3
A,1,original_memory,class_contrastive,0.043235248218971505,-0.0127009088515353,0.1133068393050846,0.043235248218971505,3
A,1,original_memory,cross_sdc_c,0.2337626265000218,0.1698632831240299,0.3188967065605962,,3
A,1,original_memory,cross_sdc_i,-0.0017098090562366653,-0.1019638496352527,0.1622681663339272,-0.0017098090562366653,3
A,1,original_memory,instance_contrastive,-0.013926858828399133,-0.0162699150857373,-0.0115038406089775,-0.013926858828399133,3
A,1,original_memory,kd,0.13362507257834008,0.033811724875662,0.3116088194107312,0.13362507257834008,3
A,5,fresh_memory,attn_spatial,0.0211416780386464,-0.0146460942994662,0.0404661472000008,0.0211416780386464,3
A,5,fresh_memory,attn_temporal,0.02976118666821523,-0.0048365239137535,0.0541311798252909,0.02976118666821523,3
A,5,fresh_memory,ce,0.08250317108336909,0.066553948807368,0.1071717245572863,0.08250317108336909,3
A,5,fresh_memory,class_contrastive,-0.07292777150144923,-0.1150996997608866,-0.0432360483990795,-0.07292777150144923,3
A,5,fresh_memory,cross_sdc_c,0.20912971198059202,0.1537479120231882,0.2433957297656592,,3
A,5,fresh_memory,cross_sdc_i,0.24637648877106433,0.2013583757267303,0.2991512086936153,0.24637648877106433,3
A,5,fresh_memory,instance_contrastive,0.35563116623124036,0.3302823257045972,0.3765975685916853,0.35563116623124036,3
A,5,fresh_memory,kd,0.0475770899924135,0.0180326841059007,0.0627318420672055,0.0475770899924135,3
A,5,heldout_fixed_reference,attn_spatial,0.017570117511912033,-0.0143255944902137,0.0404959555040173,0.017570117511912033,3
A,5,heldout_fixed_reference,attn_temporal,0.024058984923450568,-0.0079927587330891,0.041792670912735,0.024058984923450568,3
A,5,heldout_fixed_reference,ce,0.130857333109346,0.107439024573372,0.172145952168422,0.130857333109346,3
A,5,heldout_fixed_reference,class_contrastive,-0.08462640512127634,-0.1328702496509142,-0.0412583695124759,-0.08462640512127634,3
A,5,heldout_fixed_reference,cross_sdc_c,0.2119705258252309,0.1714275313365091,0.2390868723186501,,3
A,5,heldout_fixed_reference,cross_sdc_i,0.29815425810118334,0.2720852590573884,0.3213308969402507,0.29815425810118334,3
A,5,heldout_fixed_reference,instance_contrastive,0.39129889269669565,0.3788206207312186,0.4141286321935597,0.39129889269669565,3
A,5,heldout_fixed_reference,kd,0.0344481449706277,0.0158610472015234,0.0464143179404854,0.0344481449706277,3
A,5,original_memory,attn_spatial,0.023817508842414303,0.0041289167939255,0.0492217027795074,0.023817508842414303,3
A,5,original_memory,attn_temporal,0.026819635394071232,0.0079267773882017,0.0591837914159808,0.026819635394071232,3
A,5,original_memory,ce,-0.09753864974190128,-0.1028682936904383,-0.0893012558502534,-0.09753864974190128,3
A,5,original_memory,class_contrastive,-0.20990790593545594,-0.2268943427016427,-0.1934963945862173,-0.20990790593545594,3
A,5,original_memory,cross_sdc_c,-0.17473296817431705,-0.2164636002345636,-0.1480311779857785,,3
A,5,original_memory,cross_sdc_i,0.31925029087976536,0.2978217147863919,0.3391590864430736,0.31925029087976536,3
A,5,original_memory,instance_contrastive,0.3276168511026879,0.3238956938573253,0.3303930461579714,0.3276168511026879,3
A,5,original_memory,kd,0.127207004233031,0.1170258237761241,0.1329906875248797,0.127207004233031,3
A,9,fresh_memory,attn_spatial,-0.038873497256200464,-0.0527741643157018,-0.0317490153002712,-0.038873497256200464,3
A,9,fresh_memory,attn_temporal,-0.03893109299378533,-0.0591965022240369,-0.0267236113270758,-0.03893109299378533,3
A,9,fresh_memory,ce,0.07987114886843573,0.0526589151966196,0.1134362652324379,0.07987114886843573,3
A,9,fresh_memory,class_contrastive,-0.010166743232039166,-0.0525644659975701,0.0171682217654682,-0.010166743232039166,3
A,9,fresh_memory,cross_sdc_c,0.3488836328817429,0.3138326591144664,0.3731324783796014,,3
A,9,fresh_memory,cross_sdc_i,0.25035542840330216,0.2119295731518804,0.2943956600560473,0.25035542840330216,3
A,9,fresh_memory,instance_contrastive,0.2941768858517667,0.262864865203844,0.3410699267967422,0.2941768858517667,3
A,9,fresh_memory,kd,0.0645196300396239,0.0045358157303931,0.1005424848042962,0.0645196300396239,3
A,9,heldout_fixed_reference,attn_spatial,-0.0331383641395201,-0.0383093465737144,-0.0239636441549228,-0.0331383641395201,3
A,9,heldout_fixed_reference,attn_temporal,-0.03209029229577123,-0.0428818099337427,-0.0241244476554035,-0.03209029229577123,3
A,9,heldout_fixed_reference,ce,0.1917241001472254,0.1674443352055038,0.2386096206492918,0.1917241001472254,3
A,9,heldout_fixed_reference,class_contrastive,-0.06336262141304784,-0.1313223465532752,-0.0266225438736279,-0.06336262141304784,3
A,9,heldout_fixed_reference,cross_sdc_c,0.29745925236400417,0.2293782521713167,0.3342964769149406,,3
A,9,heldout_fixed_reference,cross_sdc_i,0.26426638420565873,0.2224879344785127,0.305473281825687,0.26426638420565873,3
A,9,heldout_fixed_reference,instance_contrastive,0.30347691535128024,0.2841637619912183,0.3139696844783099,0.30347691535128024,3
A,9,heldout_fixed_reference,kd,0.10808355972863759,0.0585059605078709,0.1619410380900035,0.10808355972863759,3
A,9,original_memory,attn_spatial,-0.013057940913448732,-0.0231518484936004,-0.0023425097096063,-0.013057940913448732,3
A,9,original_memory,attn_temporal,-0.023002752679069597,-0.0381680257812089,-0.0065298870816389,-0.023002752679069597,3
A,9,original_memory,ce,-0.12140547072000069,-0.1991523215470688,-0.0511167511645004,-0.12140547072000069,3
A,9,original_memory,class_contrastive,-0.18385372257501817,-0.2043336532340852,-0.1588260222573288,-0.18385372257501817,3
A,9,original_memory,cross_sdc_c,-0.06166854228227777,-0.0776491973316713,-0.0341626577255005,,3
A,9,original_memory,cross_sdc_i,0.26497316984891167,0.1929565262360301,0.3382284411915747,0.26497316984891167,3
A,9,original_memory,instance_contrastive,0.26388243309832454,0.2586584775730122,0.2695239918715665,0.26388243309832454,3
A,9,original_memory,kd,0.20371970718199808,0.1569446626483938,0.2641151807890488,0.20371970718199808,3
B,1,fresh_memory,attn_spatial,-0.0361860435560302,-0.0636568145139626,-0.0173158963957799,-0.0361860435560302,3
B,1,fresh_memory,attn_temporal,-0.038095884605268304,-0.0778574991479302,-0.0028448830170895,-0.038095884605268304,3
B,1,fresh_memory,ce,0.141635435949134,0.105174126353961,0.1761689448170888,0.141635435949134,3
B,1,fresh_memory,class_contrastive,0.05235581591535935,-0.09895297000518,0.1343003449851977,0.05235581591535935,3
B,1,fresh_memory,cross_sdc_c,0.17609259794771806,0.1149970006560477,0.2463661511439531,,3
B,1,fresh_memory,cross_sdc_i,0.006407160383634998,-0.0581459424324135,0.0484372776173242,0.006407160383634998,3
B,1,fresh_memory,instance_contrastive,0.07193452957330186,0.0151682783110114,0.1076908036916734,0.07193452957330186,3
B,1,fresh_memory,kd,0.15635122731637288,0.1337114080788749,0.1963705916922868,0.15635122731637288,3
B,1,heldout_fixed_reference,attn_spatial,0.008335824077756767,-0.0167485517248984,0.0245544608156373,0.008335824077756767,3
B,1,heldout_fixed_reference,attn_temporal,0.030131697011381964,-0.0062909398688548,0.0746518170158903,0.030131697011381964,3
B,1,heldout_fixed_reference,ce,0.16776434888304656,0.1092801120680301,0.2272609577534095,0.16776434888304656,3
B,1,heldout_fixed_reference,class_contrastive,0.08497350820587563,-0.1140663640159783,0.2063170310167497,0.08497350820587563,3
B,1,heldout_fixed_reference,cross_sdc_c,0.2474542333133548,0.1743216500321777,0.3117757973431502,,3
B,1,heldout_fixed_reference,cross_sdc_i,0.06778684173449794,-0.048853530458561,0.1382796702262313,0.06778684173449794,3
B,1,heldout_fixed_reference,instance_contrastive,0.055835369637347504,0.004528054420424,0.1108312606537067,0.055835369637347504,3
B,1,heldout_fixed_reference,kd,0.21727467369347384,0.1806940643044761,0.2744167034402742,0.21727467369347384,3
B,1,original_memory,attn_spatial,0.15111999178805585,0.1298647474732233,0.1723752361028884,0.15111999178805585,2
B,1,original_memory,attn_temporal,0.20299739398842065,0.1746449353005422,0.2313498526762991,0.20299739398842065,2
B,1,original_memory,ce,0.12555057614182294,0.0179219712097465,0.2331791810738994,0.12555057614182294,2
B,1,original_memory,class_contrastive,0.063738100038445,-0.013944442681153,0.141420642758043,0.063738100038445,2
B,1,original_memory,cross_sdc_c,0.1952721803493671,0.077529063653394,0.3130152970453402,,2
B,1,original_memory,cross_sdc_i,0.06309993907022755,-0.0306129980221219,0.156812876162577,0.06309993907022755,2
B,1,original_memory,instance_contrastive,-0.0012189423146816,-0.0108236714910368,0.0083857868616736,-0.0012189423146816,2
B,1,original_memory,kd,0.20741361533420444,0.0434704172863777,0.3713568133820312,0.20741361533420444,2
B,5,fresh_memory,attn_spatial,0.05530591387793793,0.0329235252150006,0.0724441292736551,0.05530591387793793,3
B,5,fresh_memory,attn_temporal,0.04118103547011687,0.0229047738295554,0.0529094117326666,0.04118103547011687,3
B,5,fresh_memory,ce,0.0756962606448134,0.0539792344185224,0.0887487635016126,0.0756962606448134,3
B,5,fresh_memory,class_contrastive,-0.04212369562105047,-0.0924357631588698,0.0092854819585822,-0.04212369562105047,3
B,5,fresh_memory,cross_sdc_c,0.20721934468988432,0.1642294514524178,0.2575133165006999,,3
B,5,fresh_memory,cross_sdc_i,0.18322835673223092,0.1202765904213365,0.2432409051890795,0.18322835673223092,3
B,5,fresh_memory,instance_contrastive,0.32893727961737246,0.3094116745188059,0.3394166014765886,0.32893727961737246,3
B,5,fresh_memory,kd,0.02162825428911237,-0.0330422516204941,0.0750276768722915,0.02162825428911237,3
B,5,heldout_fixed_reference,attn_spatial,0.0215795514766623,-0.0077196003423188,0.0390841441033762,0.0215795514766623,3
B,5,heldout_fixed_reference,attn_temporal,0.0003783023343858667,-0.0275331155405577,0.0231690275485028,0.0003783023343858667,3
B,5,heldout_fixed_reference,ce,0.1103759097194464,0.1063192671862442,0.117015288425843,0.1103759097194464,3
B,5,heldout_fixed_reference,class_contrastive,-0.10386942250452434,-0.1273877533761755,-0.0760439847331984,-0.10386942250452434,3
B,5,heldout_fixed_reference,cross_sdc_c,0.19006253463155412,0.1549023013900591,0.2370312286199465,,3
B,5,heldout_fixed_reference,cross_sdc_i,0.23400617649304367,0.1848051867126414,0.3073961415368916,0.23400617649304367,3
B,5,heldout_fixed_reference,instance_contrastive,0.37541407070617566,0.3657004773206611,0.3893111265293058,0.37541407070617566,3
B,5,heldout_fixed_reference,kd,0.019398322892876733,-0.0199277775520754,0.0628866880720822,0.019398322892876733,3
B,5,original_memory,attn_spatial,0.008306875989610432,-0.0280801524167123,0.0309851733140026,0.008306875989610432,3
B,5,original_memory,attn_temporal,0.013184461652392033,-0.0228860027546055,0.0598460351427179,0.013184461652392033,3
B,5,original_memory,ce,-0.07896338712570794,-0.132999558987442,-0.0427343818681958,-0.07896338712570794,3
B,5,original_memory,class_contrastive,-0.1315697873095138,-0.1733128198510221,-0.1051590615452794,-0.1315697873095138,3
B,5,original_memory,cross_sdc_c,-0.12631335251716758,-0.1562713283287525,-0.1018792046005864,,3
B,5,original_memory,cross_sdc_i,0.19410586603062674,0.155185628375567,0.2198980935692384,0.19410586603062674,3
B,5,original_memory,instance_contrastive,0.22675759323378744,0.1917376061062086,0.255547091508887,0.22675759323378744,3
B,5,original_memory,kd,0.1811197677045979,0.0889452300431773,0.2291163531387977,0.1811197677045979,3
B,9,fresh_memory,attn_spatial,0.02350773122714303,0.0169574789588521,0.0356486023034008,0.02350773122714303,3
B,9,fresh_memory,attn_temporal,0.021683442174412437,0.0167033325129442,0.0251271106898418,0.021683442174412437,3
B,9,fresh_memory,ce,0.08473822101636591,0.0522018208750603,0.101092950233405,0.08473822101636591,3
B,9,fresh_memory,class_contrastive,8.90616965995358e-05,-0.1080883719059346,0.0992527152425655,8.90616965995358e-05,3
B,9,fresh_memory,cross_sdc_c,0.3941650834419206,0.3506775868539327,0.4274327417951734,,3
B,9,fresh_memory,cross_sdc_i,0.28347168903641723,0.2598625852916562,0.3086036954179482,0.28347168903641723,3
B,9,fresh_memory,instance_contrastive,0.29744049093238617,0.2137018038361433,0.343705312826942,0.29744049093238617,3
B,9,fresh_memory,kd,0.09998388737276309,0.0980165065917272,0.1025612520754883,0.09998388737276309,3
B,9,heldout_fixed_reference,attn_spatial,0.014491536935874,0.0059676556693592,0.0292580206425758,0.014491536935874,3
B,9,heldout_fixed_reference,attn_temporal,0.015259990259881501,0.0025009510506341,0.0378957689778762,0.015259990259881501,3
B,9,heldout_fixed_reference,ce,0.20170860404382496,0.1779399102816984,0.2143184358789765,0.20170860404382496,3
B,9,heldout_fixed_reference,class_contrastive,-0.018772506703200964,-0.0566822352771552,0.0313144233308157,-0.018772506703200964,3
B,9,heldout_fixed_reference,cross_sdc_c,0.2789850147130444,0.2560597393562503,0.3082948062516608,,3
B,9,heldout_fixed_reference,cross_sdc_i,0.2498486409329167,0.2228758471898468,0.292769026778752,0.2498486409329167,3
B,9,heldout_fixed_reference,instance_contrastive,0.29403568877921055,0.2623932967233219,0.3222073695580614,0.29403568877921055,3
B,9,heldout_fixed_reference,kd,0.11376173350230663,0.0834464125471853,0.1667200192297121,0.11376173350230663,3
B,9,original_memory,attn_spatial,0.05171041006906387,0.0315612841548628,0.0706337600646781,0.05171041006906387,3
B,9,original_memory,attn_temporal,0.054966263318691595,0.0293768405889271,0.0813369181632838,0.054966263318691595,3
B,9,original_memory,ce,-0.11147676014884815,-0.1351154495180119,-0.0937952466835676,-0.11147676014884815,3
B,9,original_memory,class_contrastive,-0.11772737071103613,-0.1254879686262435,-0.1049664077146602,-0.11772737071103613,3
B,9,original_memory,cross_sdc_c,-0.09037648806889258,-0.1326180910725755,-0.0425693289472586,,3
B,9,original_memory,cross_sdc_i,0.23507868703036494,0.2119295056269715,0.2738717899692867,0.23507868703036494,3
B,9,original_memory,instance_contrastive,0.24275162672175307,0.2092526358604094,0.2628984092316674,0.24275162672175307,3
B,9,original_memory,kd,0.19695847732466545,0.1684587349546312,0.2298670475289584,0.19695847732466545,3
