run,step,experiment_group,component,raw_loss_mean,raw_loss_min,raw_loss_max,raw_loss_batch_sd,weighted_loss_mean,weighted_loss_min,weighted_loss_max,weighted_loss_batch_sd,raw_grad_norm_mean,raw_grad_norm_min,raw_grad_norm_max,raw_grad_norm_batch_sd,weighted_grad_norm_mean,weighted_grad_norm_min,weighted_grad_norm_max,weighted_grad_norm_batch_sd,rho_pct_mean,rho_pct_min,rho_pct_max,rho_pct_batch_sd,cosine_with_non_cmr_mean,cosine_with_non_cmr_min,cosine_with_non_cmr_max,cosine_with_non_cmr_batch_sd
A,1,fresh_memory,attn_spatial,0.0543792235354582,0.0459204949438571,0.0665812715888023,0.010827107339339354,0.027189611767729067,0.0229602474719285,0.0332906357944011,0.00541355366966967,1.3564195310010227,1.1266201437622192,1.6270785728862736,0.2527188029286686,0.6782097655005114,0.5633100718811096,0.8135392864431368,0.1263594014643343,27.484423424473775,24.7972635952607,30.817873241769288,3.061895359157423,0.28514941637917485,0.2405577756603749,0.3441842036756918,0.05330161825031654
A,1,fresh_memory,attn_temporal,0.0010678106724905,0.0008713060524314,0.0014126144815236,0.0002995800242661816,0.0005339053362452334,0.0004356530262157,0.0007063072407618,0.00014979001213310318,0.044940463624866,0.0365271085358743,0.0531045621732142,0.008291537185095938,0.022470231812432965,0.0182635542679371,0.0265522810866071,0.004145768592547993,0.9144187218802067,0.80397314370045,1.08336180762458,0.14859668628802553,0.24748052879383212,0.1864544455403801,0.3209207860634576,0.06808731872232109
A,1,fresh_memory,ce,0.02976343408226963,0.0253184866160154,0.0358428098261356,0.005449207428953438,0.02976343408226963,0.0253184866160154,0.0358428098261356,0.005449207428953438,0.3525084348459795,0.2704136760464343,0.4268890345771739,0.07852238944676698,0.3525084348459795,0.2704136760464343,0.4268890345771739,0.07852238944676698,14.322330538190654,11.903780066091391,17.4175346610017,2.8184690091412787,0.6663747260605063,0.611122719979038,0.7143983494754763,0.05201587304805524
A,1,fresh_memory,class_contrastive,0.219935526450475,0.2186015546321869,0.2212568670511245,0.0013277012733613456,0.219935526450475,0.2186015546321869,0.2212568670511245,0.0013277012733613456,0.21923416943774457,0.2033492365134554,0.2359136336445879,0.016296731270342073,0.21923416943774457,0.2033492365134554,0.2359136336445879,0.016296731270342073,8.985566271005867,8.274763360325,10.38506650460759,1.212053151532973,0.44411145527997015,0.3828177622999475,0.5081606362869919,0.06271685220523449
A,1,fresh_memory,cmr,0.010786680504679633,0.0067822933197021,0.0152692226693034,0.00426362129940047,0.00032360041514036664,0.000203468799591,0.0004580766800791,0.00012790863898204274,0.24916924612068483,0.2004622208723686,0.2872579246662967,0.0443614192096573,0.0074750773836205,0.006013866626171,0.0086177377399889,0.001330842576289741,0.30750204028970335,0.22781269751402,0.35161302733941,0.06914473923113704,0.1597194182683257,0.0906143977351148,0.2357426610124259,0.07281105375828291
A,1,fresh_memory,cross_sdc_c,4.1225894292195635,4.078360557556152,4.15158748626709,0.03891695077349692,0.0,0.0,0.0,0.0,2.215553975034956,2.0200456295842306,2.503361595725299,0.2545347676429243,0.0,0.0,0.0,0.0,0.0,0.0,0.0,0.0,,,,
A,1,fresh_memory,cross_sdc_i,3.885990937550863,3.860964298248291,3.9236650466918954,0.033208656007630434,0.3885990937550863,0.3860964298248291,0.3923665046691895,0.003320865600763001,2.374409336388148,2.244457258340593,2.6316092819837973,0.22274579053129168,0.23744093363881477,0.2244457258340593,0.2631609281983797,0.02227457905312918,9.672878573232687,9.157628546492171,9.96886107720979,0.44786520251938605,0.2799535046059908,0.2633057419814076,0.3068682003411959,0.02352614250595622
A,1,fresh_memory,instance_contrastive,2.4750636418660483,2.4462573528289795,2.511410713195801,0.03322480458876261,0.2475063641866048,0.2446257352828979,0.2511410713195801,0.003322480458876282,4.275396579281632,4.085601084231583,4.569027544010889,0.25789850537821024,0.4275396579281631,0.4085601084231583,0.4569027544010889,0.025789850537821023,17.536776354777782,15.47676165471631,20.11314656677348,2.36092853009499,0.11300699250903369,0.0827907286053374,0.169775108755729,0.04919676050991849
A,1,fresh_memory,kd,0.1047691355148951,0.0998119264841079,0.1093815416097641,0.004794116207577819,0.1047691355148951,0.0998119264841079,0.1093815416097641,0.004794116207577819,1.9682646620616016,1.8514880680443944,2.065208817577337,0.10823185255698382,1.9682646620616016,1.8514880680443944,2.065208817577337,0.10823185255698382,80.28428134208026,78.23266143193341,81.50366904227275,1.7872690158978886,0.9166800765279385,0.9100436087384188,0.9218454395105335,0.006036879525725696
A,1,heldout_fixed_reference,attn_spatial,0.0543792235354582,0.0459204949438571,0.0665812715888023,0.010827107339339354,0.027189611767729067,0.0229602474719285,0.0332906357944011,0.00541355366966967,1.3564195310010227,1.1266201437622192,1.6270785728862736,0.2527188029286686,0.6782097655005114,0.5633100718811096,0.8135392864431368,0.1263594014643343,27.484423424473775,24.7972635952607,30.817873241769288,3.061895359157423,0.28514941637917485,0.2405577756603749,0.3441842036756918,0.05330161825031654
A,1,heldout_fixed_reference,attn_temporal,0.0010678106724905,0.0008713060524314,0.0014126144815236,0.0002995800242661816,0.0005339053362452334,0.0004356530262157,0.0007063072407618,0.00014979001213310318,0.044940463624866,0.0365271085358743,0.0531045621732142,0.008291537185095938,0.022470231812432965,0.0182635542679371,0.0265522810866071,0.004145768592547993,0.9144187218802067,0.80397314370045,1.08336180762458,0.14859668628802553,0.24748052879383212,0.1864544455403801,0.3209207860634576,0.06808731872232109
A,1,heldout_fixed_reference,ce,0.02976343408226963,0.0253184866160154,0.0358428098261356,0.005449207428953438,0.02976343408226963,0.0253184866160154,0.0358428098261356,0.005449207428953438,0.3525084348459795,0.2704136760464343,0.4268890345771739,0.07852238944676698,0.3525084348459795,0.2704136760464343,0.4268890345771739,0.07852238944676698,14.322330538190654,11.903780066091391,17.4175346610017,2.8184690091412787,0.6663747260605063,0.611122719979038,0.7143983494754763,0.05201587304805524
A,1,heldout_fixed_reference,class_contrastive,0.219935526450475,0.2186015546321869,0.2212568670511245,0.0013277012733613456,0.219935526450475,0.2186015546321869,0.2212568670511245,0.0013277012733613456,0.21923416943774457,0.2033492365134554,0.2359136336445879,0.016296731270342073,0.21923416943774457,0.2033492365134554,0.2359136336445879,0.016296731270342073,8.985566271005867,8.274763360325,10.38506650460759,1.212053151532973,0.44411145527997015,0.3828177622999475,0.5081606362869919,0.06271685220523449
A,1,heldout_fixed_reference,cmr,0.010806534749766167,0.0073421029374003,0.0154897142201662,0.00420831341444959,0.00032419604249293334,0.000220263088122,0.0004646914266049,0.00012624940243345228,0.26423814796061956,0.2434834220312813,0.304389942424848,0.03477909943376063,0.007927144438818534,0.0073045026609384,0.0091316982727454,0.00104337298301283,0.32420950227534334,0.27670358500222,0.37258317336937,0.04794568399641205,0.1804906369783095,0.090790148924032,0.2404508664549423,0.0791387694380296
A,1,heldout_fixed_reference,cross_sdc_c,4.1231333414713545,4.079140663146973,4.149458885192871,0.03834395417443108,0.0,0.0,0.0,0.0,2.238366635293659,2.058402721172629,2.539777490204462,0.2626641137184686,0.0,0.0,0.0,0.0,0.0,0.0,0.0,0.0,,,,
A,1,heldout_fixed_reference,cross_sdc_i,3.885990937550863,3.860964298248291,3.9236650466918954,0.033208656007630434,0.3885990937550863,0.3860964298248291,0.3923665046691895,0.003320865600763001,2.374409336388148,2.244457258340593,2.6316092819837973,0.22274579053129168,0.23744093363881477,0.2244457258340593,0.2631609281983797,0.02227457905312918,9.672878573232687,9.157628546492171,9.96886107720979,0.44786520251938605,0.2799535046059908,0.2633057419814076,0.3068682003411959,0.02352614250595622
A,1,heldout_fixed_reference,instance_contrastive,2.4750636418660483,2.4462573528289795,2.511410713195801,0.03322480458876261,0.2475063641866048,0.2446257352828979,0.2511410713195801,0.003322480458876282,4.275396579281632,4.085601084231583,4.569027544010889,0.25789850537821024,0.4275396579281631,0.4085601084231583,0.4569027544010889,0.025789850537821023,17.536776354777782,15.47676165471631,20.11314656677348,2.36092853009499,0.11300699250903369,0.0827907286053374,0.169775108755729,0.04919676050991849
A,1,heldout_fixed_reference,kd,0.1047691355148951,0.0998119264841079,0.1093815416097641,0.004794116207577819,0.1047691355148951,0.0998119264841079,0.1093815416097641,0.004794116207577819,1.9682646620616016,1.8514880680443944,2.065208817577337,0.10823185255698382,1.9682646620616016,1.8514880680443944,2.065208817577337,0.10823185255698382,80.28428134208026,78.23266143193341,81.50366904227275,1.7872690158978886,0.9166800765279385,0.9100436087384188,0.9218454395105335,0.006036879525725696
A,1,original_memory,attn_spatial,0.006227830890566066,0.0060177166014909,0.0065512768924236,0.0002842616820056577,0.0031139154452830002,0.0030088583007454,0.0032756384462118,0.00014213084100285722,0.6508733010640912,0.6433301022830287,0.6612622857927773,0.009298638319753826,0.32543665053204557,0.3216650511415143,0.3306311428963887,0.004649319159876944,19.516932924449183,18.668826893485953,20.01182688219862,0.7378897742336198,0.3383595066458372,0.3267940076114124,0.3470624341936609,0.01043302524040491
A,1,original_memory,attn_temporal,0.00035414565354580004,0.0003141582710668,0.0003974778228439,4.1760359507948794e-05,0.00017707282677286668,0.0001570791355334,0.0001987389114219,2.0880179753950467e-05,0.045650657442337095,0.0426411763283622,0.0498156856207187,0.0037242264512340854,0.022825328721168534,0.0213205881641811,0.0249078428103593,0.0018621132256170158,1.3668447068271965,1.28131661931947,1.43512488241548,0.07834132561004133,0.3261482779106378,0.3111716573494917,0.3421456358052415,0.015512197261260205
A,1,original_memory,ce,0.012755358281234868,0.0123275276273489,0.0133727369830012,0.0005477791490438612,0.012755358281234868,0.0123275276273489,0.0133727369830012,0.0005477791490438612,0.1383467638180159,0.1296869485576832,0.1501852126278672,0.01061237442348991,0.1383467638180159,0.1296869485576832,0.1501852126278672,0.01061237442348991,8.281602974029257,8.068246003745,8.65327990280511,0.3230558352745768,0.3363373727347958,0.2037790473642875,0.4795257683325525,0.138180361578499
A,1,original_memory,class_contrastive,0.20306766033172607,0.2009868025779724,0.2068362981081009,0.0032696483821379953,0.20306766033172607,0.2009868025779724,0.2068362981081009,0.0032696483821379953,0.21285571790411265,0.205398179477745,0.2215869102684043,0.008169173576213327,0.21285571790411265,0.205398179477745,0.2215869102684043,0.008169173576213327,12.75813604926207,12.34394187046611,13.16320694599446,0.40970872788095036,0.018570602195032027,-0.0425675277414358,0.1367239975109457,0.10234460475055739
A,1,original_memory,cmr,0.002129512028962633,0.0001602228294359,0.0056071747094392,0.003020548644583035,6.388536086885441e-05,4.80668488307856e-06,0.0001682152412831,9.06164593374466e-05,0.09363004624925737,0.0300606919846337,0.1580079628597399,0.06397746760303431,0.002808901387477667,0.000901820759539,0.0047402388857921,0.0019193240280909866,0.16714207426558,0.05610519655344,0.28487707830283,0.11453293038244314,0.1427606693788749,0.0404876859269707,0.341108118835197,0.17180188716660794
A,1,original_memory,cross_sdc_c,3.7791407903035483,3.76656436920166,3.795076847076416,0.014550110395488485,0.0,0.0,0.0,0.0,1.1873719010337147,1.115740040433482,1.3271264865949066,0.12104373857110125,0.0,0.0,0.0,0.0,0.0,0.0,0.0,0.0,,,,
A,1,original_memory,cross_sdc_i,2.864463965098063,2.8404908180236816,2.885031223297119,0.02246468305482662,0.2864463965098063,0.2840490818023681,0.2885031223297119,0.0022464683054827035,1.8836678744941249,1.833496776592779,1.937343530954462,0.05201200386337736,0.18836678744941246,0.1833496776592779,0.1937343530954462,0.005201200386337741,11.305435632558472,10.5641298042177,12.05284292316593,0.7443753142827113,0.4080099970889428,0.3883189666514724,0.42684852848474,0.019278922421337177
A,1,original_memory,instance_contrastive,0.8138235608736674,0.8088443279266357,0.8168836832046509,0.004349718093050292,0.0813823560873667,0.0808844327926635,0.0816883683204651,0.00043497180930506256,3.7939940086367403,3.6982365317942505,3.876628614832205,0.08991713475844869,0.379399400863674,0.369823653179425,0.3876628614832205,0.00899171347584489,22.75963337498946,21.93561363512262,24.11776487725097,1.1850749098377003,0.05067934240856603,-0.0195366047437318,0.0915770741190685,0.06108380084052584
A,1,original_memory,kd,0.026623634000619196,0.0261677466332912,0.0271595828235149,0.0005007415846123432,0.026623634000619196,0.0261677466332912,0.0271595828235149,0.0005007415846123432,1.4650576396611272,1.4319564813753127,1.5095167370163045,0.04000812915772893,1.4650576396611272,1.4319564813753127,1.5095167370163045,0.04000812915772893,87.80832250974953,86.97441389078145,89.08666050735488,1.1240705257026382,0.9578419559392288,0.9545106063473564,0.9608572527769738,0.0031851055293643554
A,5,fresh_memory,attn_spatial,0.005924119148403367,0.0055858353152871,0.0063264979980885,0.00037446819729499635,0.0029620595742016332,0.0027929176576435,0.0031632489990442,0.00018723409864749796,0.5214543212704457,0.4856400678892327,0.5462839221991025,0.031779178852147275,0.2607271606352228,0.2428200339446163,0.2731419610995512,0.015889589426073637,8.938312869970588,8.586846705454471,9.15338950303158,0.30691083980455175,0.08928011617486577,0.0826482602167707,0.0939382635406998,0.005898108846821692
A,5,fresh_memory,attn_temporal,0.00020976733261096665,0.0001950927544385,0.0002192602260038,1.2890076156932083e-05,0.00010488366630548658,9.754637721925974e-05,0.0001096301130019,6.445038078460495e-06,0.025291839339411867,0.0237324635996584,0.0265903916412166,0.0014467065431588797,0.012645919669705933,0.0118662317998292,0.0132951958206083,0.0007233532715794399,0.43394628524268003,0.40448775361739003,0.45180950397901,0.025703608211037836,0.06033886926177073,0.0421474113888943,0.0726557373291702,0.016080192534807792
A,5,fresh_memory,ce,0.34306825200716656,0.3165204226970672,0.3748747706413269,0.029530456160634856,0.34306825200716656,0.3165204226970672,0.3748747706413269,0.029530456160634856,1.4782084110226734,1.400779680716853,1.5598107923498454,0.07959766415506389,1.4782084110226734,1.400779680716853,1.5598107923498454,0.07959766415506389,50.7155504339957,47.74879135381528,52.271557529773915,2.570315027719361,0.6520226659253788,0.6292427954585827,0.6764199506936528,0.02363012940687044
A,5,fresh_memory,class_contrastive,0.13581266999244687,0.1338496953248977,0.1380232572555542,0.0020977699576849623,0.13581266999244687,0.1338496953248977,0.1380232572555542,0.0020977699576849623,0.1663354550180638,0.1611544248712768,0.1745504393241023,0.007194925933281532,0.1663354550180638,0.1611544248712768,0.1745504393241023,0.007194925933281532,5.708435620932829,5.40052218650582,5.94995246057404,0.2806684652130198,0.17477006271978354,0.1461579609525116,0.1895789126677974,0.02478390773374297
A,5,fresh_memory,cmr,0.19045587380727133,0.1650924384593963,0.2084888219833374,0.02260782071256068,0.0057136762142181,0.0049527731537818,0.0062546646595001,0.0006782346213768606,2.297879668112053,2.2503044698065526,2.328720427872204,0.041800678163273285,0.06893639004336154,0.0675091340941965,0.0698616128361661,0.0012540203448982246,2.3652344472078597,2.32698385654391,2.38732602194205,0.03325852639696773,0.189550287946232,0.1640545883631556,0.2097993023644929,0.023319315892196702
A,5,fresh_memory,cross_sdc_c,3.2748544216156006,3.2041220664978027,3.3524270057678223,0.07438871085657807,0.0,0.0,0.0,0.0,3.29771593021237,3.2311341286892925,3.367779884014368,0.06838939720790274,0.0,0.0,0.0,0.0,0.0,0.0,0.0,0.0,,,,
A,5,fresh_memory,cross_sdc_i,2.4145590464274087,2.33837366104126,2.5118396282196045,0.08863614345083426,0.24145590464274083,0.2338373661041259,0.2511839628219605,0.008863614345083502,4.350101310215088,4.327559030349678,4.365169633096583,0.019888046271426846,0.4350101310215087,0.4327559030349678,0.4365169633096583,0.0019888046271426805,14.930302614373758,14.602876668558459,15.436552690398939,0.4446768259162303,0.31208579214765547,0.2974170635924064,0.3207754930802977,0.012775587482347696
A,5,fresh_memory,instance_contrastive,2.1937004725138345,2.1306262016296387,2.2965011596679688,0.08979012494864758,0.2193700472513834,0.2130626201629638,0.2296501159667968,0.00897901249486475,6.484027125648589,6.445568307407753,6.504439740239851,0.033327323633131185,0.6484027125648589,0.6445568307407754,0.6504439740239851,0.0033327323633130738,22.2515832855556,21.78940559727761,22.79346810315902,0.506754673168576,0.21012125658458194,0.1842096557406609,0.2273028718958633,0.02283453098269861
A,5,fresh_memory,kd,0.08561687916517254,0.0822807922959327,0.0883771628141403,0.003088704483302745,0.08561687916517254,0.0822807922959327,0.0883771628141403,0.003088704483302745,2.0469019626133993,1.970031459164884,2.139822110903145,0.08602563384871441,2.0469019626133993,1.970031459164884,2.139822110903145,0.08602563384871441,70.2003641514764,69.22626372056627,71.70859127410696,1.3245587993263968,0.7953218213027294,0.7756732414869851,0.8303014443968051,0.03037006427867194
A,5,heldout_fixed_reference,attn_spatial,0.005924119148403367,0.0055858353152871,0.0063264979980885,0.00037446819729499635,0.0029620595742016332,0.0027929176576435,0.0031632489990442,0.00018723409864749796,0.5214543212704457,0.4856400678892327,0.5462839221991025,0.031779178852147275,0.2607271606352228,0.2428200339446163,0.2731419610995512,0.015889589426073637,8.938312869970588,8.586846705454471,9.15338950303158,0.30691083980455175,0.08928011617486577,0.0826482602167707,0.0939382635406998,0.005898108846821692
A,5,heldout_fixed_reference,attn_temporal,0.00020976733261096665,0.0001950927544385,0.0002192602260038,1.2890076156932083e-05,0.00010488366630548658,9.754637721925974e-05,0.0001096301130019,6.445038078460495e-06,0.025291839339411867,0.0237324635996584,0.0265903916412166,0.0014467065431588797,0.012645919669705933,0.0118662317998292,0.0132951958206083,0.0007233532715794399,0.43394628524268003,0.40448775361739003,0.45180950397901,0.025703608211037836,0.06033886926177073,0.0421474113888943,0.0726557373291702,0.016080192534807792
A,5,heldout_fixed_reference,ce,0.34306825200716656,0.3165204226970672,0.3748747706413269,0.029530456160634856,0.34306825200716656,0.3165204226970672,0.3748747706413269,0.029530456160634856,1.4782084110226734,1.400779680716853,1.5598107923498454,0.07959766415506389,1.4782084110226734,1.400779680716853,1.5598107923498454,0.07959766415506389,50.7155504339957,47.74879135381528,52.271557529773915,2.570315027719361,0.6520226659253788,0.6292427954585827,0.6764199506936528,0.02363012940687044
A,5,heldout_fixed_reference,class_contrastive,0.13581266999244687,0.1338496953248977,0.1380232572555542,0.0020977699576849623,0.13581266999244687,0.1338496953248977,0.1380232572555542,0.0020977699576849623,0.1663354550180638,0.1611544248712768,0.1745504393241023,0.007194925933281532,0.1663354550180638,0.1611544248712768,0.1745504393241023,0.007194925933281532,5.708435620932829,5.40052218650582,5.94995246057404,0.2806684652130198,0.17477006271978354,0.1461579609525116,0.1895789126677974,0.02478390773374297
A,5,heldout_fixed_reference,cmr,0.1994502395391464,0.1731289178133011,0.2199117541313171,0.02393556868391615,0.005983507186174367,0.005193867534399,0.0065973526239395,0.0007180670605174929,2.527983691342337,2.464714950415388,2.5726919680626588,0.05633051756085578,0.07583951074027007,0.0739414485124616,0.0771807590418797,0.0016899155268256653,2.6017923534765135,2.58644093644941,2.61479200559118,0.014321099085715461,0.21951671562180608,0.1963282937493377,0.2374823025236624,0.02106826080617441
A,5,heldout_fixed_reference,cross_sdc_c,3.3066022396087646,3.23196029663086,3.390880823135376,0.07989732202594078,0.0,0.0,0.0,0.0,3.3261875151538653,3.2851852952448053,3.388692407833992,0.05500185716284809,0.0,0.0,0.0,0.0,0.0,0.0,0.0,0.0,,,,
A,5,heldout_fixed_reference,cross_sdc_i,2.4145590464274087,2.33837366104126,2.5118396282196045,0.08863614345083426,0.24145590464274083,0.2338373661041259,0.2511839628219605,0.008863614345083502,4.350101310215088,4.327559030349678,4.365169633096583,0.019888046271426846,0.4350101310215087,0.4327559030349678,0.4365169633096583,0.0019888046271426805,14.930302614373758,14.602876668558459,15.436552690398939,0.4446768259162303,0.31208579214765547,0.2974170635924064,0.3207754930802977,0.012775587482347696
A,5,heldout_fixed_reference,instance_contrastive,2.1937004725138345,2.1306262016296387,2.2965011596679688,0.08979012494864758,0.2193700472513834,0.2130626201629638,0.2296501159667968,0.00897901249486475,6.484027125648589,6.445568307407753,6.504439740239851,0.033327323633131185,0.6484027125648589,0.6445568307407754,0.6504439740239851,0.0033327323633130738,22.2515832855556,21.78940559727761,22.79346810315902,0.506754673168576,0.21012125658458194,0.1842096557406609,0.2273028718958633,0.02283453098269861
A,5,heldout_fixed_reference,kd,0.08561687916517254,0.0822807922959327,0.0883771628141403,0.003088704483302745,0.08561687916517254,0.0822807922959327,0.0883771628141403,0.003088704483302745,2.0469019626133993,1.970031459164884,2.139822110903145,0.08602563384871441,2.0469019626133993,1.970031459164884,2.139822110903145,0.08602563384871441,70.2003641514764,69.22626372056627,71.70859127410696,1.3245587993263968,0.7953218213027294,0.7756732414869851,0.8303014443968051,0.03037006427867194
A,5,original_memory,attn_spatial,0.0051162233576177996,0.0050737773999571,0.0051736496388912,5.1593832955920233e-05,0.002558111678808867,0.0025368886999785,0.0025868248194456,2.579691647798805e-05,0.5259459480818558,0.5197177004511866,0.5306958996108756,0.005636420293108263,0.2629729740409279,0.2598588502255933,0.2653479498054378,0.0028182101465541315,16.819745881989927,16.412146121841158,17.26939864715645,0.43017068061773944,0.20275985569111024,0.1972520152662291,0.2057454162465821,0.004775550948109134
A,5,original_memory,attn_temporal,0.00018674833700056668,0.000183631433174,0.0001924776588566,4.968145849045186e-06,9.337416850030422e-05,9.181571658700705e-05,9.623882942833006e-05,2.4840729245309945e-06,0.026680439110672232,0.0260977287790149,0.0272594179762691,0.0005808535879492343,0.013340219555336067,0.0130488643895074,0.0136297089881345,0.0002904267939746163,0.8531967949052968,0.8303458012694199,0.879997241606,0.02506022778243834,0.14980382748841603,0.1453896020695267,0.1555950233950375,0.005240199605059109
A,5,original_memory,ce,0.022694493954380297,0.0210378542542457,0.0249085389077663,0.001994636654635166,0.022694493954380297,0.0210378542542457,0.0249085389077663,0.001994636654635166,0.18710282559099056,0.1767573888443949,0.1979791342948526,0.010620828064104242,0.18710282559099056,0.1767573888443949,0.1979791342948526,0.010620828064104242,11.977119095594707,11.00051097696594,12.88489546070978,0.944076044798544,0.175299951985465,0.1498121366770687,0.2093132785219275,0.030653054113504153
A,5,original_memory,class_contrastive,0.12642047802607212,0.1251622289419174,0.1272917836904525,0.001116263752135719,0.12642047802607212,0.1251622289419174,0.1272917836904525,0.001116263752135719,0.18882724362298042,0.1837966020843025,0.1981295234492265,0.008064944448546258,0.18882724362298042,0.1837966020843025,0.1981295234492265,0.008064944448546258,12.082426005253879,11.48583363686172,12.89468310090446,0.7287644743131801,-0.010155040030658534,-0.0242515434169003,0.0028595158140844,0.013587874779317282
A,5,original_memory,cmr,0.010881895509858866,0.0097769331187009,0.0118091255426406,0.001027688233556248,0.0003264568652957334,0.000293307993561,0.0003542737662792,3.083064700668925e-05,1.3406317132008432,1.172900449569347,1.5857207390146275,0.21700994302522145,0.04021895139602527,0.0351870134870804,0.0475716221704388,0.006510298290756645,2.56585100807116,2.29004431184344,2.96062391110946,0.3507619827035382,0.1716840887535439,0.155348253215332,0.1839179761625673,0.014719943993146193
A,5,original_memory,cross_sdc_c,2.685901403427124,2.6154932975769043,2.733751058578491,0.06227268488451854,0.0,0.0,0.0,0.0,3.3019927539769665,3.1774254711942467,3.411247217774254,0.11766058861144525,0.0,0.0,0.0,0.0,0.0,0.0,0.0,0.0,,,,
A,5,original_memory,cross_sdc_i,0.10205670694510137,0.0943164527416229,0.1098861843347549,0.007785249260830166,0.010205670694510068,0.0094316452741622,0.0109886184334754,0.0007785249260830158,0.528942078037791,0.5088603585744961,0.5450687908083739,0.018425368372528627,0.05289420780377907,0.0508860358574496,0.0545068790808373,0.0018425368372528286,3.38196141669893,3.2854385394290397,3.46820550181992,0.09181601609429359,0.0825258187312554,0.039164017986634,0.1081985253162737,0.03776398866250754
A,5,original_memory,instance_contrastive,0.5141910513242086,0.5056460499763489,0.5223554372787476,0.00836119351908656,0.051419105132420796,0.0505646049976348,0.0522355437278747,0.0008361193519086729,3.5406936024049993,3.4757527818018703,3.588161058858457,0.05820561853238789,0.3540693602404999,0.3475752781801871,0.3588161058858457,0.005820561853238763,22.652351572230625,21.63137670193291,23.35250141599543,0.904303098289825,0.13514275027411446,0.1265356870472693,0.1455407216174682,0.009628257820859699
A,5,original_memory,kd,0.023343869795401834,0.0229058656841516,0.0239459909498691,0.0005391344405634844,0.023343869795401834,0.0229058656841516,0.0239459909498691,0.0005391344405634844,1.469104806871998,1.4413317806087025,1.5141624573376873,0.03937188773178084,1.469104806871998,1.4413317806087025,1.5141624573376873,0.03937188773178084,93.92686108948175,93.05906621182515,94.48748903804456,0.7621427585189272,0.9704785402161721,0.9691782495001724,0.9726572880021498,0.0018986027342248963
A,9,fresh_memory,attn_spatial,0.006213600747287234,0.0060356827452778,0.0063620954751968,0.00016518357774718541,0.0031068003736436,0.0030178413726389,0.0031810477375984,8.259178887358822e-05,0.5682583867637697,0.5269209774983783,0.5929443584789004,0.036023943265451476,0.2841291933818848,0.2634604887491891,0.2964721792394502,0.01801197163272576,7.192042378849276,7.17579865459772,7.201527394815529,0.014133369080415735,0.0748159423050698,0.0704744941703786,0.0799443533139563,0.004783726682600277
A,9,fresh_memory,attn_temporal,0.00024593935813750005,0.0002353191957809,0.000253994599916,9.598270317161225e-06,0.00012296967906873335,0.0001176595978904,0.000126997299958,4.799135158608279e-06,0.030303260883057136,0.0284175225098367,0.0322888192428889,0.0019375777716340759,0.015151630441528535,0.0142087612549183,0.0161444096214444,0.0009687888858170375,0.3836233073294833,0.37187083887424,0.39075852964695,0.010255507647307807,0.059232496409845826,0.0501903890696956,0.0742549104707846,0.013099555294814363
A,9,fresh_memory,ce,0.6638630628585815,0.6474986672401428,0.6902794241905212,0.023093934319229525,0.6638630628585815,0.6474986672401428,0.6902794241905212,0.023093934319229525,1.8997883888524587,1.7888288412146096,2.0311346637238525,0.12243260142193088,1.8997883888524587,1.7888288412146096,2.0311346637238525,0.12243260142193088,48.187715784464466,44.048840929458564,51.352818743552206,3.74809241563666,0.5294809207194807,0.5112410554281454,0.5585183053507492,0.025420944277962192
A,9,fresh_memory,class_contrastive,0.12682149310906723,0.1256047487258911,0.1280559748411178,0.0012257093159273747,0.12682149310906723,0.1256047487258911,0.1280559748411178,0.0012257093159273747,0.2070673413372641,0.1944009317700751,0.2222776103333334,0.014111368378907608,0.2070673413372641,0.1944009317700751,0.2222776103333334,0.014111368378907608,5.271686182954306,4.70527099111573,6.07351907115219,0.7138570031527369,0.08619249206952377,0.0437627125416866,0.1102863773117063,0.03685787918545391
A,9,fresh_memory,cmr,0.1437242229779561,0.1304413974285125,0.1578141003847122,0.013704186087009313,0.004311726689338633,0.0039132419228553,0.0047344230115413,0.0004111255826102821,2.023522901792477,1.9496140546260443,2.083326942630909,0.06796317588086341,0.060705687053774264,0.0584884216387813,0.0624998082789272,0.0020388952764258854,1.5389062961306468,1.47955935062891,1.5981391186094498,0.05928996636554904,0.16509371558911776,0.125740810177705,0.1926488884427661,0.03497945975010601
A,9,fresh_memory,cross_sdc_c,3.3339785734812417,3.1814446449279785,3.4424855709075928,0.13597562008468295,0.0,0.0,0.0,0.0,4.080597674064992,3.506284594839071,4.626841164827729,0.5608053877982594,0.0,0.0,0.0,0.0,0.0,0.0,0.0,0.0,,,,
A,9,fresh_memory,cross_sdc_i,2.817408323287964,2.7084102630615234,2.901434421539306,0.09890541240335807,0.2817408323287964,0.2708410263061523,0.2901434421539307,0.009890541240335846,4.703048578978109,4.277093524916106,4.969664516285083,0.37276716609387217,0.4703048578978109,0.4277093524916106,0.4969664516285083,0.03727671660938722,11.897714427464974,11.68674121236219,12.23750180604078,0.2971180311269241,0.2465869814348245,0.2327533852611182,0.2667859755933757,0.017886951104364245
A,9,fresh_memory,instance_contrastive,2.361778736114502,2.3152666091918945,2.389686346054077,0.0405483704701937,0.23617787361145018,0.2315266609191894,0.2389686346054077,0.004054837047019405,6.368676649725358,6.219090459534232,6.592170164651494,0.19721520245587165,0.6368676649725358,0.6219090459534232,0.6592170164651494,0.019721520245587165,16.149736452644657,15.50049318837372,16.993058569668023,0.764975689269814,0.16450879680448696,0.1236835050208819,0.1989279829958251,0.03802908765767176
A,9,fresh_memory,kd,0.10282468795776363,0.0997438132762909,0.1050973385572433,0.002766763065114956,0.10282468795776363,0.0997438132762909,0.1050973385572433,0.002766763065114956,3.2139784316006863,2.9447059707080565,3.350543053219085,0.23320476482887767,3.2139784316006863,2.9447059707080565,3.350543053219085,0.23320476482887767,81.32258527375451,80.46122074648319,82.4101489142337,0.9939591439666198,0.8340333008484201,0.8112380038101122,0.8580331668512394,0.023420825365561247
A,9,heldout_fixed_reference,attn_spatial,0.006213600747287234,0.0060356827452778,0.0063620954751968,0.00016518357774718541,0.0031068003736436,0.0030178413726389,0.0031810477375984,8.259178887358822e-05,0.5682583867637697,0.5269209774983783,0.5929443584789004,0.036023943265451476,0.2841291933818848,0.2634604887491891,0.2964721792394502,0.01801197163272576,7.192042378849276,7.17579865459772,7.201527394815529,0.014133369080415735,0.0748159423050698,0.0704744941703786,0.0799443533139563,0.004783726682600277
A,9,heldout_fixed_reference,attn_temporal,0.00024593935813750005,0.0002353191957809,0.000253994599916,9.598270317161225e-06,0.00012296967906873335,0.0001176595978904,0.000126997299958,4.799135158608279e-06,0.030303260883057136,0.0284175225098367,0.0322888192428889,0.0019375777716340759,0.015151630441528535,0.0142087612549183,0.0161444096214444,0.0009687888858170375,0.3836233073294833,0.37187083887424,0.39075852964695,0.010255507647307807,0.059232496409845826,0.0501903890696956,0.0742549104707846,0.013099555294814363
A,9,heldout_fixed_reference,ce,0.6638630628585815,0.6474986672401428,0.6902794241905212,0.023093934319229525,0.6638630628585815,0.6474986672401428,0.6902794241905212,0.023093934319229525,1.8997883888524587,1.7888288412146096,2.0311346637238525,0.12243260142193088,1.8997883888524587,1.7888288412146096,2.0311346637238525,0.12243260142193088,48.187715784464466,44.048840929458564,51.352818743552206,3.74809241563666,0.5294809207194807,0.5112410554281454,0.5585183053507492,0.025420944277962192
A,9,heldout_fixed_reference,class_contrastive,0.12682149310906723,0.1256047487258911,0.1280559748411178,0.0012257093159273747,0.12682149310906723,0.1256047487258911,0.1280559748411178,0.0012257093159273747,0.2070673413372641,0.1944009317700751,0.2222776103333334,0.014111368378907608,0.2070673413372641,0.1944009317700751,0.2222776103333334,0.014111368378907608,5.271686182954306,4.70527099111573,6.07351907115219,0.7138570031527369,0.08619249206952377,0.0437627125416866,0.1102863773117063,0.03685787918545391
A,9,heldout_fixed_reference,cmr,0.16654998064041138,0.1566406935453415,0.1835210919380188,0.014766210591682656,0.0049964994192123,0.0046992208063602,0.0055056327581405,0.00044298631775046155,2.301233835011112,2.2552943504915106,2.363505613196901,0.055923851855650006,0.06903701505033333,0.0676588305147453,0.070905168395907,0.001677715555669499,1.75431860228048,1.63761114525096,1.9374146224174,0.16054940739183982,0.2554565766588206,0.2271415395371827,0.2960801286878164,0.036079868665759546
A,9,heldout_fixed_reference,cross_sdc_c,3.3677829106648765,3.213897705078125,3.471191644668579,0.13587107298869686,0.0,0.0,0.0,0.0,4.106000699258508,3.5609981742376413,4.633550784749065,0.5364892508828923,0.0,0.0,0.0,0.0,0.0,0.0,0.0,0.0,,,,
A,9,heldout_fixed_reference,cross_sdc_i,2.817408323287964,2.7084102630615234,2.901434421539306,0.09890541240335807,0.2817408323287964,0.2708410263061523,0.2901434421539307,0.009890541240335846,4.703048578978109,4.277093524916106,4.969664516285083,0.37276716609387217,0.4703048578978109,0.4277093524916106,0.4969664516285083,0.03727671660938722,11.897714427464974,11.68674121236219,12.23750180604078,0.2971180311269241,0.2465869814348245,0.2327533852611182,0.2667859755933757,0.017886951104364245
A,9,heldout_fixed_reference,instance_contrastive,2.361778736114502,2.3152666091918945,2.389686346054077,0.0405483704701937,0.23617787361145018,0.2315266609191894,0.2389686346054077,0.004054837047019405,6.368676649725358,6.219090459534232,6.592170164651494,0.19721520245587165,0.6368676649725358,0.6219090459534232,0.6592170164651494,0.019721520245587165,16.149736452644657,15.50049318837372,16.993058569668023,0.764975689269814,0.16450879680448696,0.1236835050208819,0.1989279829958251,0.03802908765767176
A,9,heldout_fixed_reference,kd,0.10282468795776363,0.0997438132762909,0.1050973385572433,0.002766763065114956,0.10282468795776363,0.0997438132762909,0.1050973385572433,0.002766763065114956,3.2139784316006863,2.9447059707080565,3.350543053219085,0.23320476482887767,3.2139784316006863,2.9447059707080565,3.350543053219085,0.23320476482887767,81.32258527375451,80.46122074648319,82.4101489142337,0.9939591439666198,0.8340333008484201,0.8112380038101122,0.8580331668512394,0.023420825365561247
A,9,original_memory,attn_spatial,0.005004622507840333,0.0049738604575395,0.0050376332364976,3.194580175504561e-05,0.0025023112539201333,0.0024869302287697,0.0025188166182488,1.597290087754878e-05,0.5228840936486332,0.5101769131139965,0.5364276814103007,0.013145356283632448,0.26144204682431654,0.2550884565569982,0.2682138407051503,0.006572678141816224,9.239869229701272,8.91143137427136,9.50227107799779,0.30090439437382044,0.11409453912994477,0.1096693641016442,0.1183739770547258,0.004354136096086765
A,9,original_memory,attn_temporal,0.00018623995129016667,0.0001807806547731,0.0001914209569804,5.325607205182604e-06,9.311997564509511e-05,9.039032738655806e-05,9.571047849021852e-05,2.6628036025964165e-06,0.026304376641359567,0.0255170265401011,0.0277977771153349,0.0012939614148874564,0.013152188320679733,0.0127585132700505,0.0138988885576674,0.0006469807074437282,0.4646090418874633,0.44713455661261,0.48223365160772996,0.01755002907065818,0.10320049339445247,0.0960245093751553,0.1075574531048085,0.006261978226458277
A,9,original_memory,ce,0.02433126295606287,0.0238272435963153,0.0248692110180854,0.0005218116467041575,0.02433126295606287,0.0238272435963153,0.0248692110180854,0.0005218116467041575,0.19423627079848646,0.1853710356037062,0.2014842262048949,0.008177433782854243,0.19423627079848646,0.1853710356037062,0.2014842262048949,0.008177433782854243,6.865454392428878,6.47587619156309,7.129821959451061,0.34448446112311715,0.22382362530385427,0.1910765250933414,0.2425436730373031,0.028456729964406364
A,9,original_memory,class_contrastive,0.1172822092970212,0.1157867163419723,0.1187058389186859,0.0014608875413540852,0.1172822092970212,0.1157867163419723,0.1187058389186859,0.0014608875413540852,0.22257849134087201,0.2150891270128272,0.2345944879611137,0.01051106923021178,0.22257849134087201,0.2150891270128272,0.2345944879611137,0.01051106923021178,7.8734698374377325,7.462698525148969,8.54014097175912,0.5825239013350122,0.029076888350590732,-0.0151025473143815,0.0650925727676281,0.04071608339551587
A,9,original_memory,cmr,0.006527989326665734,0.0053977873176336,0.0087718786671757,0.0019432827156603775,0.00019583967979993334,0.000161933619529,0.0002631563600152,5.8298481469783255e-05,1.2397136646975173,1.15338628136216,1.3437459119643584,0.09640691829882136,0.037191409940925506,0.0346015884408648,0.0403123773589307,0.002892207548964616,1.3140138428221733,1.20879511755816,1.3986719051763101,0.09659375892632614,0.21265798652789325,0.1685755202472251,0.2765257996895248,0.0566295918342847
A,9,original_memory,cross_sdc_c,1.948954463005066,1.7048708200454712,2.135232448577881,0.2209273712053472,0.0,0.0,0.0,0.0,3.050996408649866,2.6443965684957766,3.3759194715066463,0.3725382683290648,0.0,0.0,0.0,0.0,0.0,0.0,0.0,0.0,,,,
A,9,original_memory,cross_sdc_i,0.07298463334639864,0.064609594643116,0.0779923051595687,0.0072992194802775495,0.007298463334639832,0.0064609594643116,0.0077992305159568,0.0007299219480277259,0.41641357457854017,0.3899268247088085,0.4658822377984667,0.04287694544078506,0.04164135745785397,0.0389926824708808,0.0465882237798466,0.004287694544078485,1.4702855609750933,1.3621965440069401,1.61641768563428,0.13131091251175842,0.05927786179257657,0.0434034324239469,0.0729487192076487,0.014895394919191472
A,9,original_memory,instance_contrastive,0.48429707686106355,0.4611383974552154,0.4984868764877319,0.02022517799379321,0.048429707686106334,0.0461138397455215,0.0498486876487732,0.002022517799379336,3.7975132019351157,3.64262538802828,3.906085887019519,0.1377014052236109,0.3797513201935116,0.364262538802828,0.3906085887019519,0.013770140522361094,13.414275113253945,13.260556371736579,13.64578264105277,0.20405426017648912,0.06595847514894336,0.0331338420524913,0.0987201231415697,0.032793185909825516
A,9,original_memory,kd,0.04231839130322133,0.0420043393969535,0.0425096973776817,0.0002741287591461364,0.04231839130322133,0.0420043393969535,0.0425096973776817,0.0002741287591461364,2.74648778155828,2.6726154641919115,2.79065482991027,0.0643826468872674,2.74648778155828,2.6726154641919115,2.79065482991027,0.0643826468872674,97.03432906337564,96.8241211101724,97.29347447961246,0.23847285551464084,0.9908721930780554,0.9907829854212667,0.9909535947627534,8.557211432958088e-05
B,1,fresh_memory,attn_spatial,0.057462040334939936,0.0463826023042202,0.0674475580453872,0.010574998172324187,0.028731020167469968,0.0231913011521101,0.0337237790226936,0.005287499086162093,1.3120701592599755,1.1704906463749318,1.5522308900827824,0.20909350973691618,0.6560350796299877,0.5852453231874659,0.7761154450413912,0.10454675486845805,21.725838774472294,21.42304926237319,22.06417757148795,0.3220391139763095,0.24058438588316133,0.2207441445106219,0.2592702432081865,0.019288974107258484
B,1,fresh_memory,attn_temporal,0.0011928947254394,0.0009890192886814,0.0015182556817308,0.00028476628754859636,0.0005964473627197,0.0004945096443407,0.0007591278408654,0.00014238314377429818,0.05080362909129687,0.0411223376197243,0.0589824412597608,0.009024350865874707,0.0254018145456484,0.0205611688098621,0.0294912206298804,0.004512175432937378,0.8501408554403067,0.74350489418884,1.0542710214820399,0.17684099197857991,0.23146998524959073,0.1952496242239426,0.2668405243151816,0.035803015124306066
B,1,fresh_memory,ce,0.030965238809585533,0.0262537579983472,0.0354497507214546,0.004602195856525637,0.030965238809585533,0.0262537579983472,0.0354497507214546,0.004602195856525637,0.33857417640068577,0.2602764612418736,0.4014013036145483,0.07182311328674,0.33857417640068577,0.2602764612418736,0.4014013036145483,0.07182311328674,11.198512011251045,9.52748399705664,12.65661872872282,1.5753960299487964,0.6256415767000688,0.5421383293031176,0.7132800837652736,0.08564578395629957
B,1,fresh_memory,class_contrastive,0.22009915113449094,0.2192831933498382,0.2212816327810287,0.001048424935812089,0.22009915113449094,0.2192831933498382,0.2212816327810287,0.001048424935812089,0.19519923888593396,0.1876119457983055,0.206538797027883,0.010005800524947827,0.19519923888593396,0.1876119457983055,0.206538797027883,0.010005800524947827,6.569973119919467,5.4426439431564795,7.56040355729988,1.0654963136762157,0.3443427118254078,0.2829852992298614,0.428153200841579,0.07514343214912494
B,1,fresh_memory,cmr,0.011052579153329066,0.0066021992824971,0.0150996726006269,0.004263067340851794,0.0011052579153328667,0.0006602199282497,0.0015099672600626,0.0004263067340851409,0.24553999929544404,0.2007547179894767,0.2733842208208894,0.03916644993166936,0.024553999929544365,0.0200754717989476,0.0273384220820889,0.003916644993166959,0.8362850520919466,0.5707253700894399,0.9773114017867599,0.23012923202971697,0.15420383483087227,0.1176247635805481,0.2003853007320592,0.042207595461893475
B,1,fresh_memory,cross_sdc_c,4.12013053894043,4.076519966125488,4.144435405731201,0.037850488081768004,0.0,0.0,0.0,0.0,2.108741211796677,1.9332598298592607,2.4560969299176536,0.3008242823946768,0.0,0.0,0.0,0.0,0.0,0.0,0.0,0.0,,,,
B,1,fresh_memory,cross_sdc_i,3.8888553778330484,3.856476068496704,3.93062162399292,0.03795361362449261,0.38888553778330487,0.3856476068496704,0.393062162399292,0.0037953613624492565,2.2028542665044584,2.0543353734249554,2.447767752582491,0.2136965077204203,0.22028542665044584,0.2054335373424955,0.2447767752582491,0.021369650772042056,7.336336113706623,6.95875628964731,7.53030679729728,0.32703475816259014,0.2493401613114544,0.2257744103624347,0.27991974746248,0.02774571670726959
B,1,fresh_memory,instance_contrastive,2.5832817554473877,2.5356545448303223,2.640286922454834,0.05294282917812873,0.25832817554473875,0.2535654544830322,0.2640286922454834,0.0052942829178128994,3.9153355869008073,3.7432323100900624,4.074179900671055,0.1658717185162167,0.3915335586900807,0.3743232310090063,0.4074179900671055,0.01658717185162165,13.199819370818881,10.64163107548433,14.91363591604281,2.257704382492851,0.13162255079915663,0.0994389459821096,0.1603708452494179,0.030610865800683593
B,1,fresh_memory,kd,0.11935836076736446,0.1136517375707626,0.1254467219114303,0.0059067509507807715,0.11935836076736446,0.1136517375707626,0.1254467219114303,0.0059067509507807715,2.5910566578430885,2.377133137040719,2.9828316018473875,0.3397661020739158,2.5910566578430885,2.377133137040719,2.9828316018473875,0.3397661020739158,86.02774533659253,84.79888726540766,87.01554421773756,1.1278183191033577,0.9505682091600614,0.9478467661931664,0.9549875650923348,0.003861338311789282
B,1,heldout_fixed_reference,attn_spatial,0.057462040334939936,0.0463826023042202,0.0674475580453872,0.010574998172324187,0.028731020167469968,0.0231913011521101,0.0337237790226936,0.005287499086162093,1.3120701592599755,1.1704906463749318,1.5522308900827824,0.20909350973691618,0.6560350796299877,0.5852453231874659,0.7761154450413912,0.10454675486845805,21.725838774472294,21.42304926237319,22.06417757148795,0.3220391139763095,0.24058438588316133,0.2207441445106219,0.2592702432081865,0.019288974107258484
B,1,heldout_fixed_reference,attn_temporal,0.0011928947254394,0.0009890192886814,0.0015182556817308,0.00028476628754859636,0.0005964473627197,0.0004945096443407,0.0007591278408654,0.00014238314377429818,0.05080362909129687,0.0411223376197243,0.0589824412597608,0.009024350865874707,0.0254018145456484,0.0205611688098621,0.0294912206298804,0.004512175432937378,0.8501408554403067,0.74350489418884,1.0542710214820399,0.17684099197857991,0.23146998524959073,0.1952496242239426,0.2668405243151816,0.035803015124306066
B,1,heldout_fixed_reference,ce,0.030965238809585533,0.0262537579983472,0.0354497507214546,0.004602195856525637,0.030965238809585533,0.0262537579983472,0.0354497507214546,0.004602195856525637,0.33857417640068577,0.2602764612418736,0.4014013036145483,0.07182311328674,0.33857417640068577,0.2602764612418736,0.4014013036145483,0.07182311328674,11.198512011251045,9.52748399705664,12.65661872872282,1.5753960299487964,0.6256415767000688,0.5421383293031176,0.7132800837652736,0.08564578395629957
B,1,heldout_fixed_reference,class_contrastive,0.22009915113449094,0.2192831933498382,0.2212816327810287,0.001048424935812089,0.22009915113449094,0.2192831933498382,0.2212816327810287,0.001048424935812089,0.19519923888593396,0.1876119457983055,0.206538797027883,0.010005800524947827,0.19519923888593396,0.1876119457983055,0.206538797027883,0.010005800524947827,6.569973119919467,5.4426439431564795,7.56040355729988,1.0654963136762157,0.3443427118254078,0.2829852992298614,0.428153200841579,0.07514343214912494
B,1,heldout_fixed_reference,cmr,0.011749250814318601,0.0071678599342703,0.0164400078356266,0.004637041340207895,0.0011749250814318,0.000716785993427,0.0016440007835626,0.0004637041340207751,0.2791677731973856,0.2365991339116213,0.3319039798866741,0.04845913728865837,0.027916777319738535,0.0236599133911621,0.0331903979886674,0.00484591372886585,0.9479402943399365,0.6726274212476,1.1865115801769899,0.25890479017424495,0.22373234312730814,0.1523858309403393,0.2956323674833934,0.07162487235371628
B,1,heldout_fixed_reference,cross_sdc_c,4.121351401011149,4.078361988067627,4.144804954528809,0.03728142031455785,0.0,0.0,0.0,0.0,2.1589475222672765,1.958392702665455,2.5239056537341087,0.31657947054528385,0.0,0.0,0.0,0.0,0.0,0.0,0.0,0.0,,,,
B,1,heldout_fixed_reference,cross_sdc_i,3.8888553778330484,3.856476068496704,3.93062162399292,0.03795361362449261,0.38888553778330487,0.3856476068496704,0.393062162399292,0.0037953613624492565,2.2028542665044584,2.0543353734249554,2.447767752582491,0.2136965077204203,0.22028542665044584,0.2054335373424955,0.2447767752582491,0.021369650772042056,7.336336113706623,6.95875628964731,7.53030679729728,0.32703475816259014,0.2493401613114544,0.2257744103624347,0.27991974746248,0.02774571670726959
B,1,heldout_fixed_reference,instance_contrastive,2.5832817554473877,2.5356545448303223,2.640286922454834,0.05294282917812873,0.25832817554473875,0.2535654544830322,0.2640286922454834,0.0052942829178128994,3.9153355869008073,3.7432323100900624,4.074179900671055,0.1658717185162167,0.3915335586900807,0.3743232310090063,0.4074179900671055,0.01658717185162165,13.199819370818881,10.64163107548433,14.91363591604281,2.257704382492851,0.13162255079915663,0.0994389459821096,0.1603708452494179,0.030610865800683593
B,1,heldout_fixed_reference,kd,0.11935836076736446,0.1136517375707626,0.1254467219114303,0.0059067509507807715,0.11935836076736446,0.1136517375707626,0.1254467219114303,0.0059067509507807715,2.5910566578430885,2.377133137040719,2.9828316018473875,0.3397661020739158,2.5910566578430885,2.377133137040719,2.9828316018473875,0.3397661020739158,86.02774533659253,84.79888726540766,87.01554421773756,1.1278183191033577,0.9505682091600614,0.9478467661931664,0.9549875650923348,0.003861338311789282
B,1,original_memory,attn_spatial,0.012845820126434135,0.012766133993864,0.012914621271193,7.483969603013738e-05,0.006422910063217067,0.006383066996932,0.0064573106355965,3.741984801506869e-05,0.7973091195503175,0.7844231030094063,0.8149822735951738,0.01583203211321177,0.39865455977515873,0.3922115515047031,0.4074911367975869,0.007916016056605907,16.443953218315965,14.338595216464519,18.18343352088147,1.9483570681227889,0.29344982185657204,0.2709542166289452,0.3098366358197409,0.020148166878570586
B,1,original_memory,attn_temporal,0.0005675870925187667,0.0005389749421738,0.0005907776067033,2.6323461343088364e-05,0.00028379354625936664,0.0002694874710869,0.0002953888033516,1.3161730671522142e-05,0.056834072371295834,0.0539007160536704,0.0609166585804527,0.003646424192612552,0.028417036185647903,0.0269503580268352,0.0304583292902263,0.0018232120963062486,1.1662487973814466,1.11350533401386,1.23668505012202,0.06346720973833152,0.2871983378630231,0.2784480201521968,0.2940899573071401,0.007984899431101198
B,1,original_memory,ce,0.013661011743048802,0.0133737465366721,0.014197988435626,0.00046541438176439054,0.013661011743048802,0.0133737465366721,0.014197988435626,0.00046541438176439054,0.13314796988346156,0.124033279218013,0.143803338756904,0.009974671951912201,0.13314796988346156,0.124033279218013,0.143803338756904,0.009974671951912201,5.459284632692497,5.25720840526199,5.69157938361312,0.21875649951457798,0.285250327832669,0.1233011415048048,0.5024548412031807,0.19552300471730688
B,1,original_memory,class_contrastive,0.20276731749375654,0.2006684392690658,0.2069018334150314,0.0035807354368279087,0.20276731749375654,0.2006684392690658,0.2069018334150314,0.0035807354368279087,0.1807369832134105,0.17465880290489,0.1894365469749689,0.007729758622109984,0.1807369832134105,0.17465880290489,0.1894365469749689,0.007729758622109984,7.434597472169384,6.92548181168569,8.17328286317529,0.6548118522932134,0.013149243777731833,-0.0751600455684323,0.1538885145338696,0.12319694774718279
B,1,original_memory,cmr,0.0012290220862875001,0.0,0.0027608182281255,0.001405091960948955,0.00012290220862873474,0.0,0.0002760818228125,0.00014050919609486778,0.08231996533243396,0.0,0.1343618038195131,0.07211690027556564,0.008231996533243366,0.0,0.0134361803819513,0.007211690027556543,0.32196974395815664,0.0,0.55426952883933,0.2878093185089637,0.22867274762933845,0.0699832367640152,0.3873622584946617,0.22442085847209278
B,1,original_memory,cross_sdc_c,3.797217607498169,3.780999660491944,3.805420637130737,0.014045469033750115,0.0,0.0,0.0,0.0,1.2155699988577051,1.0813479302023556,1.3453476062336562,0.13205594330890968,0.0,0.0,0.0,0.0,0.0,0.0,0.0,0.0,,,,
B,1,original_memory,cross_sdc_i,2.9714300632476807,2.953052759170532,2.986464500427246,0.016954857202955906,0.29714300632476803,0.2953052759170532,0.2986464500427246,0.0016954857202955735,1.8814161992157439,1.8526884805662636,1.89882601044252,0.025064700019993984,0.18814161992157433,0.1852688480566263,0.189882601044252,0.002506470001999417,7.75659646996435,6.94178879887046,8.685287116427611,0.8773104324527262,0.4002063828010208,0.3791097036608902,0.4164382027504095,0.019133853565823332
B,1,original_memory,instance_contrastive,0.962889552116394,0.9545121192932128,0.9758503437042236,0.011383555614471883,0.09628895521163937,0.0954512119293213,0.0975850343704223,0.0011383555614471602,3.804212930436009,3.7445596587525367,3.878223117615156,0.0679784585416017,0.3804212930436009,0.3744559658752537,0.3878223117615156,0.0067978458541601465,15.664969044358406,14.17813198751542,17.182855027967488,1.5026021310865614,0.1250850325432824,0.0785744221780197,0.1652672590202151,0.04369151315662384
B,1,original_memory,kd,0.04875171432892477,0.0470309555530548,0.051280453801155,0.0022370032285224306,0.04875171432892477,0.0470309555530548,0.051280453801155,0.0022370032285224306,2.215873884088285,1.9794519267949928,2.4704517110082604,0.2460028937345955,2.215873884088285,1.9794519267949928,2.4704517110082604,0.2460028937345955,90.60266618087756,90.31556299163432,90.83213673321539,0.2630651026842381,0.9725948305087296,0.967118789210639,0.978257134623558,0.005571508324686229
B,5,fresh_memory,attn_spatial,0.005234381804863567,0.0050017423927783,0.0056567909196019,0.0003664444680401344,0.002617190902431733,0.0025008711963891,0.0028283954598009,0.0001832222340200673,0.5362683176642591,0.5250990544846686,0.5494079731307688,0.012273659428179646,0.26813415883212954,0.2625495272423343,0.2747039865653844,0.006136829714089823,7.854888250355373,7.80413507456722,7.90494814086911,0.050410108784360884,0.0759759723858307,0.0697890005372516,0.0794676224328664,0.005372848421459046
B,5,fresh_memory,attn_temporal,0.00018332015800593334,0.0001666920725256,0.0001953267492353,1.4866231344932294e-05,9.166007900300126e-05,8.334603626281023e-05,9.76633746176958e-05,7.433115672486334e-06,0.027829983821196363,0.0240067138342321,0.030742565215601,0.003459037256583978,0.013914991910598166,0.012003356917116,0.0153712826078005,0.001729518628292017,0.4074378606611733,0.35679294384313,0.45199637916432,0.04789265818029613,0.05205262955362397,0.0491223722817988,0.0561922145763964,0.003686803863040269
B,5,fresh_memory,ce,0.34623528520266217,0.3154372870922088,0.3713771104812622,0.02839560139400938,0.34623528520266217,0.3154372870922088,0.3713771104812622,0.02839560139400938,1.4509952494031637,1.4376864274239642,1.4703694439706716,0.01716497745772891,1.4509952494031637,1.4376864274239642,1.4703694439706716,0.01716497745772891,42.52035679396991,41.57965046748663,43.70589378236432,1.084059130432652,0.6107084140569022,0.5699967943238686,0.6506765945361342,0.04034503770001763
B,5,fresh_memory,class_contrastive,0.13631430764993027,0.1337911039590835,0.1387892216444015,0.002499408734111761,0.13631430764993027,0.1337911039590835,0.1387892216444015,0.002499408734111761,0.18196930948063048,0.1713441976638267,0.1942976249017442,0.0115711119768108,0.18196930948063048,0.1713441976638267,0.1942976249017442,0.0115711119768108,5.3355992280697535,4.93064193827776,5.77538617314376,0.42344779400787275,0.1601299577206141,0.1315992510011831,0.1938105758274154,0.03142377164873865
B,5,fresh_memory,cmr,0.1833862562974294,0.1630496382713318,0.2058109939098358,0.02145701672100992,0.018338625629742866,0.0163049638271331,0.0205810993909835,0.0021457016721009915,2.2758435345809302,2.1985239631019446,2.396113916224512,0.1055652711079308,0.22758435345809305,0.2198523963101945,0.2396113916224512,0.010556527110793081,6.670850754495054,6.425425932591571,7.122312065337121,0.3914726639037089,0.13776629541888105,0.0947956612496339,0.1634038342107512,0.037444592343709435
B,5,fresh_memory,cross_sdc_c,3.24737286567688,3.176053047180176,3.33652400970459,0.08170801417867467,0.0,0.0,0.0,0.0,3.450852902724113,3.358520601948645,3.624901642415285,0.1508240596583333,0.0,0.0,0.0,0.0,0.0,0.0,0.0,0.0,,,,
B,5,fresh_memory,cross_sdc_i,2.4548638661702475,2.388915538787842,2.541502952575684,0.07836970296822232,0.2454863866170248,0.2388915538787842,0.2541502952575684,0.007836970296822211,4.434134275757697,4.345032066076183,4.537728722632969,0.09716233357737492,0.4434134275757697,0.4345032066076182,0.4537728722632969,0.009716233357737537,12.99585870976973,12.50336901993606,13.48814003023692,0.4923855382173498,0.29881771107437755,0.280998553861196,0.3126987885917954,0.016212882971927443
B,5,fresh_memory,instance_contrastive,2.180198828379313,2.118551731109619,2.2662527561187744,0.07681580714523377,0.2180198828379313,0.2118551731109619,0.2266252756118774,0.00768158071452336,6.467505538440416,6.24561792616363,6.605732746408463,0.19408752761787185,0.6467505538440417,0.6245617926163631,0.6605732746408464,0.019408752761787187,18.957190285478735,17.97254070874387,19.63516413871919,0.8727065182587653,0.19651419039233906,0.1684729027036971,0.2157556143180857,0.024839321771870048
B,5,fresh_memory,kd,0.09527833511432009,0.0919521301984787,0.0974799618124961,0.0029304842115200126,0.09527833511432009,0.0919521301984787,0.0974799618124961,0.0029304842115200126,2.5830096729479046,2.4757207075394376,2.7114603980294723,0.11928606570941495,2.5830096729479046,2.4757207075394376,2.7114603980294723,0.11928606570941495,75.64893293060254,73.58938715859004,78.02563807111568,2.235066685468677,0.8584547689538806,0.8570449147743218,0.8609007034978208,0.002126469741415988
B,5,heldout_fixed_reference,attn_spatial,0.005234381804863567,0.0050017423927783,0.0056567909196019,0.0003664444680401344,0.002617190902431733,0.0025008711963891,0.0028283954598009,0.0001832222340200673,0.5362683176642591,0.5250990544846686,0.5494079731307688,0.012273659428179646,0.26813415883212954,0.2625495272423343,0.2747039865653844,0.006136829714089823,7.854888250355373,7.80413507456722,7.90494814086911,0.050410108784360884,0.0759759723858307,0.0697890005372516,0.0794676224328664,0.005372848421459046
B,5,heldout_fixed_reference,attn_temporal,0.00018332015800593334,0.0001666920725256,0.0001953267492353,1.4866231344932294e-05,9.166007900300126e-05,8.334603626281023e-05,9.76633746176958e-05,7.433115672486334e-06,0.027829983821196363,0.0240067138342321,0.030742565215601,0.003459037256583978,0.013914991910598166,0.012003356917116,0.0153712826078005,0.001729518628292017,0.4074378606611733,0.35679294384313,0.45199637916432,0.04789265818029613,0.05205262955362397,0.0491223722817988,0.0561922145763964,0.003686803863040269
B,5,heldout_fixed_reference,ce,0.34623528520266217,0.3154372870922088,0.3713771104812622,0.02839560139400938,0.34623528520266217,0.3154372870922088,0.3713771104812622,0.02839560139400938,1.4509952494031637,1.4376864274239642,1.4703694439706716,0.01716497745772891,1.4509952494031637,1.4376864274239642,1.4703694439706716,0.01716497745772891,42.52035679396991,41.57965046748663,43.70589378236432,1.084059130432652,0.6107084140569022,0.5699967943238686,0.6506765945361342,0.04034503770001763
B,5,heldout_fixed_reference,class_contrastive,0.13631430764993027,0.1337911039590835,0.1387892216444015,0.002499408734111761,0.13631430764993027,0.1337911039590835,0.1387892216444015,0.002499408734111761,0.18196930948063048,0.1713441976638267,0.1942976249017442,0.0115711119768108,0.18196930948063048,0.1713441976638267,0.1942976249017442,0.0115711119768108,5.3355992280697535,4.93064193827776,5.77538617314376,0.42344779400787275,0.1601299577206141,0.1315992510011831,0.1938105758274154,0.03142377164873865
B,5,heldout_fixed_reference,cmr,0.18272223075230912,0.1649909019470214,0.2005045711994171,0.017756889580746952,0.018272223075230867,0.0164990901947021,0.0200504571199417,0.001775688958074711,2.559784104935191,2.48734921477364,2.638973261792483,0.07603734607113122,0.25597841049351905,0.248734921477364,0.2638973261792482,0.007603734607113075,7.49824148503397,7.39350379092293,7.593973076413469,0.10053763484924524,0.15993804071112114,0.1271509947257237,0.1826770531386359,0.029094810954941548
B,5,heldout_fixed_reference,cross_sdc_c,3.3200852076212564,3.242740631103516,3.422426223754883,0.09241398458415905,0.0,0.0,0.0,0.0,3.5355898746944057,3.434480666487891,3.61889031542989,0.09348579466879327,0.0,0.0,0.0,0.0,0.0,0.0,0.0,0.0,,,,
B,5,heldout_fixed_reference,cross_sdc_i,2.4548638661702475,2.388915538787842,2.541502952575684,0.07836970296822232,0.2454863866170248,0.2388915538787842,0.2541502952575684,0.007836970296822211,4.434134275757697,4.345032066076183,4.537728722632969,0.09716233357737492,0.4434134275757697,0.4345032066076182,0.4537728722632969,0.009716233357737537,12.99585870976973,12.50336901993606,13.48814003023692,0.4923855382173498,0.29881771107437755,0.280998553861196,0.3126987885917954,0.016212882971927443
B,5,heldout_fixed_reference,instance_contrastive,2.180198828379313,2.118551731109619,2.2662527561187744,0.07681580714523377,0.2180198828379313,0.2118551731109619,0.2266252756118774,0.00768158071452336,6.467505538440416,6.24561792616363,6.605732746408463,0.19408752761787185,0.6467505538440417,0.6245617926163631,0.6605732746408464,0.019408752761787187,18.957190285478735,17.97254070874387,19.63516413871919,0.8727065182587653,0.19651419039233906,0.1684729027036971,0.2157556143180857,0.024839321771870048
B,5,heldout_fixed_reference,kd,0.09527833511432009,0.0919521301984787,0.0974799618124961,0.0029304842115200126,0.09527833511432009,0.0919521301984787,0.0974799618124961,0.0029304842115200126,2.5830096729479046,2.4757207075394376,2.7114603980294723,0.11928606570941495,2.5830096729479046,2.4757207075394376,2.7114603980294723,0.11928606570941495,75.64893293060254,73.58938715859004,78.02563807111568,2.235066685468677,0.8584547689538806,0.8570449147743218,0.8609007034978208,0.002126469741415988
B,5,original_memory,attn_spatial,0.0042381410797436665,0.0042057279497385,0.0042682983912527,3.1346157270646404e-05,0.0021190705398718003,0.0021028639748692,0.0021341491956263,1.5673078635324998e-05,0.5259517320485472,0.5152751529173824,0.5411083650647999,0.013486729572929781,0.26297586602427353,0.2576375764586912,0.2705541825323999,0.006743364786464859,12.46188994970826,12.24724079316116,12.758322171928471,0.265174275343298,0.13746508767548485,0.1332662748672742,0.1404708559069497,0.0037475343241776884
B,5,original_memory,attn_temporal,0.00015477401514843334,0.0001525586703792,0.0001587734441272,3.470312743073324e-06,7.738700757424037e-05,7.627933518961072e-05,7.938672206364572e-05,1.7351563715558198e-06,0.030060648528279832,0.0299083902549524,0.0303208849760021,0.0002264562614119973,0.0150303242641399,0.0149541951274762,0.015160442488001,0.00011322813070596975,0.7123134302893467,0.70622788882347,0.71983927898722,0.006919056961708303,0.1130854929056432,0.1088846600329053,0.1162886399603617,0.0038014816105239975
B,5,original_memory,ce,0.021621669953068034,0.0200741328299045,0.0237069278955459,0.0018751420631195343,0.021621669953068034,0.0200741328299045,0.0237069278955459,0.0018751420631195343,0.18230471534956647,0.1656994817937091,0.1994609086315626,0.016887455492074693,0.18230471534956647,0.1656994817937091,0.1994609086315626,0.016887455492074693,8.641475902014177,7.813767108156131,9.470686410975059,0.8284606721955354,0.11439083783291937,0.0686999152378989,0.1411586799279025,0.03976343014389601
B,5,original_memory,class_contrastive,0.1267637014389038,0.1250237673521042,0.1277831345796585,0.0015142219401606575,0.1267637014389038,0.1250237673521042,0.1277831345796585,0.0015142219401606575,0.20306804422367694,0.1920372594904591,0.2193123821588208,0.01436554669636799,0.20306804422367694,0.1920372594904591,0.2193123821588208,0.01436554669636799,9.624790208143546,9.05575808387327,10.413262486970561,0.7048546213092787,-0.0111959095645664,-0.0212625927768961,0.0061077532107153,0.015052055167528703
B,5,original_memory,cmr,0.0015825005636239335,0.0007703496376052,0.0026550153270363,0.0009689340463088572,0.000158250056362375,7.7034963760525e-05,0.0002655015327036,9.689340463087105e-05,0.7521499333983105,0.5151324442335234,1.1265075606613473,0.3280116132035854,0.075214993339831,0.0515132444233523,0.1126507560661347,0.032801161320358554,3.560237554398837,2.44592179636887,5.31218784108413,1.5358397064381557,0.19773060169660775,0.1024300419099495,0.2529987308770883,0.08288352761254539
B,5,original_memory,cross_sdc_c,2.6711323261260986,2.585620880126953,2.71572208404541,0.0740777917579581,0.0,0.0,0.0,0.0,3.295571952778703,3.13502503498654,3.3915825244084115,0.13992548490755158,0.0,0.0,0.0,0.0,0.0,0.0,0.0,0.0,,,,
B,5,original_memory,cross_sdc_i,0.0966160247723261,0.0883606672286987,0.1023777723312377,0.007333715083831109,0.009661602477232531,0.0088360667228698,0.0102377772331237,0.0007333715083831071,0.5127807908016196,0.4942315004681671,0.5339925674063953,0.02001380113509936,0.05127807908016194,0.0494231500468167,0.0533992567406395,0.002001380113509926,2.4298788407897836,2.3494135742926003,2.51810899710269,0.0846153446761075,0.10470310021242478,0.0506730875388504,0.1351413866427379,0.046916420885748364
B,5,original_memory,instance_contrastive,0.48356269796689344,0.4798372089862823,0.4857682883739471,0.0032445330066316514,0.04835626979668933,0.0479837208986282,0.0485768288373947,0.00032445330066317843,3.4729214666021835,3.4126982182248944,3.5125391493584384,0.05301410079710235,0.34729214666021835,0.3412698218224894,0.3512539149358438,0.005301410079710259,16.459406944015612,16.093006929754388,16.69745281294237,0.3220167641507677,0.1430207994116049,0.1305216332308914,0.1559937600167989,0.0127426712904649
B,5,original_memory,kd,0.029604109625021566,0.0291197765618562,0.0302075799554586,0.0005536012302397316,0.029604109625021566,0.0291197765618562,0.0302075799554586,0.0005536012302397316,2.0293852489876296,2.0206354484072784,2.036321562159888,0.007998755753205307,2.0293852489876296,2.0206354484072784,2.036321562159888,0.007998755753205307,96.17516804860107,95.78372668863564,96.68743153449893,0.4638093376542981,0.9849891703152247,0.98460823486589,0.9851836318111484,0.00032992394976525123
B,9,fresh_memory,attn_spatial,0.0059344187999764665,0.0057521909475326,0.0061113582924008,0.00017964206208093418,0.0029672093999882332,0.0028760954737663,0.0030556791462004,8.982103104046709e-05,0.6067879166579542,0.5694341884635661,0.6310595645416671,0.032829519690867615,0.3033939583289771,0.284717094231783,0.3155297822708335,0.016414759845433814,8.615469229974222,8.42742992633448,8.77397049318714,0.17514840276986082,0.09375330275026679,0.0774492746647338,0.1083566975045579,0.015523733827446875
B,9,fresh_memory,attn_temporal,0.00023549733062583334,0.0002333644661121,0.0002384114777669,2.6126391960528e-06,0.00011774866531286667,0.000116682233056,0.0001192057388834,1.3063195980264e-06,0.036845512781895434,0.0338260376694031,0.0411057422373941,0.003795145340309652,0.018422756390947665,0.0169130188347015,0.020552871118697,0.0018975726701548259,0.5234009308705666,0.48775648585347,0.5818325959559301,0.051010015407096876,0.07654931193009702,0.0561128919318743,0.1006634600634643,0.02250183422276695
B,9,fresh_memory,ce,0.6862729986508688,0.6749707460403442,0.7055819630622864,0.016803042203363986,0.6862729986508688,0.6749707460403442,0.7055819630622864,0.016803042203363986,1.8849952399613097,1.8437116187694291,1.915233848947612,0.03701825999937425,1.8849952399613097,1.8437116187694291,1.915233848947612,0.03701825999937425,53.596520002255836,52.193754884535714,56.12148580596994,2.19117966687619,0.5266264708366545,0.4755958187283344,0.5725675459812787,0.04868579686989719
B,9,fresh_memory,class_contrastive,0.1267554809649785,0.1261562258005142,0.1275316178798675,0.0007045503588899302,0.1267554809649785,0.1261562258005142,0.1275316178798675,0.0007045503588899302,0.2408179335489997,0.221500377760099,0.264194001283859,0.021634232406275825,0.2408179335489997,0.221500377760099,0.264194001283859,0.021634232406275825,6.859085279108463,6.270468931230649,7.81996050776323,0.8391445299674768,0.1150085192261262,0.1055647721770054,0.1326596819416407,0.015298849228917713
B,9,fresh_memory,cmr,0.15489009022712708,0.135056734085083,0.1705932170152664,0.018124693118745375,0.015489009022712665,0.0135056734085083,0.0170593217015266,0.0018124693118745123,2.282596549280471,2.19736582649108,2.333100469059755,0.07423231394607442,0.22825965492804703,0.2197365826491079,0.2333100469059755,0.007423231394607496,6.485498906678747,6.39231909344302,6.560126095988481,0.08542802477365115,0.22335662882151705,0.2173784798235,0.2340083329240628,0.009247680332000806
B,9,fresh_memory,cross_sdc_c,3.2720229625701904,3.1022372245788574,3.377945899963379,0.14853505106792347,0.0,0.0,0.0,0.0,4.345041320419227,4.088685119649541,4.739512911005067,0.3467003016702314,0.0,0.0,0.0,0.0,0.0,0.0,0.0,0.0,,,,
B,9,fresh_memory,cross_sdc_i,2.783289988835653,2.66123366355896,2.8554329872131348,0.10628663828791159,0.27832899888356527,0.266123366355896,0.2855432987213135,0.010628663828791145,5.029277455406277,4.718449596790776,5.302490968000166,0.2938319419175039,0.5029277455406277,0.4718449596790776,0.5302490968000166,0.029383194191750398,14.286536462699225,13.88246654449918,15.01085696069889,0.6286784219609688,0.32388412037790937,0.299575142915137,0.3373500277070468,0.021092999021066438
B,9,fresh_memory,instance_contrastive,2.3227340380350747,2.2734391689300537,2.3808538913726807,0.05424841849663151,0.23227340380350744,0.2273439168930053,0.238085389137268,0.005424841849663161,6.696728908278764,6.575282874092944,6.878506238341773,0.160362093723112,0.6696728908278763,0.6575282874092945,0.6878506238341773,0.01603620937231118,19.034429988512137,18.61401203600112,19.64327993467015,0.539887084472278,0.21527594853372892,0.1989895519452209,0.2255668322388972,0.01426701047882417
B,9,fresh_memory,kd,0.0917471051216125,0.0909225344657898,0.0926337242126464,0.0008572806388055856,0.0917471051216125,0.0909225344657898,0.0926337242126464,0.0008572806388055856,2.775924307606013,2.5386799237928708,2.9115054678806773,0.20615838534065994,2.775924307606013,2.5386799237928708,2.9115054678806773,0.20615838534065994,78.80214601694286,75.143177549219,82.4220020032068,3.6395698506344325,0.7780132106387798,0.7548696452393594,0.790800497462164,0.020079738913208155
B,9,heldout_fixed_reference,attn_spatial,0.0059344187999764665,0.0057521909475326,0.0061113582924008,0.00017964206208093418,0.0029672093999882332,0.0028760954737663,0.0030556791462004,8.982103104046709e-05,0.6067879166579542,0.5694341884635661,0.6310595645416671,0.032829519690867615,0.3033939583289771,0.284717094231783,0.3155297822708335,0.016414759845433814,8.615469229974222,8.42742992633448,8.77397049318714,0.17514840276986082,0.09375330275026679,0.0774492746647338,0.1083566975045579,0.015523733827446875
B,9,heldout_fixed_reference,attn_temporal,0.00023549733062583334,0.0002333644661121,0.0002384114777669,2.6126391960528e-06,0.00011774866531286667,0.000116682233056,0.0001192057388834,1.3063195980264e-06,0.036845512781895434,0.0338260376694031,0.0411057422373941,0.003795145340309652,0.018422756390947665,0.0169130188347015,0.020552871118697,0.0018975726701548259,0.5234009308705666,0.48775648585347,0.5818325959559301,0.051010015407096876,0.07654931193009702,0.0561128919318743,0.1006634600634643,0.02250183422276695
B,9,heldout_fixed_reference,ce,0.6862729986508688,0.6749707460403442,0.7055819630622864,0.016803042203363986,0.6862729986508688,0.6749707460403442,0.7055819630622864,0.016803042203363986,1.8849952399613097,1.8437116187694291,1.915233848947612,0.03701825999937425,1.8849952399613097,1.8437116187694291,1.915233848947612,0.03701825999937425,53.596520002255836,52.193754884535714,56.12148580596994,2.19117966687619,0.5266264708366545,0.4755958187283344,0.5725675459812787,0.04868579686989719
B,9,heldout_fixed_reference,class_contrastive,0.1267554809649785,0.1261562258005142,0.1275316178798675,0.0007045503588899302,0.1267554809649785,0.1261562258005142,0.1275316178798675,0.0007045503588899302,0.2408179335489997,0.221500377760099,0.264194001283859,0.021634232406275825,0.2408179335489997,0.221500377760099,0.264194001283859,0.021634232406275825,6.859085279108463,6.270468931230649,7.81996050776323,0.8391445299674768,0.1150085192261262,0.1055647721770054,0.1326596819416407,0.015298849228917713
B,9,heldout_fixed_reference,cmr,0.16730530063311252,0.1484264135360717,0.1852352172136306,0.018422741810712934,0.0167305300633112,0.0148426413536071,0.018523521721363,0.0018422741810713,2.3784758730873086,2.2266476874156638,2.502969871758661,0.14017437613289574,0.23784758730873082,0.2226647687415663,0.2502969871758662,0.014017437613289654,6.773299267370174,6.10065563630614,7.40861845997929,0.6547797509905458,0.2893593104033891,0.2492995649229573,0.3276262005302078,0.039194083853650474
B,9,heldout_fixed_reference,cross_sdc_c,3.3569768269856772,3.186217784881592,3.448885440826416,0.1480257305263919,0.0,0.0,0.0,0.0,4.398313926232453,4.192114824676064,4.775276617368089,0.32693970661031063,0.0,0.0,0.0,0.0,0.0,0.0,0.0,0.0,,,,
B,9,heldout_fixed_reference,cross_sdc_i,2.783289988835653,2.66123366355896,2.8554329872131348,0.10628663828791159,0.27832899888356527,0.266123366355896,0.2855432987213135,0.010628663828791145,5.029277455406277,4.718449596790776,5.302490968000166,0.2938319419175039,0.5029277455406277,0.4718449596790776,0.5302490968000166,0.029383194191750398,14.286536462699225,13.88246654449918,15.01085696069889,0.6286784219609688,0.32388412037790937,0.299575142915137,0.3373500277070468,0.021092999021066438
B,9,heldout_fixed_reference,instance_contrastive,2.3227340380350747,2.2734391689300537,2.3808538913726807,0.05424841849663151,0.23227340380350744,0.2273439168930053,0.238085389137268,0.005424841849663161,6.696728908278764,6.575282874092944,6.878506238341773,0.160362093723112,0.6696728908278763,0.6575282874092945,0.6878506238341773,0.01603620937231118,19.034429988512137,18.61401203600112,19.64327993467015,0.539887084472278,0.21527594853372892,0.1989895519452209,0.2255668322388972,0.01426701047882417
B,9,heldout_fixed_reference,kd,0.0917471051216125,0.0909225344657898,0.0926337242126464,0.0008572806388055856,0.0917471051216125,0.0909225344657898,0.0926337242126464,0.0008572806388055856,2.775924307606013,2.5386799237928708,2.9115054678806773,0.20615838534065994,2.775924307606013,2.5386799237928708,2.9115054678806773,0.20615838534065994,78.80214601694286,75.143177549219,82.4220020032068,3.6395698506344325,0.7780132106387798,0.7548696452393594,0.790800497462164,0.020079738913208155
B,9,original_memory,attn_spatial,0.0047614546492695,0.0047413120046257,0.0047988919541239,3.245291358112389e-05,0.0023807273246346998,0.0023706560023128,0.0023994459770619,1.6226456790562065e-05,0.5797388540383158,0.5716666752934337,0.592638899491183,0.011288922431424455,0.2898694270191579,0.2858333376467168,0.2963194497455915,0.0056444612157122475,11.513582125930306,11.07257381445311,12.34214490881934,0.7180539966785556,0.15327882625704203,0.146709516425272,0.1652007699586262,0.010342612402913839
B,9,original_memory,attn_temporal,0.0001795009011402,0.0001758477301336,0.000184618984349,4.565435460929089e-06,8.975045057013631e-05,8.792386506684124e-05,9.2309492174536e-05,2.282717730463145e-06,0.032001448506403,0.0289871759129447,0.0347705879108474,0.0028994881090700004,0.016000724253201468,0.0144935879564723,0.0173852939554237,0.0014497440545350243,0.6353352290810433,0.5609774868479,0.67346920478995,0.06440277631663281,0.12996868770667783,0.1208414125508725,0.1464203980540414,0.01427608622835172
B,9,original_memory,ce,0.023494139934579498,0.0230141766369342,0.023770859465003,0.000417280777486132,0.023494139934579498,0.0230141766369342,0.023770859465003,0.000417280777486132,0.18489934950502382,0.1735502225422311,0.1932937192172371,0.010198007552771381,0.18489934950502382,0.1735502225422311,0.1932937192172371,0.010198007552771381,7.342947808990393,6.72296543655355,7.824402378193759,0.563634010953876,0.18790729065072276,0.1725845858485587,0.2071870420164132,0.01763735117134967
B,9,original_memory,class_contrastive,0.11685282737016674,0.1161452978849411,0.1175773292779922,0.0007161665483793929,0.11685282737016674,0.1161452978849411,0.1175773292779922,0.0007161665483793929,0.2511894551206816,0.2339571028006289,0.2720719595968234,0.01931782299381985,0.2511894551206816,0.2339571028006289,0.2720719595968234,0.01931782299381985,9.992087619869771,9.06299912915464,11.3322009535771,1.189127956175502,0.0478999110545853,0.0357704630107576,0.0632117180971313,0.013994683875543605
B,9,original_memory,cmr,0.002335614408366333,0.0012686025584116,0.0032330206595361,0.000993130990031427,0.00023356144083659997,0.0001268602558411,0.0003233020659536,9.931309900316782e-05,1.0942684858244907,0.9054612616928682,1.289871975251354,0.19229545260122127,0.10942684858244907,0.0905461261692868,0.1289871975251354,0.019229545260122136,4.325497874376606,3.77138055255248,4.992477647392421,0.6183227138181022,0.21702636834984723,0.1909508236159494,0.2523318931098849,0.031714402430394945
B,9,original_memory,cross_sdc_c,1.853034774462382,1.6216821670532229,2.023714065551758,0.20776994570320903,0.0,0.0,0.0,0.0,3.0256674932810728,2.587410809648839,3.310560786353396,0.38519698775428407,0.0,0.0,0.0,0.0,0.0,0.0,0.0,0.0,,,,
B,9,original_memory,cross_sdc_i,0.072917528450489,0.0642724931240081,0.0778455063700676,0.007511262142215656,0.007291752845048866,0.0064272493124008,0.0077845506370067,0.0007511262142215442,0.43500213749747935,0.3837752772950198,0.4923023819474404,0.05451786503727667,0.043500213749747864,0.0383775277295019,0.049230238194744,0.005451786503727689,1.7218422041960402,1.5984809936924902,1.9054671198292301,0.16212311996465759,0.1498940312345917,0.1449171138634861,0.153570165821411,0.004470777777474373
B,9,original_memory,instance_contrastive,0.45644447207450867,0.4333198666572571,0.4769800305366516,0.021944927673512957,0.04564444720745083,0.0433319866657257,0.0476980030536651,0.0021944927673512708,3.783913909565923,3.6327235211289457,3.8619857037551526,0.13095813725846958,0.37839139095659236,0.3632723521128946,0.3861985703755153,0.013095813725846952,15.006690017825797,14.928728532770391,15.130832670600599,0.10867863553140641,0.055633227117489796,0.0364698034679263,0.067651606692509,0.01677393675332462
B,9,original_memory,kd,0.03414148837327953,0.0328434035181999,0.0348103940486907,0.0011243499307850432,0.03414148837327953,0.0328434035181999,0.0348103940486907,0.0011243499307850432,2.4344334724292653,2.313312666816162,2.497848305393904,0.10493252563339321,2.4344334724292653,2.313312666816162,2.497848305393904,0.10493252563339321,96.52434102258026,96.35290622254254,96.76131541018759,0.21194597021957925,0.9861039452748086,0.9850228274276436,0.9872921465573716,0.001138443004607555
