run,step,direction,unique_samples,active_in_both,active_only_fixed,active_only_fresh,inactive_in_both,mean_violation_change,mean_absolute_violation_change
A,1,a_from_v,294,27,4,2,261,-0.00032879868332220605,0.0031846410588545044
A,1,v_from_a,294,16,3,1,274,0.0003276683808285374,0.00371384454042125
A,5,a_from_v,288,158,28,37,65,-0.02258482259801693,0.061251051840372384
A,5,v_from_a,288,159,27,19,83,-0.023169796202435266,0.09967254783906457
A,9,a_from_v,291,121,47,39,84,-0.015346495761084803,0.056761853358487484
A,9,v_from_a,291,134,36,24,97,-0.03362289401366539,0.1139717110755927
B,1,a_from_v,294,28,4,1,261,-0.0008036952947272734,0.0032335274732437263
B,1,v_from_a,294,15,3,2,274,-7.204955355042386e-05,0.0033583136934305534
B,5,a_from_v,288,143,30,27,88,-0.024097923415764753,0.05308654324229186
B,5,v_from_a,288,160,31,16,81,-0.026032833906356245,0.10445204909451099
B,9,a_from_v,291,118,51,32,90,-0.021930225084686197,0.05412647789312186
B,9,v_from_a,291,129,43,24,95,-0.025581117828226176,0.1298922625181499
