run,step,experiment_group,direction,unique_samples,old_classes_covered,directions_per_sample,active_pct,mean_violation,active_mean_violation,median_signed_drop,p90_violation,max_violation
A,1,fresh_memory,a_from_v,294,10,1,9.863945578231291,0.01204867327116987,0.12214861868013592,-0.36914384365081787,0.0,0.5067439079284668
A,1,fresh_memory,v_from_a,294,10,1,5.782312925170068,0.01031470486932263,0.17838371950475607,-0.4185452461242676,0.0,0.4694166183471679
A,1,fresh_memory,both,294,10,2,7.8231292517006805,0.01118168907024625,0.1429311559414086,-0.40789127349853516,0.0,0.5067439079284668
A,1,heldout_fixed_reference,a_from_v,294,10,1,10.54421768707483,0.012377471954492075,0.11738634692324743,-0.3746914863586426,0.0031087305396794076,0.5109567642211914
A,1,heldout_fixed_reference,v_from_a,294,10,1,6.462585034013606,0.009987036488494092,0.1545362488219612,-0.42110753059387207,0.0,0.4685959815979004
A,1,heldout_fixed_reference,both,294,10,2,8.503401360544217,0.011182254221493083,0.13150330964475868,-0.40085768699645996,0.0,0.5109567642211914
A,1,original_memory,a_from_v,292,10,1,0.684931506849315,0.0003167896544280113,0.046251289546489646,-0.6300466060638428,0.0,0.0502078458666801
A,1,original_memory,v_from_a,292,10,1,2.3972602739726026,0.0048596457807883004,0.20271665257002622,-0.6209571361541748,0.0,0.5041830539703369
A,1,original_memory,both,292,10,2,1.5410958904109588,0.002588217717608156,0.1679465718981292,-0.6219415664672852,0.0,0.5041830539703369
A,5,fresh_memory,a_from_v,288,50,1,67.70833333333334,0.10892999990998455,0.16088123063628487,0.071295142173767,0.3062576293945314,0.9801874160766602
A,5,fresh_memory,v_from_a,288,50,1,61.80555555555556,0.26328089350135997,0.4259825692606274,0.1337581872940063,0.7916462898254396,1.5544984340667725
A,5,fresh_memory,both,288,50,2,64.75694444444444,0.18610544670567228,0.28739071662859844,0.08613336086273185,0.5384342670440674,1.5544984340667725
A,5,heldout_fixed_reference,a_from_v,288,50,1,64.58333333333334,0.1315148225080015,0.2036358542059378,0.0799057483673095,0.3717499256134034,1.1003763675689695
A,5,heldout_fixed_reference,v_from_a,288,50,1,64.58333333333334,0.2864506897037952,0.44353655179942486,0.12755894660949704,0.9045217037200929,1.5488572120666504
A,5,heldout_fixed_reference,both,288,50,2,64.58333333333334,0.20898275610589837,0.3235862030026813,0.09739542007446285,0.5798611640930176,1.5488572120666504
A,5,original_memory,a_from_v,286,50,1,25.174825174825177,0.015486756762997659,0.061516839364129584,-0.06347942352294915,0.0454442426562309,0.339949369430542
A,5,original_memory,v_from_a,286,50,1,19.93006993006993,0.007705710144466027,0.03866373861960147,-0.0460443496704101,0.028581371530890402,0.3631603717803955
A,5,original_memory,both,286,50,2,22.552447552447553,0.011596233453731841,0.051418957639803205,-0.0541005134582519,0.037462846934795326,0.3631603717803955
A,9,fresh_memory,a_from_v,291,90,1,54.98281786941581,0.05858068524690221,0.1065436212928034,0.027536392211914,0.1656665652990341,0.4974486827850342
A,9,fresh_memory,v_from_a,291,90,1,54.29553264604811,0.2209800386807763,0.40699488136775885,0.0601916313171386,0.6434836387634277,1.88394832611084
A,9,fresh_memory,both,291,90,2,54.63917525773196,0.13978036196383925,0.2558244360470266,0.03195071220397945,0.4569264173507687,1.88394832611084
A,9,heldout_fixed_reference,a_from_v,291,90,1,57.73195876288659,0.07392718100798701,0.1280524385316918,0.0393531322479248,0.2013819068670272,0.4225518703460693
A,9,heldout_fixed_reference,v_from_a,291,90,1,58.4192439862543,0.2546029326944417,0.43582031420048545,0.0944314002990722,0.7712745666503906,1.9201433658599851
A,9,heldout_fixed_reference,both,291,90,2,58.075601374570454,0.16426505685121434,0.2828469322112626,0.059051513671874944,0.46793899536132805,1.9201433658599851
A,9,original_memory,a_from_v,285,90,1,16.842105263157894,0.006544563416064824,0.0388583452828849,-0.047642707824707,0.021829452738165778,0.1582720130681991
A,9,original_memory,v_from_a,285,90,1,16.842105263157894,0.00617475527289666,0.03666260943282392,-0.0546035766601562,0.017061367258429487,0.2402627319097519
A,9,original_memory,both,285,90,2,16.842105263157894,0.006359659344480743,0.037760477357854406,-0.05051803588867185,0.018908157572150183,0.2402627319097519
B,1,fresh_memory,a_from_v,294,10,1,9.863945578231291,0.01249841581016373,0.12670807752372887,-0.3549199104309082,0.0,0.4088854789733886
B,1,fresh_memory,v_from_a,294,10,1,5.782312925170068,0.008615926985128395,0.14900485491927928,-0.4203319549560547,0.0,0.5398044586181641
B,1,fresh_memory,both,294,10,2,7.8231292517006805,0.010557171397646063,0.13494819090904098,-0.3918185234069824,0.0,0.5398044586181641
B,1,heldout_fixed_reference,a_from_v,294,10,1,10.884353741496598,0.013302111104891006,0.12221314577618608,-0.34932625293731684,0.023445501551032026,0.4145028591156006
B,1,heldout_fixed_reference,v_from_a,294,10,1,6.122448979591836,0.008687976538678819,0.1419036167984207,-0.4216015338897705,0.0,0.5352520942687988
B,1,heldout_fixed_reference,both,294,10,2,8.503401360544217,0.010995043821784912,0.12930171534419055,-0.3877990245819092,0.0,0.5352520942687988
B,1,original_memory,a_from_v,292,10,1,1.0273972602739725,0.0002074224351305661,0.0201891170193751,-0.5992395877838135,0.0,0.0307326223701238
B,1,original_memory,v_from_a,292,10,1,2.054794520547945,0.002496007217528068,0.12147235125303264,-0.6096987724304199,0.0,0.2920992374420166
B,1,original_memory,both,292,10,2,1.5410958904109588,0.001351714826329317,0.0877112731751468,-0.6031205654144287,0.0,0.2920992374420166
B,5,fresh_memory,a_from_v,288,50,1,59.02777777777778,0.09292632704212639,0.1574281305184259,0.045941472053527804,0.28647294044494626,1.408576726913452
B,5,fresh_memory,v_from_a,288,50,1,61.111111111111114,0.2573088840969528,0.4210509012495591,0.1040936708450317,0.8134348869323735,1.554208517074585
B,5,fresh_memory,both,288,50,2,60.06944444444444,0.1751176055695396,0.29152526245102545,0.06261157989501945,0.5232428312301636,1.554208517074585
B,5,heldout_fixed_reference,a_from_v,288,50,1,60.06944444444444,0.11702425045789117,0.19481493717845463,0.0688071250915527,0.3282369613647461,1.4968643188476562
B,5,heldout_fixed_reference,v_from_a,288,50,1,66.31944444444444,0.28334171800330904,0.4272377737432094,0.13629662990570063,0.8238113641738892,1.7422869205474854
B,5,heldout_fixed_reference,both,288,50,2,63.19444444444444,0.2001829842306001,0.31677307394732324,0.09470200538635251,0.5500757694244385,1.7422869205474854
B,5,original_memory,a_from_v,286,50,1,7.3426573426573425,0.0017399239529679667,0.02369610716899231,-0.0870451927185058,0.0,0.1118776723742485
B,5,original_memory,v_from_a,286,50,1,7.6923076923076925,0.001889518208124417,0.02456373670561742,-0.0849814414978027,0.0,0.1749856323003769
B,5,original_memory,both,286,50,2,7.517482517482517,0.0018147210805461917,0.024140010652847023,-0.08625650405883785,0.0,0.1749856323003769
B,9,fresh_memory,a_from_v,291,90,1,51.546391752577314,0.05697285709102536,0.11052734275658921,0.015082836151123,0.1759402602910995,0.4447848796844482
B,9,fresh_memory,v_from_a,291,90,1,52.57731958762887,0.23621432727068356,0.44927038716188833,0.0415120124816894,0.7451322078704834,2.559516429901123
B,9,fresh_memory,both,291,90,2,52.0618556701031,0.14659359218085447,0.2815758107236215,0.0189142227172851,0.41214010715484606,2.559516429901123
B,9,heldout_fixed_reference,a_from_v,291,90,1,58.075601374570454,0.07890308217571156,0.13586270362800038,0.0346784591674804,0.2341639846563339,0.4855396747589111
B,9,heldout_fixed_reference,v_from_a,291,90,1,59.106529209621996,0.26179544509890973,0.4429213635103647,0.0933411121368408,0.771935224533081,2.081209421157837
B,9,heldout_fixed_reference,both,291,90,2,58.591065292096225,0.17034926363731065,0.29074273148655366,0.04849505424499505,0.5176719665527344,2.081209421157837
B,9,original_memory,a_from_v,285,90,1,8.421052631578947,0.0016553603570189348,0.019657404239599854,-0.0627861022949218,0.0,0.047383539378643
B,9,original_memory,v_from_a,285,90,1,10.175438596491228,0.002947972897897682,0.02897145778968412,-0.0694267749786377,0.000211280956864318,0.109975092113018
B,9,original_memory,both,285,90,2,9.298245614035087,0.0023016666274583084,0.02475377316323087,-0.06413459777832026,0.0,0.109975092113018
