reference,step,class_id,category_name,prototype_count,reliability_a_from_v,reliability_v_from_a,trust_a_from_v,trust_v_from_a,cmr_weight_a_from_v,cmr_weight_v_from_a
original,1,0,playing volleyball,50.0,0.08799398690462112,0.15342459082603455,0.008887199684977531,0.057238321751356125,0.5699319839477539,1.1098214387893677
original,1,1,child singing,50.0,0.18014127016067505,0.1767006814479828,0.0830920860171318,0.07879025489091873,1.288114309310913,1.3328646421432495
original,1,2,"heart sounds, heartbeat",50.0,0.17053133249282837,0.14318525791168213,0.07419399172067642,0.047757457941770554,1.2019950151443481,1.0117028951644897
original,1,3,singing bowl,50.0,0.17905265092849731,0.09997176378965378,0.08208409696817398,0.007771107833832502,1.2783589363098145,0.5978796482086182
original,1,4,cap gun shooting,50.0,0.1808624118566513,0.1266954392194748,0.08375980705022812,0.0324891060590744,1.2945765256881714,0.8536890745162964
original,1,5,rope skipping,50.0,0.08366810530424118,0.1579008251428604,0.008887199684977531,0.06138298287987709,0.5699319839477539,1.1527154445648193
original,1,6,"child speech, kid speaking",50.0,0.1485562026500702,0.13864746689796448,0.05384664237499237,0.04355579987168312,1.005066156387329,0.9682196378707886
original,1,7,baby laughter,50.0,0.17177776992321014,0.1432221531867981,0.07534810155630112,0.04779161885380745,1.2131651639938354,1.0120563507080078
original,1,8,playing table tennis,50.0,0.09720952063798904,0.13348884880542755,0.008887199684977531,0.03877929970622063,0.5699319839477539,0.9187869429588318
original,1,9,lighting firecrackers,50.0,0.14898717403411865,0.14637455344200134,0.05424569547176361,0.05071050673723221,1.0089280605316162,1.0422642230987549
fresh,1,0,playing volleyball,50.0,0.10223570466041565,0.15703071653842926,0.010753116570413113,0.06079782173037529,0.59504634141922,1.131171703338623
fresh,1,1,child singing,50.0,0.17113935947418213,0.17386360466480255,0.07455278933048248,0.07638382911682129,1.2199320793151855,1.2902941703796387
fresh,1,2,"heart sounds, heartbeat",50.0,0.16349759697914124,0.1337086260318756,0.06747709214687347,0.03920329362154007,1.1506291627883911,0.9107059836387634
fresh,1,3,singing bowl,50.0,0.17643821239471436,0.1153058335185051,0.07945914566516876,0.022163670510053635,1.2679873704910278,0.7367427349090576
fresh,1,4,cap gun shooting,50.0,0.17861613631248474,0.11966551840305328,0.08147573471069336,0.026200415566563606,1.2877389192581177,0.7779552936553955
fresh,1,5,rope skipping,50.0,0.08387698233127594,0.14050182700157166,0.008683021180331707,0.045493293553590775,0.5747708082199097,0.9749225974082947
fresh,1,6,"child speech, kid speaking",50.0,0.1580212116241455,0.140138640999794,0.06240636482834816,0.04515701159834862,1.1009639501571655,0.971489429473877
fresh,1,7,baby laughter,50.0,0.16178779304027557,0.1416010707616806,0.06589394062757492,0.04651111364364624,1.1351231336593628,0.9853138327598572
fresh,1,8,playing table tennis,50.0,0.09933389723300934,0.14464165270328522,0.008683021180331707,0.04932646453380585,0.5747708082199097,1.0140568017959595
fresh,1,9,lighting firecrackers,50.0,0.1571471244096756,0.16508913040161133,0.06159702688455582,0.06825931370258331,1.0930370092391968,1.2073484659194946
original,5,0,playing volleyball,10.0,0.33191201090812683,0.3768838942050934,0.32059013843536377,0.3443809747695923,0.9937983751296997,1.052820086479187
original,5,1,child singing,10.0,0.34612664580345154,0.4502696096897125,0.3278425335884094,0.38182270526885986,1.0132468938827515,1.1527730226516724
original,5,2,"heart sounds, heartbeat",10.0,0.4652312695980072,0.4251178205013275,0.38861018419265747,0.36899012327194214,1.1762055158615112,1.118515968322754
original,5,3,singing bowl,10.0,0.48001962900161743,0.4390377104282379,0.3961552679538727,0.3760921359062195,1.1964387893676758,1.1374748945236206
original,5,4,cap gun shooting,10.0,0.4729488492012024,0.37083011865615845,0.39254772663116455,0.3412923216819763,1.1867644786834717,1.0445748567581177
original,5,5,rope skipping,10.0,0.16775818169116974,0.3469662368297577,0.2368382215499878,0.3291168808937073,0.769203782081604,1.0120720863342285
original,5,6,"child speech, kid speaking",10.0,0.39718014001846313,0.400317907333374,0.35389024019241333,0.35633713006973267,1.0830979347229004,1.0847378969192505
original,5,7,baby laughter,10.0,0.4164476990699768,0.45898371934890747,0.3637205958366394,0.386268675327301,1.1094597578048706,1.1646414995193481
original,5,8,playing table tennis,10.0,0.2657344937324524,0.461270272731781,0.28682613372802734,0.38743525743484497,0.9032545685768127,1.1677558422088623
original,5,9,lighting firecrackers,10.0,0.308942049741745,0.5304133892059326,0.308870792388916,0.42271238565444946,0.9623710513114929,1.2619298696517944
original,5,10,playing bass drum,10.0,0.3565997779369354,0.284884512424469,0.33318597078323364,0.29744255542755127,1.027576208114624,0.9275156855583191
original,5,11,playing banjo,10.0,0.4046604633331299,0.36042654514312744,0.3577067255973816,0.33598440885543823,1.0933326482772827,1.0304052829742432
original,5,12,fire truck siren,10.0,0.30757594108581543,0.41800040006637573,0.3081737756729126,0.36535879969596863,0.9605018496513367,1.1088218688964844
original,5,13,playing bagpipes,10.0,0.528731107711792,0.4192695617675781,0.42100805044174194,0.3660063147544861,1.2630856037139893,1.1105505228042603
original,5,14,playing french horn,10.0,0.2600374221801758,0.2562464773654938,0.28391945362091064,0.2828313112258911,0.8954598307609558,0.8885101079940796
original,5,15,civil defense siren,10.0,0.4139220714569092,0.38387441635131836,0.36243200302124023,0.3479475975036621,1.106004238128662,1.0623414516448975
original,5,16,tractor digging,10.0,0.38431864976882935,0.4135364592075348,0.347328245639801,0.36308127641677856,1.0655009746551514,1.1027417182922363
original,5,17,people whispering,10.0,0.5325103402137756,0.3775632381439209,0.42293626070022583,0.3447275757789612,1.2682561874389648,1.0537456274032593
original,5,18,lathe spinning,10.0,0.3600451946258545,0.3187111020088196,0.33494383096694946,0.31470099091529846,1.0322898626327515,0.9735880494117737
original,5,19,playing theremin,10.0,0.31917017698287964,0.310616135597229,0.31408923864364624,0.3105708956718445,0.9763650894165039,0.962562620639801
original,5,20,playing glockenspiel,10.0,0.4757590889930725,0.2887777090072632,0.3939815163612366,0.29942888021469116,1.1906092166900635,0.9328182339668274
original,5,21,playing hammond organ,10.0,0.2449406087398529,0.3460389971733093,0.276216983795166,0.328643798828125,0.8748046159744263,1.010809063911438
original,5,22,police car (siren),10.0,0.48410123586654663,0.3393155634403229,0.3982377052307129,0.3252134919166565,1.202022910118103,1.001651644706726
original,5,23,people cheering,10.0,0.3719632029533386,0.26978057622909546,0.3410244584083557,0.28973644971847534,1.0485963821411133,0.9069438576698303
original,5,24,playing electronic organ,10.0,0.2259170264005661,0.29600146412849426,0.26651108264923096,0.3031144440174103,0.8487765192985535,0.9426571726799011
original,5,25,bowling impact,10.0,0.32716256380081177,0.453085720539093,0.31816697120666504,0.38325947523117065,0.9873001575469971,1.1566084623336792
original,5,26,people marching,10.0,0.20437996089458466,0.3186526596546173,0.25552278757095337,0.3146711587905884,0.8193095922470093,0.9735084772109985
original,5,27,playing bass guitar,10.0,0.31093716621398926,0.2956283688545227,0.30988872051239014,0.30292409658432007,0.9651007056236267,0.9421489834785461
original,5,28,goose honking,10.0,0.285128653049469,0.2797837555408478,0.29672110080718994,0.29484009742736816,0.9297897815704346,0.9205682873725891
original,5,29,playing trombone,10.0,0.26206105947494507,0.23958969116210938,0.28495192527770996,0.2743329405784607,0.898228645324707,0.8658233880996704
original,5,30,helicopter,10.0,0.2500770688056946,0.2588765025138855,0.278837651014328,0.2841731309890747,0.8818320631980896,0.8920924067497253
original,5,31,playing erhu,10.0,0.25460344552993774,0.2663026452064514,0.2811470031738281,0.28796201944351196,0.8880252838134766,0.9022069573402405
original,5,32,dog howling,10.0,0.3720816969871521,0.25335708260536194,0.34108489751815796,0.2813571095466614,1.048758625984192,0.8845748901367188
original,5,33,playing synthesizer,10.0,0.2253599613904953,0.3336448073387146,0.2662268877029419,0.32232022285461426,0.848014235496521,0.9939278364181519
original,5,34,cat purring,10.0,0.5779974460601807,0.49157094955444336,0.4461439847946167,0.4028947949409485,1.3304917812347412,1.2090258598327637
original,5,35,skiing,10.0,0.27013325691223145,0.3988584876060486,0.28907036781311035,0.3555925190448761,0.9092729091644287,1.0827500820159912
original,5,36,wood thrush calling,10.0,0.567040741443634,0.4011750817298889,0.44055378437042236,0.3567744493484497,1.3155009746551514,1.0859054327011108
original,5,37,scuba diving,10.0,0.31878289580345154,0.5094452500343323,0.3138916492462158,0.41201433539390564,0.9758351445198059,1.2333710193634033
original,5,38,playing tambourine,10.0,0.26479703187942505,0.20593829452991486,0.2863478362560272,0.2571638524532318,0.9019719362258911,0.8199897408485413
original,5,39,driving motorcycle,10.0,0.2843374013900757,0.21395066380500793,0.2963173985481262,0.2612518072128296,0.9287069439888,0.8309027552604675
original,5,40,vacuum cleaner cleaning floors,10.0,0.2617529034614563,0.1896512806415558,0.2847946882247925,0.2488541603088379,0.8978070616722107,0.7978066802024841
original,5,41,playing squash,10.0,0.20709018409252167,0.27622190117836,0.25690555572509766,0.29302284121513367,0.8230177164077759,0.9157171249389648
original,5,42,slot machine,10.0,0.3505002558231354,0.5189629793167114,0.3300739526748657,0.4168702960014343,1.019230604171753,1.246334195137024
original,5,43,beat boxing,10.0,0.3036401867866516,0.1799100637435913,0.30616575479507446,0.2438841462135315,0.9551171660423279,0.7845388054847717
original,5,44,playing cello,10.0,0.18229345977306366,0.19741058349609375,0.24425417184829712,0.2528129816055298,0.7890908718109131,0.8083747625350952
original,5,45,playing cornet,10.0,0.29019874334335327,0.12289150059223175,0.2993078827857971,0.21479305624961853,0.9367265105247498,0.7068785429000854
original,5,46,wind noise,10.0,0.3024556338787079,0.28773680329322815,0.3055613934993744,0.29889780282974243,0.9534963965415955,0.9314004778862
original,5,47,"playing steel guitar, slide guitar",10.0,0.19919627904891968,0.2975969612598419,0.2528780698776245,0.3039284944534302,0.812217116355896,0.9448301196098328
original,5,48,orchestra,10.0,0.2068304717540741,0.21184508502483368,0.25677305459976196,0.26017752289772034,0.8226622939109802,0.8280348777770996
original,5,49,playing harp,10.0,0.42084425687789917,0.3599235713481903,0.36596375703811646,0.3357277512550354,1.1154751777648926,1.0297199487686157
fresh,5,0,playing volleyball,10.0,0.09518532454967499,0.11794982105493546,0.09850455820560455,0.10867135226726532,0.8720715045928955,0.9478921294212341
fresh,5,1,child singing,10.0,0.0559379868209362,0.07640276849269867,0.07848040759563446,0.08747387677431107,0.7544825673103333,0.8212598562240601
fresh,5,2,"heart sounds, heartbeat",10.0,0.12465286254882812,0.07689513266086578,0.11353901773691177,0.08772508054971695,0.9603592753410339,0.8227605223655701
fresh,5,3,singing bowl,10.0,0.13821934163570404,0.06820406019687653,0.12046068906784058,0.08329086005687714,1.0010058879852295,0.7962707281112671
fresh,5,4,cap gun shooting,10.0,0.18840928375720978,0.1571570336818695,0.1460677981376648,0.12867502868175507,1.151379942893982,1.0673927068710327
fresh,5,5,rope skipping,10.0,0.0625988095998764,0.10816757380962372,0.08187878876924515,0.10368040949106216,0.7744391560554504,0.9180765748023987
fresh,5,6,"child speech, kid speaking",10.0,0.17092329263687134,0.11465100944042206,0.13714638352394104,0.10698828101158142,1.0989902019500732,0.937837541103363
fresh,5,7,baby laughter,10.0,0.12692736089229584,0.17139847576618195,0.11469947546720505,0.13594107329845428,0.9671738743782043,1.1107995510101318
fresh,5,8,playing table tennis,10.0,0.11543191969394684,0.18146458268165588,0.10883446037769318,0.14107684791088104,0.9327324032783508,1.1414803266525269
fresh,5,9,lighting firecrackers,10.0,0.0672881156206131,0.11020773649215698,0.08427128940820694,0.1047213077545166,0.7884887456893921,0.9242947697639465
fresh,5,10,playing bass drum,10.0,0.06235674023628235,0.08007580041885376,0.08175528049468994,0.08934786915779114,0.7737138271331787,0.8324549198150635
fresh,5,11,playing banjo,10.0,0.15235264599323273,0.12099292129278183,0.12767156958580017,0.11022394895553589,1.0433506965637207,0.9571672081947327
fresh,5,12,fire truck siren,10.0,0.22829529643058777,0.30958986282348633,0.16641780734062195,0.20644687116146088,1.270882487297058,1.5319966077804565
fresh,5,13,playing bagpipes,10.0,0.2706909477710724,0.18201608955860138,0.18804824352264404,0.14135822653770447,1.3979040384292603,1.1431612968444824
fresh,5,14,playing french horn,10.0,0.15703393518924713,0.10390879213809967,0.13005997240543365,0.10150755941867828,1.0573762655258179,0.9050960540771484
fresh,5,15,civil defense siren,10.0,0.10695840418338776,0.06078528240323067,0.10451123118400574,0.07950577139854431,0.9073448777198792,0.7736588716506958
fresh,5,16,tractor digging,10.0,0.15817999839782715,0.17527656257152557,0.13064470887184143,0.13791969418525696,1.0608100891113281,1.1226197481155396
fresh,5,17,people whispering,10.0,0.10367057472467422,0.06145837903022766,0.10283376276493073,0.07984918355941772,0.8974941372871399,0.77571040391922
fresh,5,18,lathe spinning,10.0,0.07615092396736145,0.07837660610675812,0.08879312872886658,0.08848093450069427,0.8150425553321838,0.8272758722305298
fresh,5,19,playing theremin,10.0,0.17222650349140167,0.0608660988509655,0.13781127333641052,0.07954700291156769,1.10289466381073,0.7739051580429077
fresh,5,20,playing glockenspiel,10.0,0.05088827759027481,0.030417878180742264,0.07590402662754059,0.06401219964027405,0.7393532991409302,0.6811012625694275
fresh,5,21,playing hammond organ,10.0,0.07897233217954636,0.12190594524145126,0.09023262560367584,0.11068977415561676,0.8234958052635193,0.9599500298500061
fresh,5,22,police car (siren),10.0,0.13821499049663544,0.07992422580718994,0.12045846879482269,0.08927053213119507,1.000992774963379,0.8319928646087646
fresh,5,23,people cheering,10.0,0.09899561107158661,0.06387446820735931,0.10044858604669571,0.08108188211917877,0.8834875822067261,0.7830744385719299
fresh,5,24,playing electronic organ,10.0,0.10232900083065033,0.1578548699617386,0.10214929282665253,0.12903107702732086,0.8934746980667114,1.0695197582244873
fresh,5,25,bowling impact,10.0,0.13690856099128723,0.2359081506729126,0.1197919249534607,0.16885417699813843,0.997078537940979,1.307420253753662
fresh,5,26,people marching,10.0,0.04898449033498764,0.11195800453424454,0.07493270933628082,0.10561429709196091,0.7336493730545044,0.9296295046806335
fresh,5,27,playing bass guitar,10.0,0.13042780756950378,0.12041501700878143,0.11648541688919067,0.10992909967899323,0.9776615500450134,0.9554058313369751
fresh,5,28,goose honking,10.0,0.07415161281824112,0.09287727624177933,0.08777306973934174,0.09587923437356949,0.8090524077415466,0.8714728951454163
fresh,5,29,playing trombone,10.0,0.06232248991727829,0.056175410747528076,0.08173780888319016,0.07715379446744919,0.7736112475395203,0.7596083283424377
fresh,5,30,helicopter,10.0,0.11643946170806885,0.10976269096136093,0.10934850573539734,0.10449424386024475,0.9357510805130005,0.922938346862793
fresh,5,31,playing erhu,10.0,0.16351932287216187,0.10236835479736328,0.1333688497543335,0.10072162747383118,1.0768071413040161,0.9004009962081909
fresh,5,32,dog howling,10.0,0.06411471962928772,0.06270311027765274,0.08265221118927002,0.08048425614833832,0.7789809107780457,0.7795042395591736
fresh,5,33,playing synthesizer,10.0,0.10135122388601303,0.13347801566123962,0.1016504243016243,0.11659389734268188,0.8905451893806458,0.9952208399772644
fresh,5,34,cat purring,10.0,0.2342529296875,0.14179246127605438,0.16945742070674896,0.12083595991134644,1.2887321710586548,1.0205626487731934
fresh,5,35,skiing,10.0,0.11870793253183365,0.1779325306415558,0.11050588637590408,0.13927477598190308,0.942547619342804,1.1307148933410645
fresh,5,36,wood thrush calling,10.0,0.18303197622299194,0.07494474947452545,0.14332428574562073,0.0867299884557724,1.135269045829773,0.8168158531188965
fresh,5,37,scuba diving,10.0,0.22044996917247772,0.2172403782606125,0.16241508722305298,0.15932980179786682,1.2473770380020142,1.2505223751068115
fresh,5,38,playing tambourine,10.0,0.0889555960893631,0.07118766754865646,0.09532612562179565,0.08481311053037643,0.8534066677093506,0.8053646087646484
fresh,5,39,driving motorcycle,10.0,0.1273154318332672,0.09777534008026123,0.1148974746465683,0.0983782485127449,0.9683365821838379,0.8864018321037292
fresh,5,40,vacuum cleaner cleaning floors,10.0,0.22209885716438293,0.181237131357193,0.16325636208057404,0.14096079766750336,1.2523173093795776,1.140787124633789
fresh,5,41,playing squash,10.0,0.23435039818286896,0.2422294318675995,0.16950714588165283,0.17207930982112885,1.2890241146087646,1.326686978340149
fresh,5,42,slot machine,10.0,0.18007764220237732,0.3417345881462097,0.14181697368621826,0.22284725308418274,1.126417636871338,1.6299713850021362
fresh,5,43,beat boxing,10.0,0.2301454246044159,0.1780461072921753,0.16736175119876862,0.13933272659778595,1.2764256000518799,1.13106107711792
fresh,5,44,playing cello,10.0,0.12482640892267227,0.18745766580104828,0.11362756043672562,0.1441345363855362,0.9608792066574097,1.159746766090393
fresh,5,45,playing cornet,10.0,0.17291224002838135,0.11490228027105331,0.13816115260124207,0.10711647570133209,1.1049493551254272,0.938603401184082
fresh,5,46,wind noise,10.0,0.2700282037258148,0.18060727417469025,0.18771010637283325,0.14063943922519684,1.395918369293213,1.1388673782348633
fresh,5,47,"playing steel guitar, slide guitar",10.0,0.09594263136386871,0.17970290780067444,0.09889094531536102,0.14017802476882935,0.8743405342102051,1.1361109018325806
fresh,5,48,orchestra,10.0,0.0987035483121872,0.2010892629623413,0.10029957443475723,0.15108942985534668,0.8826125264167786,1.2012948989868164
fresh,5,49,playing harp,10.0,0.29127222299575806,0.26895350217819214,0.19854888319969177,0.18571405112743378,1.4595675468444824,1.4081400632858276
original,9,0,playing volleyball,5.0,0.2936686873435974,0.266346275806427,0.23434209823608398,0.22601893544197083,1.0993444919586182,1.0617055892944336
original,9,1,child singing,5.0,0.2355649471282959,0.3086519241333008,0.2147565633058548,0.24027927219867706,1.0236214399337769,1.1165578365325928
original,9,2,"heart sounds, heartbeat",5.0,0.4932052195072174,0.4210013747215271,0.3016015887260437,0.27814987301826477,1.3593883514404297,1.2622270584106445
original,9,3,singing bowl,5.0,0.32605522871017456,0.34397077560424805,0.2452588975429535,0.25218451023101807,1.1415519714355469,1.162351131439209
original,9,4,cap gun shooting,5.0,0.36595839262008667,0.28292566537857056,0.2587094008922577,0.23160749673843384,1.1935551166534424,1.0832020044326782
original,9,5,rope skipping,5.0,0.17923587560653687,0.2938989996910095,0.19576923549175262,0.23530638217926025,0.9502112865447998,1.097429871559143
original,9,6,"child speech, kid speaking",5.0,0.22309044003486633,0.29715055227279663,0.2105516791343689,0.23640240728855133,1.00736403465271,1.1016454696655273
original,9,7,baby laughter,5.0,0.2549092769622803,0.3066500425338745,0.221277117729187,0.23960447311401367,1.0488319396972656,1.1139624118804932
original,9,8,playing table tennis,5.0,0.23281295597553253,0.3179059326648712,0.2138289213180542,0.24339860677719116,1.0200351476669312,1.128556489944458
original,9,9,lighting firecrackers,5.0,0.2196040153503418,0.3453957140445709,0.2093764692544937,0.25266480445861816,1.0028207302093506,1.164198875427246
original,9,10,playing bass drum,5.0,0.24587133526802063,0.22973842918872833,0.21823062002658844,0.2136792093515396,1.0370532274246216,1.0142408609390259
original,9,11,playing banjo,5.0,0.3060547709465027,0.267785906791687,0.2385171800851822,0.22650420665740967,1.1154866218566895,1.0635722875595093
original,9,12,fire truck siren,5.0,0.2846415936946869,0.35621190071105957,0.2312992513179779,0.25631073117256165,1.0875800848007202,1.1782227754592896
original,9,13,playing bagpipes,5.0,0.38256150484085083,0.35956674814224243,0.2643059492111206,0.25744158029556274,1.2151930332183838,1.182572603225708
original,9,14,playing french horn,5.0,0.16002465784549713,0.23509550094604492,0.1892935335636139,0.21548497676849365,0.9251742959022522,1.0211869478225708
original,9,15,civil defense siren,5.0,0.28235703706741333,0.2830949127674103,0.23052917420864105,0.23166455328464508,1.0846028327941895,1.0834213495254517
original,9,16,tractor digging,5.0,0.23872116208076477,0.3669726252555847,0.21582046151161194,0.25993794202804565,1.0277347564697266,1.1921747922897339
original,9,17,people whispering,5.0,0.3584163784980774,0.2934817671775818,0.2561671733856201,0.23516574501991272,1.1837260723114014,1.0968886613845825
original,9,18,lathe spinning,5.0,0.33008724451065063,0.278577595949173,0.24661800265312195,0.23014184832572937,1.1468068361282349,1.0775642395019531
original,9,19,playing theremin,5.0,0.26918548345565796,0.2757014036178589,0.22608932852745056,0.22917234897613525,1.0674371719360352,1.0738353729248047
original,9,20,playing glockenspiel,5.0,0.4383602738380432,0.22748497128486633,0.28311455249786377,0.21291962265968323,1.287912368774414,1.0113191604614258
original,9,21,playing hammond organ,5.0,0.15543445944786072,0.24947866797447205,0.18774628639221191,0.22033321857452393,0.9191920757293701,1.0398355722427368
original,9,22,police car (siren),5.0,0.32222843170166016,0.26363441348075867,0.24396897852420807,0.22510483860969543,1.1365647315979004,1.0581895112991333
original,9,23,people cheering,5.0,0.31764477491378784,0.27343812584877014,0.2424239218235016,0.22840945422649384,1.1305912733078003,1.070900559425354
original,9,24,playing electronic organ,5.0,0.25027814507484436,0.3116833567619324,0.21971607208251953,0.24130110442638397,1.0427963733673096,1.1204885244369507
original,9,25,bowling impact,5.0,0.2926488518714905,0.3342554569244385,0.23399832844734192,0.24890968203544617,1.0980154275894165,1.1497550010681152
original,9,26,people marching,5.0,0.18452642858028412,0.22066012024879456,0.19755256175994873,0.21061910688877106,0.9571061730384827,1.0024703741073608
original,9,27,playing bass guitar,5.0,0.24498553574085236,0.23210863769054413,0.21793204545974731,0.21447816491127014,1.0358988046646118,1.0173139572143555
original,9,28,goose honking,5.0,0.24508607387542725,0.214450404047966,0.21796593070030212,0.20852595567703247,1.0360299348831177,0.9944189190864563
original,9,29,playing trombone,5.0,0.23367416858673096,0.19254690408706665,0.21411922574043274,0.20114274322986603,1.0211572647094727,0.9660194516181946
original,9,30,helicopter,5.0,0.15770894289016724,0.19217076897621155,0.18851296603679657,0.20101594924926758,0.9221564531326294,0.9655318260192871
original,9,31,playing erhu,5.0,0.2411399781703949,0.27801603078842163,0.2166357934474945,0.22995257377624512,1.0308871269226074,1.076836347579956
original,9,32,dog howling,5.0,0.32836970686912537,0.24945060908794403,0.24603906273841858,0.22032377123832703,1.1445682048797607,1.0397992134094238
original,9,33,playing synthesizer,5.0,0.17106056213378906,0.2453649938106537,0.1930135041475296,0.21894659101963043,0.9395567774772644,1.0345019102096558
original,9,34,cat purring,5.0,0.5818349719047546,0.45497769117355347,0.33147677779197693,0.2896025776863098,1.4748939275741577,1.3062798976898193
original,9,35,skiing,5.0,0.23466500639915466,0.33888429403305054,0.21445320546627045,0.25046995282173157,1.0224487781524658,1.1557563543319702
original,9,36,wood thrush calling,5.0,0.2864838242530823,0.2228476107120514,0.23192022740840912,0.21135646104812622,1.089980959892273,1.0053064823150635
original,9,37,scuba diving,5.0,0.2510489821434021,0.3509935736656189,0.21997588872909546,0.2545517385005951,1.043800950050354,1.171457052230835
original,9,38,playing tambourine,5.0,0.268576443195343,0.22627301514148712,0.22588403522968292,0.2125110924243927,1.0666433572769165,1.009747862815857
original,9,39,driving motorcycle,5.0,0.2235715389251709,0.17905670404434204,0.21071383357048035,0.19659548997879028,1.0079913139343262,0.9485284090042114
original,9,40,vacuum cleaner cleaning floors,5.0,0.12562671303749084,0.15095648169517517,0.17769873142242432,0.18712350726127625,0.8803457021713257,0.9120945334434509
original,9,41,playing squash,5.0,0.16677750647068024,0.192532479763031,0.19156977534294128,0.20113788545131683,0.9339749813079834,0.9660007953643799
original,9,42,slot machine,5.0,0.26472193002700806,0.35266757011413574,0.22458475828170776,0.2551160156726837,1.0616202354431152,1.173627495765686
original,9,43,beat boxing,5.0,0.2201952040195465,0.16996748745441437,0.20957574248313904,0.19353170692920685,1.0035912990570068,0.9367436170578003
original,9,44,playing cello,5.0,0.18644045293331146,0.2873593270778656,0.19819773733615875,0.2331019937992096,0.9596003293991089,1.088950514793396
original,9,45,playing cornet,5.0,0.2528703808784485,0.1982235163450241,0.22058984637260437,0.2030562162399292,1.0461746454238892,0.9733795523643494
original,9,46,wind noise,5.0,0.22194170951843262,0.2296999990940094,0.21016445755958557,0.21366626024246216,1.0058672428131104,1.0141910314559937
original,9,47,"playing steel guitar, slide guitar",5.0,0.13907942175865173,0.25695744156837463,0.18223334848880768,0.22285416722297668,0.8978777527809143,1.049532175064087
original,9,48,orchestra,5.0,0.15867528319358826,0.1577029526233673,0.18883869051933289,0.18939758837223053,0.9234157204627991,0.9208416938781738
original,9,49,playing harp,5.0,0.19503344595432281,0.2605993449687958,0.20109425485134125,0.22408176958560944,0.9707992076873779,1.0542542934417725
original,9,50,roller coaster running,5.0,0.1667044460773468,0.18790481984615326,0.19154515862464905,0.19957798719406128,0.9338797926902771,0.9600006341934204
original,9,51,missile launch,5.0,0.14114154875278473,0.14633171260356903,0.1829284429550171,0.18556459248065948,0.9005652070045471,0.9060981273651123
original,9,52,"playing marimba, xylophone",5.0,0.21168074011802673,0.21011915802955627,0.206705704331398,0.20706596970558167,0.9924945831298828,0.9888030886650085
original,9,53,airplane flyby,5.0,0.22898471355438232,0.23349937796592712,0.21253851056098938,0.2149469554424286,1.0150458812713623,1.0191173553466797
original,9,54,playing saxophone,5.0,0.11445673555135727,0.1547251045703888,0.17393356561660767,0.18839383125305176,0.8657885789871216,0.9169807434082031
original,9,55,"subway, metro, underground",5.0,0.2551729679107666,0.2934938073158264,0.2213660031557083,0.23516979813575745,1.049175500869751,1.0969041585922241
original,9,56,arc welding,5.0,0.1924571692943573,0.12421663850545883,0.2002258449792862,0.1781100630760193,0.9674416780471802,0.8774242997169495
original,9,57,mynah bird singing,5.0,0.1600331962108612,0.10751460492610931,0.1892964243888855,0.17248016595840454,0.9251855611801147,0.8557689785957336
original,9,58,playing piano,5.0,0.0710412859916687,0.09903912991285324,0.15929913520812988,0.1696232706308365,0.8092077970504761,0.844779908657074
original,9,59,playing bongo,5.0,0.19276049733161926,0.2733331620693207,0.20032809674739838,0.22837406396865845,0.9678370356559753,1.0707645416259766
original,9,60,"pigeon, dove cooing",5.0,0.2290860116481781,0.15357057750225067,0.21257264912128448,0.18800465762615204,1.0151779651641846,0.9154837727546692
original,9,61,"race car, auto racing",5.0,0.08747904747724533,0.09283944964408875,0.1648399531841278,0.1675334870815277,0.8306301236152649,0.83674156665802
original,9,62,people crowd,5.0,0.22406506538391113,0.20930936932563782,0.21088019013404846,0.20679301023483276,1.0086344480514526,0.98775315284729
original,9,63,playing vibraphone,5.0,0.1064077764749527,0.12421306222677231,0.17122043669223785,0.17810887098312378,0.8552987575531006,0.877419650554657
original,9,64,playing mandolin,5.0,0.19140490889549255,0.25562557578086853,0.19987115263938904,0.22240522503852844,0.9660701155662537,1.0478051900863647
original,9,65,"female speech, woman speaking",5.0,0.2644142210483551,0.20128054916858673,0.22448104619979858,0.20408666133880615,1.0612190961837769,0.9773433208465576
original,9,66,volcano explosion,5.0,0.2523784637451172,0.16069594025611877,0.22042404115200043,0.19040647149085999,1.0455336570739746,0.92472243309021
original,9,67,ocean burbling,5.0,0.1620876044034958,0.20331616699695587,0.189988911151886,0.20477283000946045,0.927862823009491,0.9799824953079224
original,9,68,singing choir,5.0,0.13060227036476135,0.15880322456359863,0.17937588691711426,0.1897684633731842,0.8868299126625061,0.922268271446228
original,9,69,playing flute,5.0,0.171099454164505,0.13328509032726288,0.1930266171693802,0.1811668574810028,0.9396075010299683,0.8891822099685669
original,9,70,playing acoustic guitar,5.0,0.2432841956615448,0.16326946020126343,0.2173585593700409,0.19127394258975983,1.0336816310882568,0.9280591607093811
original,9,71,canary calling,5.0,0.22658176720142365,0.20025543868541718,0.2117285132408142,0.2037411332130432,1.0119143724441528,0.9760141968727112
original,9,72,pheasant crowing,5.0,0.07418175041675568,0.11284106969833374,0.16035772860050201,0.17427560687065125,0.813300609588623,0.8626750111579895
original,9,73,woodpecker pecking tree,5.0,0.12702088057994843,0.1481165885925293,0.1781686693429947,0.18616622686386108,0.8821625709533691,0.9084123373031616
original,9,74,yodelling,5.0,0.21459269523620605,0.1193736344575882,0.20768725872039795,0.1764775961637497,0.9962894916534424,0.8711450099945068
original,9,75,sharpen knife,5.0,0.08776257932186127,0.09509310126304626,0.16493552923202515,0.16829314827919006,0.8309996724128723,0.8396635055541992
original,9,76,"playing violin, fiddle",5.0,0.12928973138332367,0.11527226865291595,0.17893344163894653,0.1750951111316681,0.8851193785667419,0.8658273816108704
original,9,77,printer printing,5.0,0.0996466800570488,0.07093869894742966,0.1689414083957672,0.16015121340751648,0.8464874625205994,0.8083456754684448
original,9,78,planing timber,5.0,0.08306973427534103,0.09917019307613373,0.16335368156433105,0.16966745257377625,0.824883759021759,0.8449498414993286
original,9,79,lawn mowing,5.0,0.09072481095790863,0.10456643253564835,0.16593404114246368,0.17148640751838684,0.8348601460456848,0.8519464731216431
original,9,80,"electric shaver, electric razor shaving",5.0,0.13801737129688263,0.12378975003957748,0.1818753480911255,0.1779661774635315,0.8964935541152954,0.87687087059021
original,9,81,fireworks banging,5.0,0.2973666489124298,0.33080434799194336,0.23558859527111053,0.24774637818336487,1.1041637659072876,1.1452802419662476
original,9,82,tap dancing,5.0,0.09475253522396088,0.10243191570043564,0.16729170083999634,0.1707669049501419,0.8401092886924744,0.8491789102554321
original,9,83,tapping guitar,5.0,0.07239384949207306,0.07622704654932022,0.15975506603717804,0.1619337946176529,0.8109705448150635,0.8152023553848267
original,9,84,stream burbling,5.0,0.12201118469238281,0.10721030086278915,0.1764800101518631,0.1723775863647461,0.875633716583252,0.8553743362426758
original,9,85,playing bassoon,5.0,0.1968945413827896,0.10180620104074478,0.20172159373760223,0.170555979013443,0.9732246398925781,0.8483675718307495
original,9,86,police radio chatter,5.0,0.1782396137714386,0.06251149624586105,0.19543340802192688,0.1573105752468109,0.9489127993583679,0.7974192500114441
original,9,87,playing sitar,5.0,0.24124152958393097,0.1965993195772171,0.21667000651359558,0.20250871777534485,1.031019687652588,0.9712737202644348
original,9,88,playing electric guitar,5.0,0.15012787282466888,0.1313106119632721,0.18595755100250244,0.1805012971162796,0.9122764468193054,0.8866222500801086
original,9,89,people whistling,5.0,0.10620465129613876,0.058669351041316986,0.17115196585655212,0.15601547062397003,0.8550340533256531,0.7924375534057617
fresh,9,0,playing volleyball,5.0,0.053337015211582184,0.05903468281030655,0.04565546289086342,0.04588176682591438,0.9847882986068726,1.0136390924453735
fresh,9,1,child singing,5.0,0.021251482889056206,0.023027781397104263,0.034840114414691925,0.033744607120752335,0.8734426498413086,0.8853278756141663
fresh,9,2,"heart sounds, heartbeat",5.0,0.03241250663995743,0.01333949901163578,0.03860225901007652,0.03047889471054077,0.9121744632720947,0.8508034944534302
fresh,9,3,singing bowl,5.0,0.03008832409977913,0.03701477870345116,0.037818826735019684,0.038459327071905136,0.9041089415550232,0.9351707696914673
fresh,9,4,cap gun shooting,5.0,0.037489619106054306,0.02852102741599083,0.04031364619731903,0.03559626638889313,0.9297934174537659,0.9049031138420105
fresh,9,5,rope skipping,5.0,0.018033668398857117,0.03271699696779251,0.033755458891391754,0.03701063618063927,0.8622758984565735,0.919855535030365
fresh,9,6,"child speech, kid speaking",5.0,0.03817053884267807,0.0340813510119915,0.040543168783187866,0.03747053071856499,0.9321563839912415,0.9247174263000488
fresh,9,7,baby laughter,5.0,0.04741651564836502,0.07692473381757736,0.043659791350364685,0.05191212147474289,0.9642425179481506,1.0773905515670776
fresh,9,8,playing table tennis,5.0,0.03607557341456413,0.06180288642644882,0.03983699902892113,0.046814870089292526,0.9248862862586975,1.0235036611557007
fresh,9,9,lighting firecrackers,5.0,0.03925962373614311,0.038180168718099594,0.0409102737903595,0.038852155208587646,0.9359357953071594,0.9393236041069031
fresh,9,10,playing bass drum,5.0,0.05144569277763367,0.04507039487361908,0.04501793906092644,0.04117470234632492,0.9782249331474304,0.9638770818710327
fresh,9,11,playing banjo,5.0,0.05180338770151138,0.0409211628139019,0.04513850808143616,0.03977608680725098,0.9794661402702332,0.9490911960601807
fresh,9,12,fire truck siren,5.0,0.039775069802999496,0.07411475479602814,0.04108402132987976,0.05096493661403656,0.9377245903015137,1.0673770904541016
fresh,9,13,playing bagpipes,5.0,0.21099910140037537,0.19667144119739532,0.09879998862743378,0.0922761857509613,1.5319197177886963,1.5041096210479736
fresh,9,14,playing french horn,5.0,0.05563290789723396,0.05295417830348015,0.046429358422756195,0.04383216053247452,0.9927557110786438,0.9919711351394653
fresh,9,15,civil defense siren,5.0,0.03968435153365135,0.05031406134366989,0.041053444147109985,0.04294223338365555,0.9374097585678101,0.9825630187988281
fresh,9,16,tractor digging,5.0,0.04596734791994095,0.044687554240226746,0.04317130520939827,0.0410456582903862,0.9592134952545166,0.9625128507614136
fresh,9,17,people whispering,5.0,0.06026263162493706,0.021463723853230476,0.047989942133426666,0.03321739658713341,1.0088222026824951,0.8797543048858643
fresh,9,18,lathe spinning,5.0,0.024748101830482483,0.018375368788838387,0.03601875156164169,0.03217637911438942,0.8855769038200378,0.8687489628791809
fresh,9,19,playing theremin,5.0,0.020607711747288704,0.019815485924482346,0.03462311252951622,0.032661810517311096,0.8712084889411926,0.8738807439804077
fresh,9,20,playing glockenspiel,5.0,0.039229247719049454,0.02455976977944374,0.040900036692619324,0.034261010587215424,0.9358304142951965,0.8907871842384338
fresh,9,21,playing hammond organ,5.0,0.062078796327114105,0.060886550694704056,0.048602133989334106,0.046505995094776154,1.015124797821045,1.0202382802963257
fresh,9,22,police car (siren),5.0,0.12761159241199493,0.08590847253799438,0.07069183886051178,0.054940350353717804,1.242541790008545,1.1094043254852295
fresh,9,23,people cheering,5.0,0.0687578022480011,0.04784449189901352,0.050853483378887177,0.04210979491472244,1.0383028984069824,0.9737626910209656
fresh,9,24,playing electronic organ,5.0,0.029285896569490433,0.033398907631635666,0.03754834458231926,0.037240494042634964,0.9013242721557617,0.9222855567932129
fresh,9,25,bowling impact,5.0,0.03965597599744797,0.05959416553378105,0.041043877601623535,0.04607035964727402,0.9373112916946411,1.0156328678131104
fresh,9,26,people marching,5.0,0.017148233950138092,0.0332309827208519,0.03345699608325958,0.037183888256549835,0.8592031002044678,0.9216871857643127
fresh,9,27,playing bass guitar,5.0,0.04911179840564728,0.03371062129735947,0.04423123225569725,0.03734556585550308,0.9701256155967712,0.9233964085578918
fresh,9,28,goose honking,5.0,0.016615908592939377,0.014147909358143806,0.03327756002545357,0.030751392245292664,0.8573558330535889,0.8536843061447144
fresh,9,29,playing trombone,5.0,0.022455552592873573,0.024030154570937157,0.03524598106741905,0.03408248722553253,0.877621054649353,0.8888998031616211
fresh,9,30,helicopter,5.0,0.050392888486385345,0.05780387669801712,0.04466306045651436,0.045466888695955276,0.9745714068412781,1.0092531442642212
fresh,9,31,playing erhu,5.0,0.08003415167331696,0.07781191915273666,0.054654501378536224,0.05221117287874222,1.07743501663208,1.080552101135254
fresh,9,32,dog howling,5.0,0.02334095910191536,0.018325474113225937,0.03554443269968033,0.032159559428691864,0.8806936740875244,0.8685711622238159
fresh,9,33,playing synthesizer,5.0,0.027370473369956017,0.03663238137960434,0.03690269589424133,0.038330428302288055,0.8946771621704102,0.9338080883026123
fresh,9,34,cat purring,5.0,0.05939795449376106,0.04960336908698082,0.047698475420475006,0.042702674865722656,1.0058215856552124,0.980030357837677
fresh,9,35,skiing,5.0,0.09300681203603745,0.07646320760250092,0.059027306735515594,0.05175654962658882,1.1224536895751953,1.0757458209991455
fresh,9,36,wood thrush calling,5.0,0.08653205633163452,0.050046406686306,0.0568448044359684,0.0428520105779171,1.0999844074249268,0.9816091656684875
fresh,9,37,scuba diving,5.0,0.045362044125795364,0.05825392156839371,0.04296727105975151,0.04561858996748924,0.9571129679679871,1.0108568668365479
fresh,9,38,playing tambourine,5.0,0.04855857044458389,0.032132379710674286,0.044044751673936844,0.03681357577443123,0.9682058095932007,0.9177722930908203
fresh,9,39,driving motorcycle,5.0,0.059311527758836746,0.03946065157651901,0.047669343650341034,0.03928377851843834,1.0055216550827026,0.9438866376876831
fresh,9,40,vacuum cleaner cleaning floors,5.0,0.03205723315477371,0.03542783111333847,0.03848250210285187,0.037924401462078094,0.910941481590271,0.9295157194137573
fresh,9,41,playing squash,5.0,0.02220199443399906,0.04088385030627251,0.03516051173210144,0.03976351022720337,0.8767411112785339,0.9489582180976868
fresh,9,42,slot machine,5.0,0.03812915459275246,0.08207909762859344,0.040529217571020126,0.053649548441171646,0.9320127964019775,1.0957581996917725
fresh,9,43,beat boxing,5.0,0.025339389219880104,0.018143408000469208,0.03621806204319,0.032098188996315,0.8876287341117859,0.867922306060791
fresh,9,44,playing cello,5.0,0.031635794788599014,0.029987633228302002,0.03834044560790062,0.03609062731266022,0.9094790816307068,0.9101293683052063
fresh,9,45,playing cornet,5.0,0.118255615234375,0.08421400189399719,0.06753814220428467,0.05436917766928673,1.2100740671157837,1.1033658981323242
fresh,9,46,wind noise,5.0,0.052702534943819046,0.04102219641208649,0.04544159397482872,0.039810143411159515,0.9825865030288696,0.9494513273239136
fresh,9,47,"playing steel guitar, slide guitar",5.0,0.04933641105890274,0.06014092639088631,0.04430694505572319,0.046254657208919525,0.9709051251411438,1.0175812244415283
fresh,9,48,orchestra,5.0,0.04553639888763428,0.05366433411836624,0.043026041239500046,0.044071536511182785,0.957718014717102,0.9945017099380493
fresh,9,49,playing harp,5.0,0.06766138970851898,0.07828404009342194,0.05048390477895737,0.05237031355500221,1.0344979763031006,1.0822343826293945
fresh,9,50,roller coaster running,5.0,0.03781048208475113,0.04203597456216812,0.04042179882526398,0.04015186429023743,0.9309068918228149,0.9530638456344604
fresh,9,51,missile launch,5.0,0.03802023455500603,0.043052759021520615,0.040492504835128784,0.04049460217356682,0.931634783744812,0.9566872119903564
fresh,9,52,"playing marimba, xylophone",5.0,0.028428634628653526,0.03428203612565994,0.03725937753915787,0.03753817826509476,0.8983493447303772,0.9254326224327087
fresh,9,53,airplane flyby,5.0,0.03379324451088905,0.03693367913365364,0.039067674428224564,0.03843199089169502,0.9169659614562988,0.9348817467689514
fresh,9,54,playing saxophone,5.0,0.019004547968506813,0.019151756539940834,0.034082721918821335,0.03243808448314667,0.8656451106071472,0.8715155720710754
fresh,9,55,"subway, metro, underground",5.0,0.0354248583316803,0.03829434514045715,0.03961765766143799,0.038890641182661057,0.9226281046867371,0.9397305250167847
fresh,9,56,arc welding,5.0,0.02828988805413246,0.026868542656302452,0.03721261024475098,0.03503924608230591,0.8978677988052368,0.8990144729614258
fresh,9,57,mynah bird singing,5.0,0.0570218451321125,0.03763299807906151,0.04689754173159599,0.0386677160859108,0.9975757002830505,0.9373738169670105
fresh,9,58,playing piano,5.0,0.022174803540110588,0.036726366728544235,0.035151347517967224,0.038362108170986176,0.8766467571258545,0.9341430068016052
fresh,9,59,playing bongo,5.0,0.04258890822529793,0.03635532408952713,0.04203250631690025,0.038237038999795914,0.9474893808364868,0.9328207969665527
fresh,9,60,"pigeon, dove cooing",5.0,0.043946221470832825,0.03182316571474075,0.04249002784490585,0.03670934587717056,0.9521996974945068,0.9166704416275024
fresh,9,61,"race car, auto racing",5.0,0.03880864381790161,0.03889863193035126,0.04075825959444046,0.039094336330890656,0.9343708753585815,0.9418839812278748
fresh,9,62,people crowd,5.0,0.13968919217586517,0.10375024378299713,0.07476294040679932,0.06095442920923233,1.2844544649124146,1.1729836463928223
fresh,9,63,playing vibraphone,5.0,0.04640275612473488,0.038312554359436035,0.043318070471286774,0.03889678046107292,0.9607245326042175,0.9397954344749451
fresh,9,64,playing mandolin,5.0,0.11361197382211685,0.0693155899643898,0.06597286462783813,0.04934724420309067,1.1939592361450195,1.0502753257751465
fresh,9,65,"female speech, woman speaking",5.0,0.03330066800117493,0.019263802096247673,0.038901638239622116,0.032475851476192474,0.9152566194534302,0.8719149231910706
fresh,9,66,volcano explosion,5.0,0.03742251545190811,0.03728416934609413,0.04029102623462677,0.038550131022930145,0.9295605421066284,0.9361307621002197
fresh,9,67,ocean burbling,5.0,0.0428936704993248,0.052442360669374466,0.04213523492217064,0.04365963488817215,0.9485470056533813,0.9901472330093384
fresh,9,68,singing choir,5.0,0.02654273808002472,0.026831205934286118,0.03662368282675743,0.035026662051677704,0.8918046951293945,0.8988814949989319
fresh,9,69,playing flute,5.0,0.05263080447912216,0.047364115715026855,0.045417413115501404,0.0419478677213192,0.9823375344276428,0.9720507860183716
fresh,9,70,playing acoustic guitar,5.0,0.1003270149230957,0.05336644500494003,0.06149479001760483,0.04397112503647804,1.1478568315505981,0.9934401512145996
fresh,9,71,canary calling,5.0,0.05894940346479416,0.08057481795549393,0.04754728078842163,0.0531424880027771,1.0042649507522583,1.090397596359253
fresh,9,72,pheasant crowing,5.0,0.03557967394590378,0.03901813179254532,0.03966984152793884,0.039134614169597626,0.9231653809547424,0.9423097968101501
fresh,9,73,woodpecker pecking tree,5.0,0.15175876021385193,0.12806813418865204,0.07883132994174957,0.06915147602558136,1.3263392448425293,1.2596408128738403
fresh,9,74,yodelling,5.0,0.02702360786497593,0.03174307197332382,0.03678577393293381,0.03668234869837761,0.8934735059738159,0.9163849949836731
fresh,9,75,sharpen knife,5.0,0.04219882935285568,0.03200571611523628,0.04190101847052574,0.03677088022232056,0.9461356997489929,0.9173208475112915
fresh,9,76,"playing violin, fiddle",5.0,0.05396689102053642,0.0640612244606018,0.04586778208613396,0.04757610708475113,0.9869741797447205,1.0315512418746948
fresh,9,77,printer printing,5.0,0.020663265138864517,0.02158053033053875,0.03464183956384659,0.03325676918029785,0.8714013695716858,0.8801705241203308
fresh,9,78,planing timber,5.0,0.022018220275640488,0.02763720229268074,0.03509856387972832,0.03529834747314453,0.8761033415794373,0.9017536044120789
fresh,9,79,lawn mowing,5.0,0.062399692833423615,0.0608343780040741,0.04871029779314995,0.046488404273986816,1.0162384510040283,1.0200523138046265
fresh,9,80,"electric shaver, electric razor shaving",5.0,0.09827836602926254,0.07837286591529846,0.06080423295497894,0.05240025371313095,1.140747308731079,1.0825510025024414
fresh,9,81,fireworks banging,5.0,0.11419212818145752,0.2876111567020416,0.06616842746734619,0.12293002009391785,1.1959725618362427,1.8281745910644531
fresh,9,82,tap dancing,5.0,0.08123960345983505,0.11710315942764282,0.05506083369255066,0.06545540690422058,1.0816181898117065,1.2205668687820435
fresh,9,83,tapping guitar,5.0,0.07316972315311432,0.11605878174304962,0.05234064906835556,0.06510337442159653,1.0536134243011475,1.2168453931808472
fresh,9,84,stream burbling,5.0,0.21646425127983093,0.14661212265491486,0.10064217448234558,0.07540225237607956,1.5508853197097778,1.325722575187683
fresh,9,85,playing bassoon,5.0,0.08023521304130554,0.05963493511080742,0.054722271859645844,0.046084098517894745,1.0781326293945312,1.0157780647277832
fresh,9,86,police radio chatter,5.0,0.18672093749046326,0.1087217926979065,0.09061633795499802,0.06263023614883423,1.4476678371429443,1.190699815750122
fresh,9,87,playing sitar,5.0,0.0918949618935585,0.12429177761077881,0.05865252763032913,0.06787854433059692,1.1185952425003052,1.2461837530136108
fresh,9,88,playing electric guitar,5.0,0.08959029614925385,0.07472006231546402,0.05787567049264908,0.05116897448897362,1.1105973720550537,1.069534182548523
fresh,9,89,people whistling,5.0,0.18778550624847412,0.0932937040925026,0.09097518026828766,0.05742975324392319,1.4513620138168335,1.1357216835021973
