experiment_group,step,best_epoch,lambda_cmr,alpha,train_epoch_mean_raw_cmr,train_epoch_mean_weighted_cmr,checkpoint_probe_mean_weighted_cmr,probe_over_train_epoch_cmr,train_epoch_active_a_from_v,train_epoch_active_v_from_a,probe_active_a_from_v,probe_active_v_from_a
original_memory,1,165,0.1,1.0,0.00104689619749681,0.000104689619749681,0.00012290220862875382,1.1739674756926253,0.0,0.018229166666666668,0.0078125,0.018229166666666668
heldout_fixed_reference,1,165,0.1,1.0,0.00104689619749681,0.000104689619749681,0.0011749250814318659,11.222937710932376,0.0,0.018229166666666668,0.1015625,0.0546875
fresh_memory,1,165,0.1,1.0,0.00104689619749681,0.000104689619749681,0.0011052579153329133,10.557473777970056,0.0,0.018229166666666668,0.09114583333333333,0.052083333333333336
original_memory,5,190,0.1,1.0,0.0014341502683237195,0.00014341502683237194,0.00015825005636240048,1.1034412492030434,0.06770833333333333,0.0546875,0.07552083333333333,0.0703125
heldout_fixed_reference,5,190,0.1,1.0,0.0014341502683237195,0.00014341502683237194,0.018272223075230916,127.40800931960968,0.06770833333333333,0.0546875,0.5963541666666666,0.6510416666666666
fresh_memory,5,190,0.1,1.0,0.0014341502683237195,0.00014341502683237194,0.018338625629742943,127.87101906118745,0.06770833333333333,0.0546875,0.5833333333333334,0.5911458333333334
original_memory,9,189,0.1,1.0,0.0021863298671734002,0.00021863298671734004,0.0002335614408366382,1.0682808863540727,0.0859375,0.06684027777777778,0.0859375,0.09895833333333333
heldout_fixed_reference,9,189,0.1,1.0,0.0021863298671734002,0.00021863298671734004,0.01673053006331126,76.52335685713038,0.0859375,0.06684027777777778,0.5729166666666666,0.6067708333333334
fresh_memory,9,189,0.1,1.0,0.0021863298671734002,0.00021863298671734004,0.015489009022712708,70.84479453568319,0.0859375,0.06684027777777778,0.5026041666666666,0.5442708333333334
