experiment_group,step,batch,n_current,n_replay,parameter_scope,lambda_cmr,non_cmr_grad_norm,raw_cmr_grad_norm,weighted_cmr_grad_norm,cmr_over_non_cmr,cmr_cosine_with_non_cmr,cmr_projection_over_non_cmr,total_grad_norm,total_cosine_with_non_cmr,lambda_for_equal_grad_norm
original_memory,1,0,128,128,all,0.1,2.7767860932684574,0.11259809217778873,0.011259809217778874,0.004054978971939948,0.3815826804697069,0.0015473097453611417,2.781102116348729,0.9999929974173692,24.661040338800788
original_memory,1,0,128,128,feature_and_attention,0.1,2.7353554904342356,0.11259809217778886,0.011259809217778888,0.004116397030351401,0.3873622584946617,0.0015945368505376372,2.7397367816706395,0.9999928218989074,24.293089141467824
original_memory,1,0,128,128,classifier,0.1,0.47788214940549545,0.0,0.0,0.0,,0.0,0.47788214940549545,0.9999999999999999,
original_memory,1,1,128,128,all,0.1,2.2077017815720046,0.0,0.0,0.0,,0.0,2.2077017815720046,1.0,
original_memory,1,1,128,128,feature_and_attention,0.1,2.17924183883164,0.0,0.0,0.0,,0.0,2.17924183883164,1.0,
original_memory,1,1,128,128,classifier,0.1,0.3533442574061527,0.0,0.0,0.0,,0.0,0.3533442574061527,0.9999999999999999,
original_memory,1,2,128,128,all,0.1,2.4640574508822564,0.13436180381951288,0.013436180381951289,0.005452868145237629,0.06884906035701308,0.00037542484805029943,2.4650189645375264,0.999985215017933,18.338972690424765
original_memory,1,2,128,128,feature_and_attention,0.1,2.424123947438965,0.13436180381951318,0.013436180381951318,0.0055426952883933,0.06998323676401526,0.00038789575667842014,2.4251012941377037,0.999984726697415,18.041763942788872
original_memory,1,2,128,128,classifier,0.1,0.44181694026064644,0.0,0.0,0.0,,0.0,0.44181694026064644,0.9999999999999999,
heldout_fixed_reference,1,0,128,128,all,0.1,3.559189548334142,0.2365991339116213,0.02365991339116213,0.006647556436615188,0.2921725735907218,0.0019422336721754275,3.5661741131592977,0.9999798700129471,15.043121627248363
heldout_fixed_reference,1,0,128,128,feature_and_attention,0.1,3.517536253172258,0.23659913391162135,0.023659913391162135,0.006726274212476036,0.29563236748339333,0.0019885043697767876,3.524603361624913,0.9999794381849707,14.86707155270564
heldout_fixed_reference,1,0,128,128,classifier,0.1,0.5429262828320466,0.0,0.0,0.0,,0.0,0.5429262828320466,0.9999999999999998,
heldout_fixed_reference,1,1,128,128,all,0.1,2.8217587901949766,0.331903979886674,0.0331903979886674,0.01176230870760361,0.22124506415190043,0.002602352744588218,2.829287157053633,0.9999345576761393,8.501732311731976
heldout_fixed_reference,1,1,128,128,feature_and_attention,0.1,2.797309233485633,0.3319039798866741,0.03319039798866741,0.011865115801769964,0.22317883095819174,0.002648042673822588,2.804903223779742,0.9999334750409997,8.428067763576536
heldout_fixed_reference,1,1,128,128,classifier,0.1,0.37065310237287696,0.0,0.0,0.0,,0.0,0.37065310237287696,1.0,
heldout_fixed_reference,1,2,128,128,all,0.1,2.768469728754247,0.2690002057938608,0.02690002057938608,0.009716566628846806,0.15037009488031425,0.001461081045890589,2.7726422310264387,0.9999539992488177,10.291701155335806
heldout_fixed_reference,1,2,128,128,feature_and_attention,0.1,2.7318488419637506,0.26900020579386147,0.026900020579386147,0.009846818815952296,0.1523858309403393,0.0015005156673878583,2.736077191451539,0.9999527909885404,10.15556413386986
heldout_fixed_reference,1,2,128,128,classifier,0.1,0.4488056858930688,0.0,0.0,0.0,,0.0,0.4488056858930688,1.0,
fresh_memory,1,0,128,128,all,0.1,3.559189548334142,0.20075471798947608,0.02007547179894761,0.005640461550676282,0.19804018593439351,0.0011170380542517284,3.5632196343232723,0.9999847509199762,17.729045593442645
fresh_memory,1,0,128,128,feature_and_attention,0.1,3.517536253172258,0.20075471798947672,0.020075471798947673,0.005707253700894423,0.20038530073205923,0.001143649749207887,3.5216140069344637,0.999984403654595,17.521562075351287
fresh_memory,1,0,128,128,classifier,0.1,0.5429262828320466,0.0,0.0,0.0,,0.0,0.5429262828320466,0.9999999999999998,
fresh_memory,1,1,128,128,all,0.1,2.8217587901949766,0.2733842208208899,0.027338422082088993,0.009688433390226093,0.1433485190854697,0.0013888225787471269,2.825807241545574,0.9999541621137168,10.32158616075972
fresh_memory,1,1,128,128,feature_and_attention,0.1,2.797309233485633,0.2733842208208894,0.027338422082088944,0.009773114017867613,0.14460144018000953,0.0014132063620270962,2.801393018495043,0.9999533768367278,10.23215321310852
fresh_memory,1,1,128,128,classifier,0.1,0.37065310237287696,0.0,0.0,0.0,,0.0,0.37065310237287696,1.0,
fresh_memory,1,2,128,128,all,0.1,2.768469728754247,0.26248105907596625,0.026248105907596627,0.0094810882831678,0.11606884151063816,0.0011004589332873718,2.7716389323318076,0.9999557603511816,10.54731239846532
fresh_memory,1,2,128,128,feature_and_attention,0.1,2.7318488419637506,0.2624810590759661,0.02624810590759661,0.009608183843996483,0.11762476358054816,0.0011301603530885285,2.7350604796836717,0.9999545858422418,10.407794191249096
fresh_memory,1,2,128,128,classifier,0.1,0.4488056858930688,0.0,0.0,0.0,,0.0,0.4488056858930688,1.0,
original_memory,5,0,128,128,all,0.1,2.1135503810858527,0.6148097953000591,0.06148097953000591,0.02908895859791125,0.10194963948423491,0.0029656088420288874,2.120700459366702,0.9995840456492894,3.4377304936306854
original_memory,5,0,128,128,feature_and_attention,0.1,2.103637715709448,0.6148097953000606,0.061480979530006065,0.029226030257435136,0.10243004190994959,0.0029936235041305363,2.1108213718657605,0.9995801838761913,3.4216073520474057
original_memory,5,0,128,128,classifier,0.1,0.2044592243771476,0.0,0.0,0.0,,0.0,0.2044592243771476,1.0,
original_memory,5,1,128,128,all,0.1,2.131211051009479,1.1265075606613455,0.11265075606613456,0.052857625720726206,0.2517401986634321,0.013306389199812953,2.162319954937495,0.9987281344696182,1.8918746091311593
original_memory,5,1,128,128,feature_and_attention,0.1,2.1206094256475776,1.1265075606613473,0.11265075606613473,0.05312187841084135,0.2529987308770883,0.01343976781974986,2.1518715992645356,0.9987166170598536,1.882463553464848
original_memory,5,1,128,128,classifier,0.1,0.21231158187805366,0.0,0.0,0.0,,0.0,0.21231158187805366,1.0,
original_memory,5,2,128,128,all,0.1,2.1154901927540952,0.5151324442335249,0.05151324442335249,0.024350500229116587,0.2367062095427376,0.005763914609703753,2.128272268707791,0.9997234512079823,4.106691815736383
original_memory,5,2,128,128,feature_and_attention,0.1,2.106087140636589,0.5151324442335234,0.051513244423352346,0.024459217963688756,0.23776303230278553,0.005815497830801403,2.1189259397314135,0.9997211540592831,4.088438156463395
original_memory,5,2,128,128,classifier,0.1,0.19923782694048867,0.0,0.0,0.0,,0.0,0.19923782694048867,0.9999999999999998,
heldout_fixed_reference,5,0,128,128,all,0.1,3.4151156740792676,2.5530298382394445,0.25530298382394445,0.0747567602941518,0.16927120171421198,0.01265416665125236,3.4674725887204536,0.9973636498821017,1.3376716648303306
heldout_fixed_reference,5,0,128,128,feature_and_attention,0.1,3.4007534830742747,2.5530298382394503,0.25530298382394506,0.0750724758776551,0.1699860742690039,0.012761275460097083,3.4533281539447773,0.9973426449812989,1.3320461171810698
heldout_fixed_reference,5,0,128,128,classifier,0.1,0.3128750784260068,0.0,0.0,0.0,,0.0,0.3128750784260068,0.9999999999999999,
heldout_fixed_reference,5,1,128,128,all,0.1,3.4898528701203086,2.6389732617924833,0.2638973261792483,0.07561846759750383,0.18190423753905977,0.013755319692196033,3.5473608416266558,0.9973208449821089,1.3224282794551234
heldout_fixed_reference,5,1,128,128,feature_and_attention,0.1,3.4750890413201607,2.638973261792483,0.26389732617924827,0.07593973076413478,0.18267705313863586,0.013872446232133552,3.532837348466908,0.9972995300014881,1.316833744256946
heldout_fixed_reference,5,1,128,128,classifier,0.1,0.3206699393199596,0.0,0.0,0.0,,0.0,0.3206699393199596,1.0,
heldout_fixed_reference,5,2,128,128,all,0.1,3.3762276694571733,2.487349214773644,0.2487349214773644,0.07367243735590727,0.12669938311484635,0.009334252365560613,3.416662553368911,0.9973891706710574,1.3573597343726502
heldout_fixed_reference,5,2,128,128,feature_and_attention,0.1,3.364236071437984,2.4873492147736402,0.24873492147736403,0.07393503790922931,0.12715099472572372,0.0094009136152426,3.4048133681524497,0.997371249740349,1.352538699212826
heldout_fixed_reference,5,2,128,128,classifier,0.1,0.28430429410011665,0.0,0.0,0.0,,0.0,0.28430429410011665,1.0,
fresh_memory,5,0,128,128,all,0.1,3.4151156740792676,2.198523963101942,0.2198523963101942,0.06437626636745401,0.15444712384896855,0.009942729184588358,3.455904301928214,0.9980227873891878,1.5533675008303351
fresh_memory,5,0,128,128,feature_and_attention,0.1,3.4007534830742747,2.1985239631019446,0.2198523963101945,0.06464814265556477,0.15509939079625806,0.010026887541987679,3.4417123251930652,0.9980068440538252,1.5468348492668138
fresh_memory,5,0,128,128,classifier,0.1,0.3128750784260068,0.0,0.0,0.0,,0.0,0.3128750784260068,0.9999999999999999,
fresh_memory,5,1,128,128,all,0.1,3.4898528701203086,2.2328927244163297,0.223289272441633,0.06398243156707502,0.16271255399827317,0.01041074485129851,3.533060655929663,0.998053863581872,1.5629290345923554
fresh_memory,5,1,128,128,feature_and_attention,0.1,3.4750890413201607,2.232892724416335,0.22328927244163352,0.06425425932591573,0.1634038342107512,0.01049939233822655,3.51847813528728,0.9980381373859344,1.556317060520016
fresh_memory,5,1,128,128,classifier,0.1,0.3206699393199596,0.0,0.0,0.0,,0.0,0.3206699393199596,1.0,
fresh_memory,5,2,128,128,all,0.1,3.3762276694571733,2.3961139162245115,0.23961139162245115,0.07097015221754155,0.09445896847445362,0.006703767370943933,3.407221481026925,0.9975462802377476,1.4090430536695848
fresh_memory,5,2,128,128,feature_and_attention,0.1,3.364236071437984,2.396113916224512,0.2396113916224512,0.07122312065337125,0.09479566124963396,0.006751642818598789,3.3953393481546987,0.9975292141536666,1.4040384510344626
fresh_memory,5,2,128,128,classifier,0.1,0.28430429410011665,0.0,0.0,0.0,,0.0,0.28430429410011665,1.0,
original_memory,9,0,128,128,all,0.1,2.410131022986319,0.9054612616928683,0.09054612616928684,0.03756896422049866,0.20699833838827547,0.007776713168611796,2.430488804164558,0.9993355725354772,2.661771546670357
original_memory,9,0,128,128,feature_and_attention,0.1,2.400874823093757,0.9054612616928682,0.09054612616928683,0.03771380552552485,0.20779638832370745,0.007836792578146744,2.421310429369531,0.999330755667907,2.6515489117723647
original_memory,9,0,128,128,classifier,0.1,0.21102519232462008,0.0,0.0,0.0,,0.0,0.21102519232462008,1.0,
original_memory,9,1,128,128,all,0.1,2.5937729386170703,1.2898719752513534,0.12898719752513535,0.049729564066586275,0.2513452423969306,0.012499289334609816,2.6291591133721255,0.9988719373004417,2.0108762639886253
original_memory,9,1,128,128,feature_and_attention,0.1,2.5836309471010943,1.2898719752513539,0.1289871975251354,0.04992477647392427,0.25233189310988496,0.01259761336075316,2.6191541491756385,0.9988639010281144,2.0030134747269233
original_memory,9,1,128,128,classifier,0.1,0.22914882998546282,0.0,0.0,0.0,,0.0,0.22914882998546282,1.0,
original_memory,9,2,128,128,all,0.1,2.5902512793895878,1.087472220529253,0.10874722205292531,0.04198327124407498,0.19030225540113055,0.0079895112068649,2.61312788218964,0.9991650767688625,2.3819011010037197
original_memory,9,2,128,128,feature_and_attention,0.1,2.581453440153332,1.0874722205292502,0.10874722205292503,0.04212635423184922,0.1909508236159494,0.008044062036508842,2.6044073225931825,0.9991596894986768,2.3738109272317707
original_memory,9,2,128,128,classifier,0.1,0.2133068838549616,0.0,0.0,0.0,,0.0,0.2133068838549616,1.0,
heldout_fixed_reference,9,0,128,128,all,0.1,3.401860697637244,2.5029698717586535,0.25029698717586535,0.07357649516622143,0.2891491312742676,0.02127457965951828,3.4824864078094104,0.9976302696397632,1.359129702686755
heldout_fixed_reference,9,0,128,128,feature_and_attention,0.1,3.378456975857892,2.5029698717586615,0.2502969871758662,0.07408618459979299,0.2911521657570021,0.021570353098902786,3.459628146516788,0.9976018634347904,1.349779321747923
heldout_fixed_reference,9,0,128,128,classifier,0.1,0.39835244245027684,0.0,0.0,0.0,,0.0,0.39835244245027684,1.0,
heldout_fixed_reference,9,1,128,128,all,0.1,3.670059691599554,2.2266476874156607,0.22266476874156607,0.060670612320346255,0.3258220654197051,0.019767824216493424,3.7485246106257333,0.998421825973389,1.648244449421263
heldout_fixed_reference,9,1,128,128,feature_and_attention,0.1,3.649849819688997,2.2266476874156633,0.22266476874156635,0.061006556363061425,0.3276262005302078,0.019987346268661787,3.728740044954434,0.9984071259945466,1.639168082277605
heldout_fixed_reference,9,1,128,128,classifier,0.1,0.38462245594877253,0.0,0.0,0.0,,0.0,0.38462245594877253,1.0,
heldout_fixed_reference,9,2,128,128,all,0.1,3.551795289312619,2.405810060087597,0.2405810060087597,0.06773504281980156,0.24794082648512308,0.016794282498746798,3.618958017818946,0.9979240226046004,1.4763406921589213
heldout_fixed_reference,9,2,128,128,feature_and_attention,0.1,3.5324372098695194,2.4058100600876,0.24058100600876,0.06810623705825093,0.24929956492295732,0.01697885526716176,3.5999611107932097,0.997903543798195,1.4682943048882657
heldout_fixed_reference,9,2,128,128,classifier,0.1,0.37032031474464316,0.0,0.0,0.0,,0.0,0.37032031474464316,1.0,
fresh_memory,9,0,128,128,all,0.1,3.401860697637244,2.197365826491087,0.21973658264910872,0.06459305720593625,0.23239842987259188,0.015011325075330092,3.45953496592732,0.9980899653965247,1.548154001771103
fresh_memory,9,0,128,128,feature_and_attention,0.1,3.378456975857892,2.1973658264910796,0.21973658264910798,0.06504051530604744,0.23400833292406278,0.015220022559290152,3.43652404502975,0.9980658136836484,1.5375031936547718
fresh_memory,9,0,128,128,classifier,0.1,0.39835244245027684,0.0,0.0,0.0,,0.0,0.39835244245027684,1.0,
fresh_memory,9,1,128,128,all,0.1,3.670059691599554,2.3331004690597412,0.23331004690597412,0.06357118589651292,0.21618144446099713,0.013742910793206735,3.727463955948005,0.9981309111279434,1.573039712721252
fresh_memory,9,1,128,128,feature_and_attention,0.1,3.649849819688997,2.333100469059755,0.2333100469059755,0.06392319093443023,0.21737847982350003,0.013895526070793784,3.70756700671364,0.9981118065599365,1.5643774745628056
fresh_memory,9,1,128,128,classifier,0.1,0.38462245594877253,0.0,0.0,0.0,,0.0,0.38462245594877253,1.0,
fresh_memory,9,2,128,128,all,0.1,3.551795289312619,2.3173233522905825,0.23173233522905826,0.06524371940194379,0.2174912020101325,0.014189934956340557,3.60928923750459,0.9980344595316243,1.5327145802944633
fresh_memory,9,2,128,128,feature_and_attention,0.1,3.5324372098695194,2.3173233522905776,0.23173233522905778,0.06560126095988483,0.2186830737169884,0.014345885386417885,3.590241170792557,0.9980146120451405,1.5243609427134337
fresh_memory,9,2,128,128,classifier,0.1,0.37032031474464316,0.0,0.0,0.0,,0.0,0.37032031474464316,1.0,
