step,class_id,category_name,prototype_count,reliability_a_from_v,reliability_v_from_a,trust_a_from_v,trust_v_from_a
9,0,playing volleyball,5.0,0.22231511771678925,0.18775339424610138,0.18939805030822754,0.17493143677711487
9,1,child singing,5.0,0.14654429256916046,0.13234642148017883,0.1638573259115219,0.15625493228435516
9,2,"heart sounds, heartbeat",5.0,0.3220687508583069,0.2414274662733078,0.22302287817001343,0.19302383065223694
9,3,singing bowl,5.0,0.2792041003704071,0.37348490953445435,0.208574116230011,0.23753756284713745
9,4,cap gun shooting,5.0,0.34053629636764526,0.26136842370033264,0.22924789786338806,0.19974549114704132
9,5,rope skipping,5.0,0.22056463360786438,0.2425372302532196,0.18880799412727356,0.1933979094028473
9,6,"child speech, kid speaking",5.0,0.25638121366500854,0.22185170650482178,0.2008810043334961,0.18642525374889374
9,7,baby laughter,5.0,0.2571977972984314,0.283723920583725,0.20115625858306885,0.20728105306625366
9,8,playing table tennis,5.0,0.21207857131958008,0.34959954023361206,0.18594753742218018,0.22948631644248962
9,9,lighting firecrackers,5.0,0.20010778307914734,0.27695488929748535,0.18191243708133698,0.20499935746192932
9,10,playing bass drum,5.0,0.23405058681964874,0.1720549464225769,0.1933538317680359,0.16963982582092285
9,11,playing banjo,5.0,0.36910566687583923,0.29863134026527405,0.2388780117034912,0.21230602264404297
9,12,fire truck siren,5.0,0.16866014897823334,0.22130224108695984,0.1713121086359024,0.1862400472164154
9,13,playing bagpipes,5.0,0.31245046854019165,0.20943093299865723,0.21978075802326202,0.18223847448825836
9,14,playing french horn,5.0,0.14139637351036072,0.17938776314258575,0.16212207078933716,0.17211157083511353
9,15,civil defense siren,5.0,0.354860782623291,0.1797960102558136,0.2340763658285141,0.17224916815757751
9,16,tractor digging,5.0,0.3322337567806244,0.3819909691810608,0.22644928097724915,0.24040478467941284
9,17,people whispering,5.0,0.2792051434516907,0.23271533846855164,0.20857447385787964,0.19008715450763702
9,18,lathe spinning,5.0,0.2577351927757263,0.24828247725963593,0.20133739709854126,0.19533449411392212
9,19,playing theremin,5.0,0.2551271617412567,0.19337251782417297,0.20045828819274902,0.17682552337646484
9,20,playing glockenspiel,5.0,0.32667338848114014,0.2359614372253418,0.2245749980211258,0.19118133187294006
9,21,playing hammond organ,5.0,0.17962387204170227,0.2676459848880768,0.17500774562358856,0.20186153054237366
9,22,police car (siren),5.0,0.3070076107978821,0.14852984249591827,0.21794608235359192,0.16171002388000488
9,23,people cheering,5.0,0.18459171056747437,0.17535170912742615,0.17668229341506958,0.17075109481811523
9,24,playing electronic organ,5.0,0.20734921097755432,0.20345422625541687,0.18435336649417877,0.18022385239601135
9,25,bowling impact,5.0,0.20670261979103088,0.22519418597221375,0.18413540720939636,0.18755193054676056
9,26,people marching,5.0,0.25519463419914246,0.2451971471309662,0.20048102736473083,0.1942944973707199
9,27,playing bass guitar,5.0,0.20667722821235657,0.20664413273334503,0.1841268539428711,0.1812991052865982
9,28,goose honking,5.0,0.14136159420013428,0.16781869530677795,0.1621103435754776,0.16821187734603882
9,29,playing trombone,5.0,0.19439697265625,0.14731252193450928,0.17998743057250977,0.1612996757030487
9,30,helicopter,5.0,0.24658377468585968,0.2410951852798462,0.19757848978042603,0.19291181862354279
9,31,playing erhu,5.0,0.19655199348926544,0.24488380551338196,0.18071386218070984,0.19418887794017792
9,32,dog howling,5.0,0.27959105372428894,0.2899257242679596,0.20870454609394073,0.20937155187129974
9,33,playing synthesizer,5.0,0.0698661357164383,0.09443308413028717,0.13801075518131256,0.14347514510154724
9,34,cat purring,5.0,0.4536168575286865,0.36643362045288086,0.2673649489879608,0.2351607233285904
9,35,skiing,5.0,0.16238434612751007,0.2558593153953552,0.16919666528701782,0.19788849353790283
9,36,wood thrush calling,5.0,0.2526414096355438,0.21940281987190247,0.19962039589881897,0.18559978902339935
9,37,scuba diving,5.0,0.35764604806900024,0.3823396563529968,0.23501521348953247,0.24052231013774872
9,38,playing tambourine,5.0,0.19716164469718933,0.18657450377941132,0.180919349193573,0.17453405261039734
9,39,driving motorcycle,5.0,0.2202409952878952,0.15497350692749023,0.1886989176273346,0.1638820469379425
9,40,vacuum cleaner cleaning floors,5.0,0.1307646632194519,0.13768208026885986,0.1585383415222168,0.1580534726381302
9,41,playing squash,5.0,0.09746120125055313,0.17239342629909515,0.1473124623298645,0.16975392401218414
9,42,slot machine,5.0,0.18340037763118744,0.36971503496170044,0.17628072202205658,0.2362668216228485
9,43,beat boxing,5.0,0.14402590692043304,0.137573704123497,0.1630084216594696,0.15801693499088287
9,44,playing cello,5.0,0.14345930516719818,0.12338583171367645,0.16281744837760925,0.15323451161384583
9,45,playing cornet,5.0,0.13239477574825287,0.1820162981748581,0.15908782184123993,0.1729975938796997
9,46,wind noise,5.0,0.1424010992050171,0.1480674296617508,0.16246074438095093,0.16155414283275604
9,47,"playing steel guitar, slide guitar",5.0,0.0862191915512085,0.13088196516036987,0.14352302253246307,0.15576130151748657
9,48,orchestra,5.0,0.18180376291275024,0.16089341044425964,0.17574253678321838,0.16587752103805542
9,49,playing harp,5.0,0.23221592605113983,0.22517621517181396,0.19273540377616882,0.18754586577415466
9,50,roller coaster running,5.0,0.1791571080684662,0.1327356994152069,0.17485040426254272,0.15638615190982819
9,51,missile launch,5.0,0.10972128063440323,0.15824022889137268,0.15144507586956024,0.16498318314552307
9,52,"playing marimba, xylophone",5.0,0.10433273017406464,0.12973834574222565,0.14962869882583618,0.15537580847740173
9,53,airplane flyby,5.0,0.1657058298587799,0.2357308566570282,0.17031626403331757,0.19110360741615295
9,54,playing saxophone,5.0,0.1100066676735878,0.13467924296855927,0.15154126286506653,0.1570412814617157
9,55,"subway, metro, underground",5.0,0.30064040422439575,0.2515750825405121,0.21579983830451965,0.19644436240196228
9,56,arc welding,5.0,0.09697325527667999,0.08883720636367798,0.1471479833126068,0.14158889651298523
9,57,mynah bird singing,5.0,0.17126184701919556,0.12389473617076874,0.17218908667564392,0.1534060537815094
9,58,playing piano,5.0,0.14511613547801971,0.15900501608848572,0.16337591409683228,0.16524097323417664
9,59,playing bongo,5.0,0.22957810759544373,0.19508042931556702,0.19184625148773193,0.17740122973918915
9,60,"pigeon, dove cooing",5.0,0.2054596245288849,0.13877496123313904,0.18371641635894775,0.1584218591451645
9,61,"race car, auto racing",5.0,0.10078363120555878,0.1312074363231659,0.14843237400054932,0.15587100386619568
9,62,people crowd,5.0,0.17761901021003723,0.14448347687721252,0.17433194816112518,0.16034607589244843
9,63,playing vibraphone,5.0,0.22516202926635742,0.17690213024616241,0.19035768508911133,0.17127370834350586
9,64,playing mandolin,5.0,0.17250749468803406,0.17179934680461884,0.17260897159576416,0.16955366730690002
9,65,"female speech, woman speaking",5.0,0.24177980422973633,0.15287825465202332,0.1959591805934906,0.1631757766008377
9,66,volcano explosion,5.0,0.12681931257247925,0.1245245710015297,0.15720845758914948,0.15361835062503815
9,67,ocean burbling,5.0,0.15573647618293762,0.13369672000408173,0.16695581376552582,0.15671008825302124
9,68,singing choir,5.0,0.15028390288352966,0.21099953353405,0.16511785984039307,0.18276721239089966
9,69,playing flute,5.0,0.08585842698812485,0.09377648681402206,0.14340141415596008,0.14325383305549622
9,70,playing acoustic guitar,5.0,0.10275386273860931,0.14788229763507843,0.1490965038537979,0.1614917516708374
9,71,canary calling,5.0,0.05929126590490341,0.0715685784816742,0.1344461888074875,0.13576801121234894
9,72,pheasant crowing,5.0,0.08093241602182388,0.0792212188243866,0.14174096286296844,0.1383475512266159
9,73,woodpecker pecking tree,5.0,0.16531480848789215,0.17848262190818787,0.17018446326255798,0.1718064546585083
9,74,yodelling,5.0,0.10781051218509674,0.08867446333169937,0.15080100297927856,0.14153404533863068
9,75,sharpen knife,5.0,0.10586217790842056,0.11083002388477325,0.15014424920082092,0.14900220930576324
9,76,"playing violin, fiddle",5.0,0.10722048580646515,0.08149576187133789,0.15060210227966309,0.13911426067352295
9,77,printer printing,5.0,0.06210914999246597,0.07280085980892181,0.13539603352546692,0.13618339598178864
9,78,planing timber,5.0,0.05752198025584221,0.08473144471645355,0.13384979963302612,0.14020493626594543
9,79,lawn mowing,5.0,0.19230802357196808,0.2228650152683258,0.1792832911014557,0.1867668181657791
9,80,"electric shaver, electric razor shaving",5.0,0.10563033819198608,0.10382135212421417,0.15006610751152039,0.14663973450660706
9,81,fireworks banging,5.0,0.09606779366731644,0.14779967069625854,0.14684277772903442,0.1614638864994049
9,82,tap dancing,5.0,0.1374315619468689,0.13512232899665833,0.16078561544418335,0.15719062089920044
9,83,tapping guitar,5.0,0.07117418199777603,0.11889408528804779,0.13845166563987732,0.15172043442726135
9,84,stream burbling,5.0,0.14502783119678497,0.11151492595672607,0.16334615647792816,0.14923307299613953
9,85,playing bassoon,5.0,0.1615041196346283,0.10583754628896713,0.16889995336532593,0.14731934666633606
9,86,police radio chatter,5.0,0.08587504178285599,0.06362322717905045,0.14340701699256897,0.1330898106098175
9,87,playing sitar,5.0,0.0964164286851883,0.10469460487365723,0.1469602882862091,0.14693409204483032
9,88,playing electric guitar,5.0,0.11973898112773895,0.07673907279968262,0.15482182800769806,0.13751088082790375
9,89,people whistling,5.0,0.18413209915161133,0.07445567101240158,0.17652736604213715,0.13674119114875793
