class_id,category_name,audio_visual_neighbor_profile_spearman
0,playing volleyball,-0.1006926406926407
1,child singing,-0.06754483611626469
2,"heart sounds, heartbeat",0.2532467532467532
3,singing bowl,0.2432034632034632
4,cap gun shooting,0.08060606060606061
5,rope skipping,-0.0804947433518862
6,"child speech, kid speaking",-0.014965986394557823
7,baby laughter,-0.04974644403215831
8,playing table tennis,0.14957328385899815
9,lighting firecrackers,0.06849721706864563
10,playing bass drum,0.09965367965367965
11,playing banjo,0.03581941867656153
12,fire truck siren,0.09276437847866419
13,playing bagpipes,0.015510204081632652
14,playing french horn,0.35000618429189856
15,civil defense siren,0.03226963512677798
16,tractor digging,0.1754730983302412
17,people whispering,0.20236239950525664
18,lathe spinning,-0.32068027210884353
19,playing theremin,0.3046505875077304
20,playing glockenspiel,0.29379097093382806
21,playing hammond organ,0.38244897959183677
22,police car (siren),0.13396413110698824
23,people cheering,0.20899196042053186
24,playing electronic organ,0.31831787260358685
25,bowling impact,0.2152504638218924
26,people marching,0.2083982683982684
27,playing bass guitar,0.3002721088435374
28,goose honking,-0.1604947433518862
29,playing trombone,0.27871366728509583
30,helicopter,0.17997526283240567
31,playing erhu,0.20769325912183054
32,dog howling,0.1674335188620903
33,playing synthesizer,0.2749907235621521
34,cat purring,-0.08092764378478665
35,skiing,0.014199134199134197
36,wood thrush calling,0.16920222634508347
37,scuba diving,-0.11376623376623377
38,playing tambourine,0.062473716759431044
39,driving motorcycle,0.1684848484848485
40,vacuum cleaner cleaning floors,-0.08639455782312924
41,playing squash,0.08415584415584415
42,slot machine,0.15631416202844775
43,beat boxing,0.0129004329004329
44,playing cello,0.4458627087198515
45,playing cornet,0.4225602968460111
46,wind noise,0.0840321583178726
47,"playing steel guitar, slide guitar",0.3474335188620903
48,orchestra,0.02346320346320346
49,playing harp,0.2937662337662338
50,roller coaster running,0.165021645021645
51,missile launch,0.1677922077922078
52,"playing marimba, xylophone",0.3527396413110699
53,airplane flyby,0.21563388991960422
54,playing saxophone,0.012257266542980828
55,"subway, metro, underground",-0.06291898577612862
56,arc welding,-0.05439703153988869
57,mynah bird singing,0.10299319727891156
58,playing piano,0.49595547309833016
59,playing bongo,0.21594310451453308
60,"pigeon, dove cooing",-0.1667903525046382
61,"race car, auto racing",0.2664316635745207
62,people crowd,0.19708101422387134
63,playing vibraphone,0.28696351267779835
64,playing mandolin,0.2508101422387137
65,"female speech, woman speaking",0.1481508967223253
66,volcano explosion,-0.044341372912801484
67,ocean burbling,0.2774891774891775
68,singing choir,-0.10776747062461346
69,playing flute,0.3468893011750154
70,playing acoustic guitar,0.3873716759431045
71,canary calling,0.1701917130488559
72,pheasant crowing,0.054718614718614715
73,woodpecker pecking tree,0.16995670995670992
74,yodelling,0.07617810760667902
75,sharpen knife,0.12247371675943103
76,"playing violin, fiddle",0.2971552257266543
77,printer printing,0.030562770562770562
78,planing timber,-0.022918985776128636
79,lawn mowing,0.08196660482374768
80,"electric shaver, electric razor shaving",-0.0986147186147186
81,fireworks banging,-0.01375386518243661
82,tap dancing,0.06990723562152133
83,tapping guitar,0.2561162646876933
84,stream burbling,0.1057142857142857
85,playing bassoon,0.3713419913419913
86,police radio chatter,0.1591713048855906
87,playing sitar,0.050871985157699445
88,playing electric guitar,0.04326530612244898
89,people whistling,0.17229437229437228
90,playing double bass,0.18928880643166357
91,"male speech, man speaking",0.1200247371675943
92,playing accordion,0.06369820655534941
93,playing tabla,0.013098330241187383
94,playing clarinet,0.4619542362399505
95,playing harpsichord,0.14338899196042054
96,hail,0.22301793444650583
97,playing cymbal,0.09664811379097092
98,people booing,0.19990105132962277
99,dog growling,-0.041410018552875696
