method,seed,step,class_id,category_name,first_seen_step,age,difficulty_rank,difficulty_quartile,age_group,support,tp,fp,fn,precision,recall,f1,historical_f1,historical_support,full_test_query,historical_counts_match,old_head_only_recall,old_to_new_error_rate
avcil,42,1,0,playing volleyball,0,1,13,1,1-2,50,44,9,6,0.8301886792452831,0.88,0.8543689320388349,0.8543689250946045,50,True,True,0.9,0.04
avcil,42,1,1,child singing,0,1,88,4,1-2,50,36,129,14,0.21818181818181817,0.72,0.33488372093023255,0.3348837196826935,50,True,True,0.76,0.08
avcil,42,1,2,"heart sounds, heartbeat",0,1,11,1,1-2,50,43,1,7,0.9772727272727273,0.86,0.9148936170212766,0.914893627166748,50,True,True,0.9,0.06
avcil,42,1,3,singing bowl,0,1,35,2,1-2,50,42,36,8,0.5384615384615384,0.84,0.65625,0.65625,50,True,True,0.9,0.08
avcil,42,1,4,cap gun shooting,0,1,58,3,1-2,50,23,4,27,0.8518518518518519,0.46,0.5974025974025974,0.5974025726318359,50,True,True,0.62,0.36
avcil,42,1,5,rope skipping,0,1,31,2,1-2,50,39,8,11,0.8297872340425532,0.78,0.8041237113402062,0.8041236996650696,50,True,True,0.8,0.08
avcil,42,1,6,"child speech, kid speaking",0,1,80,4,1-2,50,25,36,25,0.4098360655737705,0.5,0.45045045045045046,0.45045045018196106,50,True,True,0.66,0.2
avcil,42,1,7,baby laughter,0,1,37,2,1-2,50,30,6,20,0.8333333333333334,0.6,0.6976744186046512,0.6976743936538696,50,True,True,0.62,0.08
avcil,42,1,8,playing table tennis,0,1,3,1,1-2,50,45,7,5,0.8653846153846154,0.9,0.8823529411764706,0.8823529481887817,50,True,True,0.92,0.06
avcil,42,1,9,lighting firecrackers,0,1,95,4,1-2,50,31,25,19,0.5535714285714286,0.62,0.5849056603773585,0.5849056839942932,50,True,True,0.74,0.3
avcil,42,1,10,playing bass drum,1,0,44,2,new,50,45,19,5,0.703125,0.9,0.7894736842105263,0.7894737124443054,50,True,True,,
avcil,42,1,11,playing banjo,1,0,66,3,new,50,17,2,33,0.8947368421052632,0.34,0.4927536231884058,0.49275362491607666,50,True,True,,
avcil,42,1,12,fire truck siren,1,0,72,3,new,50,34,2,16,0.9444444444444444,0.68,0.7906976744186046,0.7906976938247681,50,True,True,,
avcil,42,1,13,playing bagpipes,1,0,15,1,new,50,16,0,34,1.0,0.32,0.48484848484848486,0.4848484992980957,50,True,True,,
avcil,42,1,14,playing french horn,1,0,73,3,new,50,14,6,36,0.7,0.28,0.4,0.4000000059604645,50,True,True,,
avcil,42,1,15,civil defense siren,1,0,27,2,new,50,24,1,26,0.96,0.48,0.64,0.6399999856948853,50,True,True,,
avcil,42,1,16,tractor digging,1,0,10,1,new,50,45,4,5,0.9183673469387755,0.9,0.9090909090909091,0.9090909361839294,50,True,True,,
avcil,42,1,17,people whispering,1,0,23,1,new,50,50,44,0,0.5319148936170213,1.0,0.6944444444444444,0.6944444179534912,50,True,True,,
avcil,42,1,18,lathe spinning,1,0,6,1,new,50,43,2,7,0.9555555555555556,0.86,0.9052631578947369,0.9052631855010986,50,True,True,,
avcil,42,1,19,playing theremin,1,0,85,4,new,50,8,5,42,0.6153846153846154,0.16,0.25396825396825395,0.2539682686328888,50,True,True,,
avcil,42,5,0,playing volleyball,0,5,13,1,3-5,50,35,8,15,0.813953488372093,0.7,0.7526881720430108,0.7526881694793701,50,True,True,0.72,0.04
avcil,42,5,1,child singing,0,5,88,4,3-5,50,16,11,34,0.5925925925925926,0.32,0.4155844155844156,0.41558441519737244,50,True,True,0.4,0.16
avcil,42,5,2,"heart sounds, heartbeat",0,5,11,1,3-5,50,41,5,9,0.8913043478260869,0.82,0.8541666666666666,0.8541666865348816,50,True,True,0.82,0.0
avcil,42,5,3,singing bowl,0,5,35,2,3-5,50,14,7,36,0.6666666666666666,0.28,0.39436619718309857,0.39436620473861694,50,True,True,0.3,0.06
avcil,42,5,4,cap gun shooting,0,5,58,3,3-5,50,18,19,32,0.4864864864864865,0.36,0.41379310344827586,0.4137931168079376,50,True,True,0.36,0.04
avcil,42,5,5,rope skipping,0,5,31,2,3-5,50,30,17,20,0.6382978723404256,0.6,0.6185567010309279,0.6185566782951355,50,True,True,0.6,0.02
avcil,42,5,6,"child speech, kid speaking",0,5,80,4,3-5,50,30,84,20,0.2631578947368421,0.6,0.36585365853658536,0.3658536672592163,50,True,True,0.6,0.02
avcil,42,5,7,baby laughter,0,5,37,2,3-5,50,26,3,24,0.896551724137931,0.52,0.6582278481012658,0.6582278609275818,50,True,True,0.52,0.02
avcil,42,5,8,playing table tennis,0,5,3,1,3-5,50,39,11,11,0.78,0.78,0.78,0.7799999713897705,50,True,True,0.78,0.0
avcil,42,5,9,lighting firecrackers,0,5,95,4,3-5,50,15,20,35,0.42857142857142855,0.3,0.35294117647058826,0.3529411852359772,50,True,True,0.3,0.0
avcil,42,5,10,playing bass drum,1,4,44,2,3-5,50,31,40,19,0.43661971830985913,0.62,0.512396694214876,0.5123966932296753,50,True,True,0.62,0.0
avcil,42,5,11,playing banjo,1,4,66,3,3-5,50,27,16,23,0.627906976744186,0.54,0.5806451612903226,0.5806451439857483,50,True,True,0.56,0.08
avcil,42,5,12,fire truck siren,1,4,72,3,3-5,50,17,7,33,0.7083333333333334,0.34,0.4594594594594595,0.45945945382118225,50,True,True,0.34,0.02
avcil,42,5,13,playing bagpipes,1,4,15,1,3-5,50,35,0,15,1.0,0.7,0.8235294117647058,0.8235294222831726,50,True,True,0.72,0.04
avcil,42,5,14,playing french horn,1,4,73,3,3-5,50,17,30,33,0.3617021276595745,0.34,0.35051546391752575,0.3505154550075531,50,True,True,0.34,0.08
avcil,42,5,15,civil defense siren,1,4,27,2,3-5,50,27,1,23,0.9642857142857143,0.54,0.6923076923076923,0.692307710647583,50,True,True,0.54,0.04
avcil,42,5,16,tractor digging,1,4,10,1,3-5,50,44,18,6,0.7096774193548387,0.88,0.7857142857142857,0.7857142686843872,50,True,True,0.88,0.0
avcil,42,5,17,people whispering,1,4,23,1,3-5,50,47,43,3,0.5222222222222223,0.94,0.6714285714285714,0.6714285612106323,50,True,True,0.94,0.0
avcil,42,5,18,lathe spinning,1,4,6,1,3-5,50,37,26,13,0.5873015873015873,0.74,0.6548672566371682,0.6548672318458557,50,True,True,0.76,0.12
avcil,42,5,19,playing theremin,1,4,85,4,3-5,50,4,19,46,0.17391304347826086,0.08,0.1095890410958904,0.10958904027938843,50,True,True,0.08,0.06
avcil,42,5,20,playing glockenspiel,2,3,28,2,3-5,50,24,2,26,0.9230769230769231,0.48,0.631578947368421,0.6315789222717285,50,True,True,0.52,0.18
avcil,42,5,21,playing hammond organ,2,3,90,4,3-5,50,10,18,40,0.35714285714285715,0.2,0.2564102564102564,0.25641027092933655,50,True,True,0.2,0.06
avcil,42,5,22,police car (siren),2,3,68,3,3-5,50,32,32,18,0.5,0.64,0.5614035087719298,0.5614035129547119,50,True,True,0.66,0.02
avcil,42,5,23,people cheering,2,3,60,3,3-5,50,41,20,9,0.6721311475409836,0.82,0.7387387387387387,0.7387387156486511,50,True,True,0.82,0.0
avcil,42,5,24,playing electronic organ,2,3,91,4,3-5,50,5,26,45,0.16129032258064516,0.1,0.12345679012345678,0.12345679104328156,50,True,True,0.16,0.14
avcil,42,5,25,bowling impact,2,3,8,1,3-5,50,48,25,2,0.6575342465753424,0.96,0.7804878048780488,0.7804877758026123,50,True,True,0.96,0.0
avcil,42,5,26,people marching,2,3,24,1,3-5,50,24,13,26,0.6486486486486487,0.48,0.5517241379310345,0.5517241358757019,50,True,True,0.5,0.02
avcil,42,5,27,playing bass guitar,2,3,81,4,3-5,50,26,59,24,0.3058823529411765,0.52,0.3851851851851852,0.385185182094574,50,True,True,0.52,0.04
avcil,42,5,28,goose honking,2,3,74,3,3-5,50,29,47,21,0.3815789473684211,0.58,0.4603174603174603,0.460317462682724,50,True,True,0.6,0.04
avcil,42,5,29,playing trombone,2,3,69,3,3-5,50,18,29,32,0.3829787234042553,0.36,0.3711340206185567,0.3711340129375458,50,True,True,0.36,0.02
avcil,42,5,30,helicopter,3,2,50,3,1-2,50,24,22,26,0.5217391304347826,0.48,0.5,0.5,50,True,True,0.5,0.06
avcil,42,5,31,playing erhu,3,2,18,1,1-2,50,28,9,22,0.7567567567567568,0.56,0.6436781609195402,0.6436781883239746,50,True,True,0.56,0.0
avcil,42,5,32,dog howling,3,2,29,2,1-2,50,20,16,30,0.5555555555555556,0.4,0.46511627906976744,0.4651162922382355,50,True,True,0.42,0.08
avcil,42,5,33,playing synthesizer,3,2,52,3,1-2,50,18,75,32,0.1935483870967742,0.36,0.2517482517482518,0.251748263835907,50,True,True,0.38,0.04
avcil,42,5,34,cat purring,3,2,32,2,1-2,50,25,3,25,0.8928571428571429,0.5,0.6410256410256411,0.6410256624221802,50,True,True,0.5,0.02
avcil,42,5,35,skiing,3,2,1,1,1-2,50,46,6,4,0.8846153846153846,0.92,0.9019607843137255,0.9019607901573181,50,True,True,0.92,0.0
avcil,42,5,36,wood thrush calling,3,2,49,2,1-2,50,35,27,15,0.5645161290322581,0.7,0.625,0.625,50,True,True,0.88,0.22
avcil,42,5,37,scuba diving,3,2,0,1,1-2,50,46,3,4,0.9387755102040817,0.92,0.9292929292929293,0.9292929172515869,50,True,True,0.92,0.0
avcil,42,5,38,playing tambourine,3,2,36,2,1-2,50,30,18,20,0.625,0.6,0.6122448979591837,0.6122449040412903,50,True,True,0.6,0.02
avcil,42,5,39,driving motorcycle,3,2,48,2,1-2,50,21,23,29,0.4772727272727273,0.42,0.44680851063829785,0.44680851697921753,50,True,True,0.42,0.02
avcil,42,5,40,vacuum cleaner cleaning floors,4,1,57,3,1-2,50,25,28,25,0.4716981132075472,0.5,0.4854368932038835,0.48543688654899597,50,True,True,0.5,0.02
avcil,42,5,41,playing squash,4,1,4,1,1-2,50,46,22,4,0.6764705882352942,0.92,0.7796610169491526,0.7796609997749329,50,True,True,0.92,0.0
avcil,42,5,42,slot machine,4,1,12,1,1-2,50,47,12,3,0.7966101694915254,0.94,0.8623853211009175,0.8623853325843811,50,True,True,0.94,0.02
avcil,42,5,43,beat boxing,4,1,41,2,1-2,50,38,56,12,0.40425531914893614,0.76,0.5277777777777778,0.5277777910232544,50,True,True,0.78,0.02
avcil,42,5,44,playing cello,4,1,82,4,1-2,50,17,37,33,0.3148148148148148,0.34,0.3269230769230769,0.32692307233810425,50,True,True,0.38,0.12
avcil,42,5,45,playing cornet,4,1,7,1,1-2,50,38,19,12,0.6666666666666666,0.76,0.7102803738317757,0.7102803587913513,50,True,True,0.8,0.06
avcil,42,5,46,wind noise,4,1,78,4,1-2,50,28,73,22,0.27722772277227725,0.56,0.3708609271523179,0.3708609342575073,50,True,True,0.56,0.02
avcil,42,5,47,"playing steel guitar, slide guitar",4,1,45,2,1-2,50,28,20,22,0.5833333333333334,0.56,0.5714285714285714,0.5714285969734192,50,True,True,0.58,0.04
avcil,42,5,48,orchestra,4,1,86,4,1-2,50,23,54,27,0.2987012987012987,0.46,0.36220472440944884,0.36220473051071167,50,True,True,0.54,0.14
avcil,42,5,49,playing harp,4,1,59,3,1-2,50,29,72,21,0.2871287128712871,0.58,0.3841059602649007,0.38410595059394836,50,True,True,0.6,0.04
avcil,42,5,50,roller coaster running,5,0,30,2,new,50,33,7,17,0.825,0.66,0.7333333333333333,0.7333333492279053,50,True,True,,
avcil,42,5,51,missile launch,5,0,21,1,new,50,23,1,27,0.9583333333333334,0.46,0.6216216216216216,0.6216216087341309,50,True,True,,
avcil,42,5,52,"playing marimba, xylophone",5,0,97,4,new,50,1,18,49,0.05263157894736842,0.02,0.028985507246376812,0.028985507786273956,50,True,True,,
avcil,42,5,53,airplane flyby,5,0,5,1,new,50,28,3,22,0.9032258064516129,0.56,0.691358024691358,0.6913580298423767,50,True,True,,
avcil,42,5,54,playing saxophone,5,0,89,4,new,50,15,43,35,0.25862068965517243,0.3,0.2777777777777778,0.2777777910232544,50,True,True,,
avcil,42,5,55,"subway, metro, underground",5,0,33,2,new,50,23,3,27,0.8846153846153846,0.46,0.6052631578947368,0.6052631735801697,50,True,True,,
avcil,42,5,56,arc welding,5,0,17,1,new,50,30,12,20,0.7142857142857143,0.6,0.6521739130434783,0.6521739363670349,50,True,True,,
avcil,42,5,57,mynah bird singing,5,0,62,3,new,50,18,15,32,0.5454545454545454,0.36,0.43373493975903615,0.4337349534034729,50,True,True,,
avcil,42,5,58,playing piano,5,0,79,4,new,50,13,13,37,0.5,0.26,0.34210526315789475,0.34210526943206787,50,True,True,,
avcil,42,5,59,playing bongo,5,0,14,1,new,50,30,1,20,0.967741935483871,0.6,0.7407407407407407,0.7407407164573669,50,True,True,,
avcil,42,9,0,playing volleyball,0,9,13,1,6+,50,28,6,22,0.8235294117647058,0.56,0.6666666666666666,0.6666666865348816,50,True,True,0.64,0.1
avcil,42,9,1,child singing,0,9,88,4,6+,50,10,36,40,0.21739130434782608,0.2,0.20833333333333334,0.2083333283662796,50,True,True,0.2,0.02
avcil,42,9,2,"heart sounds, heartbeat",0,9,11,1,6+,50,35,4,15,0.8974358974358975,0.7,0.7865168539325843,0.7865168452262878,50,True,True,0.7,0.12
avcil,42,9,3,singing bowl,0,9,35,2,6+,50,10,5,40,0.6666666666666666,0.2,0.3076923076923077,0.3076923191547394,50,True,True,0.2,0.0
avcil,42,9,4,cap gun shooting,0,9,58,3,6+,50,14,23,36,0.3783783783783784,0.28,0.3218390804597701,0.3218390941619873,50,True,True,0.28,0.1
avcil,42,9,5,rope skipping,0,9,31,2,6+,50,20,29,30,0.40816326530612246,0.4,0.40404040404040403,0.4040403962135315,50,True,True,0.4,0.04
avcil,42,9,6,"child speech, kid speaking",0,9,80,4,6+,50,18,86,32,0.17307692307692307,0.36,0.23376623376623376,0.23376622796058655,50,True,True,0.44,0.08
avcil,42,9,7,baby laughter,0,9,37,2,6+,50,8,5,42,0.6153846153846154,0.16,0.25396825396825395,0.2539682686328888,50,True,True,0.16,0.08
avcil,42,9,8,playing table tennis,0,9,3,1,6+,50,37,13,13,0.74,0.74,0.74,0.7400000095367432,50,True,True,0.74,0.04
avcil,42,9,9,lighting firecrackers,0,9,95,4,6+,50,5,21,45,0.19230769230769232,0.1,0.13157894736842105,0.1315789520740509,50,True,True,0.1,0.04
avcil,42,9,10,playing bass drum,1,8,44,2,6+,50,27,74,23,0.26732673267326734,0.54,0.3576158940397351,0.3576158881187439,50,True,True,0.54,0.04
avcil,42,9,11,playing banjo,1,8,66,3,6+,50,15,28,35,0.3488372093023256,0.3,0.3225806451612903,0.32258063554763794,50,True,True,0.3,0.04
avcil,42,9,12,fire truck siren,1,8,72,3,6+,50,15,7,35,0.6818181818181818,0.3,0.4166666666666667,0.4166666567325592,50,True,True,0.3,0.02
avcil,42,9,13,playing bagpipes,1,8,15,1,6+,50,30,3,20,0.9090909090909091,0.6,0.7228915662650602,0.7228915691375732,50,True,True,0.6,0.0
avcil,42,9,14,playing french horn,1,8,73,3,6+,50,5,15,45,0.25,0.1,0.14285714285714285,0.1428571492433548,50,True,True,0.1,0.04
avcil,42,9,15,civil defense siren,1,8,27,2,6+,50,22,2,28,0.9166666666666666,0.44,0.5945945945945946,0.5945945978164673,50,True,True,0.44,0.02
avcil,42,9,16,tractor digging,1,8,10,1,6+,50,29,14,21,0.6744186046511628,0.58,0.6236559139784946,0.6236559152603149,50,True,True,0.58,0.0
avcil,42,9,17,people whispering,1,8,23,1,6+,50,45,31,5,0.5921052631578947,0.9,0.7142857142857143,0.7142857313156128,50,True,True,0.9,0.0
avcil,42,9,18,lathe spinning,1,8,6,1,6+,50,27,22,23,0.5510204081632653,0.54,0.5454545454545454,0.5454545617103577,50,True,True,0.54,0.0
avcil,42,9,19,playing theremin,1,8,85,4,6+,50,5,18,45,0.21739130434782608,0.1,0.136986301369863,0.13698630034923553,50,True,True,0.1,0.02
avcil,42,9,20,playing glockenspiel,2,7,28,2,6+,50,18,3,32,0.8571428571428571,0.36,0.5070422535211268,0.5070422291755676,50,True,True,0.36,0.04
avcil,42,9,21,playing hammond organ,2,7,90,4,6+,50,7,29,43,0.19444444444444445,0.14,0.16279069767441862,0.1627907007932663,50,True,True,0.14,0.04
avcil,42,9,22,police car (siren),2,7,68,3,6+,50,25,30,25,0.45454545454545453,0.5,0.47619047619047616,0.4761904776096344,50,True,True,0.5,0.0
avcil,42,9,23,people cheering,2,7,60,3,6+,50,7,24,43,0.22580645161290322,0.14,0.1728395061728395,0.17283950746059418,50,True,True,0.24,0.26
avcil,42,9,24,playing electronic organ,2,7,91,4,6+,50,5,22,45,0.18518518518518517,0.1,0.12987012987012986,0.12987013161182404,50,True,True,0.1,0.0
avcil,42,9,25,bowling impact,2,7,8,1,6+,50,37,21,13,0.6379310344827587,0.74,0.6851851851851852,0.6851851940155029,50,True,True,0.74,0.04
avcil,42,9,26,people marching,2,7,24,1,6+,50,16,19,34,0.45714285714285713,0.32,0.3764705882352941,0.3764705955982208,50,True,True,0.36,0.08
avcil,42,9,27,playing bass guitar,2,7,81,4,6+,50,8,35,42,0.18604651162790697,0.16,0.17204301075268819,0.17204301059246063,50,True,True,0.18,0.04
avcil,42,9,28,goose honking,2,7,74,3,6+,50,14,45,36,0.23728813559322035,0.28,0.25688073394495414,0.2568807303905487,50,True,True,0.3,0.12
avcil,42,9,29,playing trombone,2,7,69,3,6+,50,15,14,35,0.5172413793103449,0.3,0.379746835443038,0.37974682450294495,50,True,True,0.3,0.02
avcil,42,9,30,helicopter,3,6,50,3,6+,50,18,22,32,0.45,0.36,0.4,0.4000000059604645,50,True,True,0.36,0.04
avcil,42,9,31,playing erhu,3,6,18,1,6+,50,27,14,23,0.6585365853658537,0.54,0.5934065934065934,0.593406617641449,50,True,True,0.54,0.04
avcil,42,9,32,dog howling,3,6,29,2,6+,50,12,12,38,0.5,0.24,0.32432432432432434,0.3243243098258972,50,True,True,0.24,0.0
avcil,42,9,33,playing synthesizer,3,6,52,3,6+,50,9,27,41,0.25,0.18,0.20930232558139536,0.20930232107639313,50,True,True,0.18,0.02
avcil,42,9,34,cat purring,3,6,32,2,6+,50,16,6,34,0.7272727272727273,0.32,0.4444444444444444,0.4444444477558136,50,True,True,0.36,0.12
avcil,42,9,35,skiing,3,6,1,1,6+,50,37,1,13,0.9736842105263158,0.74,0.8409090909090909,0.8409090638160706,50,True,True,0.74,0.02
avcil,42,9,36,wood thrush calling,3,6,49,2,6+,50,20,23,30,0.46511627906976744,0.4,0.43010752688172044,0.4301075339317322,50,True,True,0.4,0.0
avcil,42,9,37,scuba diving,3,6,0,1,6+,50,39,0,11,1.0,0.78,0.8764044943820225,0.8764045238494873,50,True,True,0.88,0.12
avcil,42,9,38,playing tambourine,3,6,36,2,6+,50,25,12,25,0.6756756756756757,0.5,0.5747126436781609,0.5747126340866089,50,True,True,0.5,0.0
avcil,42,9,39,driving motorcycle,3,6,48,2,6+,50,12,21,38,0.36363636363636365,0.24,0.2891566265060241,0.28915661573410034,50,True,True,0.24,0.02
avcil,42,9,40,vacuum cleaner cleaning floors,4,5,57,3,3-5,50,5,10,45,0.3333333333333333,0.1,0.15384615384615385,0.1538461595773697,50,True,True,0.1,0.06
avcil,42,9,41,playing squash,4,5,4,1,3-5,50,19,31,31,0.38,0.38,0.38,0.3799999952316284,50,True,True,0.4,0.04
avcil,42,9,42,slot machine,4,5,12,1,3-5,50,42,5,8,0.8936170212765957,0.84,0.865979381443299,0.8659793734550476,50,True,True,0.84,0.0
avcil,42,9,43,beat boxing,4,5,41,2,3-5,50,31,40,19,0.43661971830985913,0.62,0.512396694214876,0.5123966932296753,50,True,True,0.62,0.0
avcil,42,9,44,playing cello,4,5,82,4,3-5,50,10,26,40,0.2777777777777778,0.2,0.23255813953488372,0.23255814611911774,50,True,True,0.2,0.02
avcil,42,9,45,playing cornet,4,5,7,1,3-5,50,24,12,26,0.6666666666666666,0.48,0.5581395348837209,0.5581395626068115,50,True,True,0.48,0.0
avcil,42,9,46,wind noise,4,5,78,4,3-5,50,13,55,37,0.19117647058823528,0.26,0.22033898305084745,0.22033898532390594,50,True,True,0.28,0.06
avcil,42,9,47,"playing steel guitar, slide guitar",4,5,45,2,3-5,50,18,9,32,0.6666666666666666,0.36,0.4675324675324675,0.4675324559211731,50,True,True,0.38,0.06
avcil,42,9,48,orchestra,4,5,86,4,3-5,50,17,44,33,0.2786885245901639,0.34,0.3063063063063063,0.30630630254745483,50,True,True,0.34,0.02
avcil,42,9,49,playing harp,4,5,59,3,3-5,50,18,28,32,0.391304347826087,0.36,0.375,0.375,50,True,True,0.36,0.02
avcil,42,9,50,roller coaster running,5,4,30,2,3-5,50,30,19,20,0.6122448979591837,0.6,0.6060606060606061,0.6060606241226196,50,True,True,0.6,0.02
avcil,42,9,51,missile launch,5,4,21,1,3-5,50,23,19,27,0.5476190476190477,0.46,0.5,0.5,50,True,True,0.46,0.0
avcil,42,9,52,"playing marimba, xylophone",5,4,97,4,3-5,50,3,37,47,0.075,0.06,0.06666666666666667,0.06666667014360428,50,True,True,0.06,0.04
avcil,42,9,53,airplane flyby,5,4,5,1,3-5,50,34,11,16,0.7555555555555555,0.68,0.7157894736842105,0.7157894968986511,50,True,True,0.68,0.02
avcil,42,9,54,playing saxophone,5,4,89,4,3-5,50,15,52,35,0.22388059701492538,0.3,0.2564102564102564,0.25641027092933655,50,True,True,0.3,0.0
avcil,42,9,55,"subway, metro, underground",5,4,33,2,3-5,50,30,37,20,0.44776119402985076,0.6,0.5128205128205128,0.5128205418586731,50,True,True,0.6,0.0
avcil,42,9,56,arc welding,5,4,17,1,3-5,50,24,18,26,0.5714285714285714,0.48,0.5217391304347826,0.52173912525177,50,True,True,0.5,0.06
avcil,42,9,57,mynah bird singing,5,4,62,3,3-5,50,13,18,37,0.41935483870967744,0.26,0.32098765432098764,0.32098764181137085,50,True,True,0.26,0.0
avcil,42,9,58,playing piano,5,4,79,4,3-5,50,15,31,35,0.32608695652173914,0.3,0.3125,0.3125,50,True,True,0.3,0.04
avcil,42,9,59,playing bongo,5,4,14,1,3-5,50,34,16,16,0.68,0.68,0.68,0.6800000071525574,50,True,True,0.72,0.06
avcil,42,9,60,"pigeon, dove cooing",6,3,51,3,3-5,50,14,33,36,0.2978723404255319,0.28,0.28865979381443296,0.2886597812175751,50,True,True,0.28,0.12
avcil,42,9,61,"race car, auto racing",6,3,47,2,3-5,50,27,31,23,0.46551724137931033,0.54,0.5,0.5,50,True,True,0.54,0.0
avcil,42,9,62,people crowd,6,3,70,3,3-5,50,26,51,24,0.33766233766233766,0.52,0.4094488188976378,0.4094488322734833,50,True,True,0.52,0.08
avcil,42,9,63,playing vibraphone,6,3,94,4,3-5,50,5,13,45,0.2777777777777778,0.1,0.14705882352941177,0.14705882966518402,50,True,True,0.1,0.02
avcil,42,9,64,playing mandolin,6,3,55,3,3-5,50,19,10,31,0.6551724137931034,0.38,0.4810126582278481,0.4810126721858978,50,True,True,0.38,0.02
avcil,42,9,65,"female speech, woman speaking",6,3,76,4,3-5,50,17,64,33,0.20987654320987653,0.34,0.2595419847328244,0.25954198837280273,50,True,True,0.44,0.16
avcil,42,9,66,volcano explosion,6,3,42,2,3-5,50,28,36,22,0.4375,0.56,0.49122807017543857,0.4912280738353729,50,True,True,0.56,0.02
avcil,42,9,67,ocean burbling,6,3,71,3,3-5,50,5,3,45,0.625,0.1,0.1724137931034483,0.17241379618644714,50,True,True,0.1,0.02
avcil,42,9,68,singing choir,6,3,87,4,3-5,50,3,11,47,0.21428571428571427,0.06,0.09375,0.09375,50,True,True,0.06,0.04
avcil,42,9,69,playing flute,6,3,83,4,3-5,50,6,23,44,0.20689655172413793,0.12,0.1518987341772152,0.15189872682094574,50,True,True,0.16,0.04
avcil,42,9,70,playing acoustic guitar,7,2,64,3,1-2,50,24,104,26,0.1875,0.48,0.2696629213483146,0.26966291666030884,50,True,True,0.48,0.0
avcil,42,9,71,canary calling,7,2,25,2,1-2,50,27,16,23,0.627906976744186,0.54,0.5806451612903226,0.5806451439857483,50,True,True,0.54,0.02
avcil,42,9,72,pheasant crowing,7,2,53,3,1-2,50,24,19,26,0.5581395348837209,0.48,0.5161290322580645,0.5161290168762207,50,True,True,0.5,0.04
avcil,42,9,73,woodpecker pecking tree,7,2,19,1,1-2,50,34,36,16,0.4857142857142857,0.68,0.5666666666666667,0.5666666626930237,50,True,True,0.68,0.0
avcil,42,9,74,yodelling,7,2,65,3,1-2,50,26,51,24,0.33766233766233766,0.52,0.4094488188976378,0.4094488322734833,50,True,True,0.54,0.06
avcil,42,9,75,sharpen knife,7,2,26,2,1-2,50,22,23,28,0.4888888888888889,0.44,0.4631578947368421,0.46315789222717285,50,True,True,0.46,0.1
avcil,42,9,76,"playing violin, fiddle",7,2,67,3,1-2,50,14,60,36,0.1891891891891892,0.28,0.22580645161290322,0.22580644488334656,50,True,True,0.28,0.02
avcil,42,9,77,printer printing,7,2,39,2,1-2,50,38,57,12,0.4,0.76,0.5241379310344828,0.5241379141807556,50,True,True,0.76,0.0
avcil,42,9,78,planing timber,7,2,38,2,1-2,50,16,9,34,0.64,0.32,0.4266666666666667,0.4266666769981384,50,True,True,0.32,0.04
avcil,42,9,79,lawn mowing,7,2,46,2,1-2,50,17,30,33,0.3617021276595745,0.34,0.35051546391752575,0.3505154550075531,50,True,True,0.34,0.02
avcil,42,9,80,"electric shaver, electric razor shaving",8,1,20,1,1-2,50,41,69,9,0.37272727272727274,0.82,0.5125,0.512499988079071,50,True,True,0.82,0.0
avcil,42,9,81,fireworks banging,8,1,43,2,1-2,50,26,22,24,0.5416666666666666,0.52,0.5306122448979592,0.5306122303009033,50,True,True,0.52,0.02
avcil,42,9,82,tap dancing,8,1,9,1,1-2,50,40,68,10,0.37037037037037035,0.8,0.5063291139240507,0.5063291192054749,50,True,True,0.8,0.0
avcil,42,9,83,tapping guitar,8,1,93,4,1-2,50,4,8,46,0.3333333333333333,0.08,0.12903225806451613,0.12903225421905518,50,True,True,0.08,0.02
avcil,42,9,84,stream burbling,8,1,61,3,1-2,50,17,39,33,0.30357142857142855,0.34,0.32075471698113206,0.3207547068595886,50,True,True,0.34,0.02
avcil,42,9,85,playing bassoon,8,1,16,1,1-2,50,43,113,7,0.27564102564102566,0.86,0.4174757281553398,0.41747573018074036,50,True,True,0.86,0.02
avcil,42,9,86,police radio chatter,8,1,22,1,1-2,50,45,63,5,0.4166666666666667,0.9,0.569620253164557,0.5696202516555786,50,True,True,0.9,0.0
avcil,42,9,87,playing sitar,8,1,96,4,1-2,50,7,44,43,0.13725490196078433,0.14,0.13861386138613863,0.13861386477947235,50,True,True,0.14,0.0
avcil,42,9,88,playing electric guitar,8,1,84,4,1-2,50,22,263,28,0.07719298245614035,0.44,0.13134328358208955,0.1313432902097702,50,True,True,0.46,0.04
avcil,42,9,89,people whistling,8,1,75,4,1-2,50,24,120,26,0.16666666666666666,0.48,0.24742268041237114,0.24742268025875092,50,True,True,0.52,0.06
avcil,42,9,90,playing double bass,9,0,34,2,new,50,28,6,22,0.8235294117647058,0.56,0.6666666666666666,0.6666666865348816,50,True,True,,
avcil,42,9,91,"male speech, man speaking",9,0,98,4,new,50,9,57,41,0.13636363636363635,0.18,0.15517241379310345,0.1551724076271057,50,True,True,,
avcil,42,9,92,playing accordion,9,0,54,3,new,50,4,1,46,0.8,0.08,0.14545454545454545,0.145454540848732,50,True,True,,
avcil,42,9,93,playing tabla,9,0,77,4,new,50,3,9,47,0.25,0.06,0.0967741935483871,0.09677419066429138,50,True,True,,
avcil,42,9,94,playing clarinet,9,0,92,4,new,50,3,12,47,0.2,0.06,0.09230769230769231,0.0923076942563057,50,True,True,,
avcil,42,9,95,playing harpsichord,9,0,63,3,new,50,16,6,34,0.7272727272727273,0.32,0.4444444444444444,0.4444444477558136,50,True,True,,
avcil,42,9,96,hail,9,0,2,1,new,50,39,10,11,0.7959183673469388,0.78,0.7878787878787878,0.7878788113594055,50,True,True,,
avcil,42,9,97,playing cymbal,9,0,99,4,new,50,1,2,49,0.3333333333333333,0.02,0.03773584905660377,0.03773584961891174,50,True,True,,
avcil,42,9,98,people booing,9,0,56,3,new,50,24,36,26,0.4,0.48,0.43636363636363634,0.4363636374473572,50,True,True,,
avcil,42,9,99,dog growling,9,0,40,2,new,50,20,34,30,0.37037037037037035,0.4,0.38461538461538464,0.38461539149284363,50,True,True,,
hinge_A,42,1,0,playing volleyball,0,1,13,1,1-2,50,43,7,7,0.86,0.86,0.86,0.8600000143051147,50,True,True,0.88,0.06
hinge_A,42,1,1,child singing,0,1,88,4,1-2,50,32,123,18,0.2064516129032258,0.64,0.3121951219512195,0.3121951222419739,50,True,True,0.68,0.1
hinge_A,42,1,2,"heart sounds, heartbeat",0,1,11,1,1-2,50,43,3,7,0.9347826086956522,0.86,0.8958333333333334,0.8958333134651184,50,True,True,0.9,0.1
hinge_A,42,1,3,singing bowl,0,1,35,2,1-2,50,42,33,8,0.56,0.84,0.672,0.671999990940094,50,True,True,0.9,0.08
hinge_A,42,1,4,cap gun shooting,0,1,58,3,1-2,50,22,4,28,0.8461538461538461,0.44,0.5789473684210527,0.5789473652839661,50,True,True,0.66,0.44
hinge_A,42,1,5,rope skipping,0,1,31,2,1-2,50,37,9,13,0.8043478260869565,0.74,0.7708333333333334,0.7708333134651184,50,True,True,0.76,0.08
hinge_A,42,1,6,"child speech, kid speaking",0,1,80,4,1-2,50,29,35,21,0.453125,0.58,0.5087719298245614,0.5087719559669495,50,True,True,0.74,0.2
hinge_A,42,1,7,baby laughter,0,1,37,2,1-2,50,34,7,16,0.8292682926829268,0.68,0.7472527472527473,0.7472527623176575,50,True,True,0.68,0.08
hinge_A,42,1,8,playing table tennis,0,1,3,1,1-2,50,45,10,5,0.8181818181818182,0.9,0.8571428571428571,0.8571428656578064,50,True,True,0.92,0.06
hinge_A,42,1,9,lighting firecrackers,0,1,95,4,1-2,50,31,25,19,0.5535714285714286,0.62,0.5849056603773585,0.5849056839942932,50,True,True,0.76,0.3
hinge_A,42,1,10,playing bass drum,1,0,44,2,new,50,45,16,5,0.7377049180327869,0.9,0.8108108108108109,0.8108108043670654,50,True,True,,
hinge_A,42,1,11,playing banjo,1,0,66,3,new,50,16,2,34,0.8888888888888888,0.32,0.47058823529411764,0.47058823704719543,50,True,True,,
hinge_A,42,1,12,fire truck siren,1,0,72,3,new,50,34,2,16,0.9444444444444444,0.68,0.7906976744186046,0.7906976938247681,50,True,True,,
hinge_A,42,1,13,playing bagpipes,1,0,15,1,new,50,17,0,33,1.0,0.34,0.5074626865671642,0.5074626803398132,50,True,True,,
hinge_A,42,1,14,playing french horn,1,0,73,3,new,50,13,6,37,0.6842105263157895,0.26,0.37681159420289856,0.37681159377098083,50,True,True,,
hinge_A,42,1,15,civil defense siren,1,0,27,2,new,50,23,1,27,0.9583333333333334,0.46,0.6216216216216216,0.6216216087341309,50,True,True,,
hinge_A,42,1,16,tractor digging,1,0,10,1,new,50,44,4,6,0.9166666666666666,0.88,0.8979591836734694,0.8979591727256775,50,True,True,,
hinge_A,42,1,17,people whispering,1,0,23,1,new,50,49,54,1,0.47572815533980584,0.98,0.6405228758169934,0.6405228972434998,50,True,True,,
hinge_A,42,1,18,lathe spinning,1,0,6,1,new,50,42,2,8,0.9545454545454546,0.84,0.8936170212765957,0.8936170339584351,50,True,True,,
hinge_A,42,1,19,playing theremin,1,0,85,4,new,50,11,5,39,0.6875,0.22,0.3333333333333333,0.3333333432674408,50,True,True,,
hinge_A,42,5,0,playing volleyball,0,5,13,1,3-5,50,31,5,19,0.8611111111111112,0.62,0.7209302325581395,0.7209302186965942,50,True,True,0.64,0.04
hinge_A,42,5,1,child singing,0,5,88,4,3-5,50,22,21,28,0.5116279069767442,0.44,0.4731182795698925,0.47311827540397644,50,True,True,0.46,0.06
hinge_A,42,5,2,"heart sounds, heartbeat",0,5,11,1,3-5,50,39,3,11,0.9285714285714286,0.78,0.8478260869565217,0.8478260636329651,50,True,True,0.78,0.0
hinge_A,42,5,3,singing bowl,0,5,35,2,3-5,50,12,10,38,0.5454545454545454,0.24,0.3333333333333333,0.3333333432674408,50,True,True,0.26,0.04
hinge_A,42,5,4,cap gun shooting,0,5,58,3,3-5,50,20,24,30,0.45454545454545453,0.4,0.425531914893617,0.42553192377090454,50,True,True,0.4,0.06
hinge_A,42,5,5,rope skipping,0,5,31,2,3-5,50,23,11,27,0.6764705882352942,0.46,0.5476190476190477,0.5476190447807312,50,True,True,0.46,0.04
hinge_A,42,5,6,"child speech, kid speaking",0,5,80,4,3-5,50,28,61,22,0.3146067415730337,0.56,0.4028776978417266,0.40287768840789795,50,True,True,0.56,0.02
hinge_A,42,5,7,baby laughter,0,5,37,2,3-5,50,30,8,20,0.7894736842105263,0.6,0.6818181818181818,0.6818181872367859,50,True,True,0.6,0.02
hinge_A,42,5,8,playing table tennis,0,5,3,1,3-5,50,39,9,11,0.8125,0.78,0.7959183673469388,0.795918345451355,50,True,True,0.78,0.0
hinge_A,42,5,9,lighting firecrackers,0,5,95,4,3-5,50,18,32,32,0.36,0.36,0.36,0.36000001430511475,50,True,True,0.36,0.02
hinge_A,42,5,10,playing bass drum,1,4,44,2,3-5,50,30,25,20,0.5454545454545454,0.6,0.5714285714285714,0.5714285969734192,50,True,True,0.6,0.0
hinge_A,42,5,11,playing banjo,1,4,66,3,3-5,50,27,21,23,0.5625,0.54,0.5510204081632653,0.5510203838348389,50,True,True,0.54,0.02
hinge_A,42,5,12,fire truck siren,1,4,72,3,3-5,50,15,10,35,0.6,0.3,0.4,0.4000000059604645,50,True,True,0.3,0.04
hinge_A,42,5,13,playing bagpipes,1,4,15,1,3-5,50,37,1,13,0.9736842105263158,0.74,0.8409090909090909,0.8409090638160706,50,True,True,0.78,0.04
hinge_A,42,5,14,playing french horn,1,4,73,3,3-5,50,20,26,30,0.43478260869565216,0.4,0.4166666666666667,0.4166666567325592,50,True,True,0.4,0.04
hinge_A,42,5,15,civil defense siren,1,4,27,2,3-5,50,31,1,19,0.96875,0.62,0.7560975609756098,0.7560975551605225,50,True,True,0.62,0.02
hinge_A,42,5,16,tractor digging,1,4,10,1,3-5,50,39,14,11,0.7358490566037735,0.78,0.7572815533980582,0.7572815418243408,50,True,True,0.78,0.0
hinge_A,42,5,17,people whispering,1,4,23,1,3-5,50,49,38,1,0.5632183908045977,0.98,0.7153284671532847,0.7153284549713135,50,True,True,0.98,0.0
hinge_A,42,5,18,lathe spinning,1,4,6,1,3-5,50,31,23,19,0.5740740740740741,0.62,0.5961538461538461,0.5961538553237915,50,True,True,0.66,0.1
hinge_A,42,5,19,playing theremin,1,4,85,4,3-5,50,5,11,45,0.3125,0.1,0.15151515151515152,0.1515151560306549,50,True,True,0.1,0.08
hinge_A,42,5,20,playing glockenspiel,2,3,28,2,3-5,50,23,5,27,0.8214285714285714,0.46,0.5897435897435898,0.5897436141967773,50,True,True,0.5,0.12
hinge_A,42,5,21,playing hammond organ,2,3,90,4,3-5,50,2,7,48,0.2222222222222222,0.04,0.06779661016949153,0.06779661029577255,50,True,True,0.06,0.08
hinge_A,42,5,22,police car (siren),2,3,68,3,3-5,50,30,32,20,0.4838709677419355,0.6,0.5357142857142857,0.5357142686843872,50,True,True,0.62,0.02
hinge_A,42,5,23,people cheering,2,3,60,3,3-5,50,37,28,13,0.5692307692307692,0.74,0.6434782608695652,0.643478274345398,50,True,True,0.74,0.0
hinge_A,42,5,24,playing electronic organ,2,3,91,4,3-5,50,7,45,43,0.1346153846153846,0.14,0.13725490196078433,0.13725490868091583,50,True,True,0.14,0.04
hinge_A,42,5,25,bowling impact,2,3,8,1,3-5,50,42,11,8,0.7924528301886793,0.84,0.8155339805825242,0.8155339956283569,50,True,True,0.84,0.0
hinge_A,42,5,26,people marching,2,3,24,1,3-5,50,27,18,23,0.6,0.54,0.5684210526315789,0.5684210658073425,50,True,True,0.54,0.02
hinge_A,42,5,27,playing bass guitar,2,3,81,4,3-5,50,27,56,23,0.3253012048192771,0.54,0.40601503759398494,0.4060150384902954,50,True,True,0.54,0.04
hinge_A,42,5,28,goose honking,2,3,74,3,3-5,50,29,39,21,0.4264705882352941,0.58,0.4915254237288136,0.49152541160583496,50,True,True,0.6,0.04
hinge_A,42,5,29,playing trombone,2,3,69,3,3-5,50,22,48,28,0.3142857142857143,0.44,0.36666666666666664,0.36666667461395264,50,True,True,0.44,0.04
hinge_A,42,5,30,helicopter,3,2,50,3,1-2,50,28,27,22,0.509090909090909,0.56,0.5333333333333333,0.5333333611488342,50,True,True,0.56,0.02
hinge_A,42,5,31,playing erhu,3,2,18,1,1-2,50,30,14,20,0.6818181818181818,0.6,0.6382978723404256,0.6382978558540344,50,True,True,0.6,0.0
hinge_A,42,5,32,dog howling,3,2,29,2,1-2,50,29,20,21,0.5918367346938775,0.58,0.5858585858585859,0.5858585834503174,50,True,True,0.58,0.04
hinge_A,42,5,33,playing synthesizer,3,2,52,3,1-2,50,19,63,31,0.23170731707317074,0.38,0.2878787878787879,0.28787878155708313,50,True,True,0.38,0.04
hinge_A,42,5,34,cat purring,3,2,32,2,1-2,50,23,2,27,0.92,0.46,0.6133333333333333,0.6133333444595337,50,True,True,0.46,0.0
hinge_A,42,5,35,skiing,3,2,1,1,1-2,50,46,10,4,0.8214285714285714,0.92,0.8679245283018868,0.8679245114326477,50,True,True,0.92,0.0
hinge_A,42,5,36,wood thrush calling,3,2,49,2,1-2,50,40,32,10,0.5555555555555556,0.8,0.6557377049180327,0.6557376980781555,50,True,True,0.9,0.14
hinge_A,42,5,37,scuba diving,3,2,0,1,1-2,50,47,4,3,0.9215686274509803,0.94,0.9306930693069307,0.9306930899620056,50,True,True,0.94,0.0
hinge_A,42,5,38,playing tambourine,3,2,36,2,1-2,50,29,29,21,0.5,0.58,0.5370370370370371,0.5370370149612427,50,True,True,0.58,0.02
hinge_A,42,5,39,driving motorcycle,3,2,48,2,1-2,50,19,19,31,0.5,0.38,0.4318181818181818,0.4318181872367859,50,True,True,0.38,0.02
hinge_A,42,5,40,vacuum cleaner cleaning floors,4,1,57,3,1-2,50,27,41,23,0.39705882352941174,0.54,0.4576271186440678,0.4576271176338196,50,True,True,0.54,0.02
hinge_A,42,5,41,playing squash,4,1,4,1,1-2,50,45,28,5,0.6164383561643836,0.9,0.7317073170731707,0.7317073345184326,50,True,True,0.9,0.0
hinge_A,42,5,42,slot machine,4,1,12,1,1-2,50,47,16,3,0.746031746031746,0.94,0.831858407079646,0.8318583965301514,50,True,True,0.94,0.0
hinge_A,42,5,43,beat boxing,4,1,41,2,1-2,50,40,61,10,0.39603960396039606,0.8,0.5298013245033113,0.5298013091087341,50,True,True,0.82,0.02
hinge_A,42,5,44,playing cello,4,1,82,4,1-2,50,19,48,31,0.2835820895522388,0.38,0.3247863247863248,0.32478633522987366,50,True,True,0.42,0.08
hinge_A,42,5,45,playing cornet,4,1,7,1,1-2,50,41,20,9,0.6721311475409836,0.82,0.7387387387387387,0.7387387156486511,50,True,True,0.82,0.02
hinge_A,42,5,46,wind noise,4,1,78,4,1-2,50,29,67,21,0.3020833333333333,0.58,0.3972602739726027,0.39726027846336365,50,True,True,0.58,0.04
hinge_A,42,5,47,"playing steel guitar, slide guitar",4,1,45,2,1-2,50,26,23,24,0.5306122448979592,0.52,0.5252525252525253,0.5252525210380554,50,True,True,0.52,0.0
hinge_A,42,5,48,orchestra,4,1,86,4,1-2,50,28,56,22,0.3333333333333333,0.56,0.417910447761194,0.41791045665740967,50,True,True,0.58,0.06
hinge_A,42,5,49,playing harp,4,1,59,3,1-2,50,30,64,20,0.3191489361702128,0.6,0.4166666666666667,0.4166666567325592,50,True,True,0.6,0.0
hinge_A,42,5,50,roller coaster running,5,0,30,2,new,50,33,6,17,0.8461538461538461,0.66,0.7415730337078652,0.7415730357170105,50,True,True,,
hinge_A,42,5,51,missile launch,5,0,21,1,new,50,19,1,31,0.95,0.38,0.5428571428571428,0.5428571701049805,50,True,True,,
hinge_A,42,5,52,"playing marimba, xylophone",5,0,97,4,new,50,1,15,49,0.0625,0.02,0.030303030303030304,0.03030303120613098,50,True,True,,
hinge_A,42,5,53,airplane flyby,5,0,5,1,new,50,30,2,20,0.9375,0.6,0.7317073170731707,0.7317073345184326,50,True,True,,
hinge_A,42,5,54,playing saxophone,5,0,89,4,new,50,13,25,37,0.34210526315789475,0.26,0.29545454545454547,0.2954545319080353,50,True,True,,
hinge_A,42,5,55,"subway, metro, underground",5,0,33,2,new,50,23,2,27,0.92,0.46,0.6133333333333333,0.6133333444595337,50,True,True,,
hinge_A,42,5,56,arc welding,5,0,17,1,new,50,30,12,20,0.7142857142857143,0.6,0.6521739130434783,0.6521739363670349,50,True,True,,
hinge_A,42,5,57,mynah bird singing,5,0,62,3,new,50,15,12,35,0.5555555555555556,0.3,0.38961038961038963,0.3896103799343109,50,True,True,,
hinge_A,42,5,58,playing piano,5,0,79,4,new,50,6,5,44,0.5454545454545454,0.12,0.19672131147540983,0.19672131538391113,50,True,True,,
hinge_A,42,5,59,playing bongo,5,0,14,1,new,50,28,1,22,0.9655172413793104,0.56,0.7088607594936709,0.7088607549667358,50,True,True,,
hinge_A,42,9,0,playing volleyball,0,9,13,1,6+,50,25,2,25,0.9259259259259259,0.5,0.6493506493506493,0.649350643157959,50,True,True,0.6,0.18
hinge_A,42,9,1,child singing,0,9,88,4,6+,50,10,51,40,0.16393442622950818,0.2,0.18018018018018017,0.18018017709255219,50,True,True,0.2,0.02
hinge_A,42,9,2,"heart sounds, heartbeat",0,9,11,1,6+,50,32,5,18,0.8648648648648649,0.64,0.735632183908046,0.7356321811676025,50,True,True,0.64,0.12
hinge_A,42,9,3,singing bowl,0,9,35,2,6+,50,9,7,41,0.5625,0.18,0.2727272727272727,0.27272728085517883,50,True,True,0.18,0.02
hinge_A,42,9,4,cap gun shooting,0,9,58,3,6+,50,15,23,35,0.39473684210526316,0.3,0.3409090909090909,0.34090909361839294,50,True,True,0.32,0.18
hinge_A,42,9,5,rope skipping,0,9,31,2,6+,50,12,14,38,0.46153846153846156,0.24,0.3157894736842105,0.31578946113586426,50,True,True,0.24,0.02
hinge_A,42,9,6,"child speech, kid speaking",0,9,80,4,6+,50,13,44,37,0.22807017543859648,0.26,0.24299065420560748,0.2429906576871872,50,True,True,0.34,0.14
hinge_A,42,9,7,baby laughter,0,9,37,2,6+,50,11,11,39,0.5,0.22,0.3055555555555556,0.3055555522441864,50,True,True,0.22,0.32
hinge_A,42,9,8,playing table tennis,0,9,3,1,6+,50,35,11,15,0.7608695652173914,0.7,0.7291666666666666,0.7291666865348816,50,True,True,0.72,0.08
hinge_A,42,9,9,lighting firecrackers,0,9,95,4,6+,50,7,24,43,0.22580645161290322,0.14,0.1728395061728395,0.17283950746059418,50,True,True,0.14,0.04
hinge_A,42,9,10,playing bass drum,1,8,44,2,6+,50,24,50,26,0.32432432432432434,0.48,0.3870967741935484,0.3870967626571655,50,True,True,0.5,0.02
hinge_A,42,9,11,playing banjo,1,8,66,3,6+,50,16,39,34,0.2909090909090909,0.32,0.3047619047619048,0.3047619163990021,50,True,True,0.32,0.04
hinge_A,42,9,12,fire truck siren,1,8,72,3,6+,50,14,11,36,0.56,0.28,0.37333333333333335,0.3733333349227905,50,True,True,0.28,0.02
hinge_A,42,9,13,playing bagpipes,1,8,15,1,6+,50,31,6,19,0.8378378378378378,0.62,0.7126436781609196,0.7126436829566956,50,True,True,0.62,0.0
hinge_A,42,9,14,playing french horn,1,8,73,3,6+,50,7,15,43,0.3181818181818182,0.14,0.19444444444444445,0.1944444477558136,50,True,True,0.14,0.02
hinge_A,42,9,15,civil defense siren,1,8,27,2,6+,50,24,3,26,0.8888888888888888,0.48,0.6233766233766234,0.6233766078948975,50,True,True,0.48,0.0
hinge_A,42,9,16,tractor digging,1,8,10,1,6+,50,30,8,20,0.7894736842105263,0.6,0.6818181818181818,0.6818181872367859,50,True,True,0.62,0.04
hinge_A,42,9,17,people whispering,1,8,23,1,6+,50,45,31,5,0.5921052631578947,0.9,0.7142857142857143,0.7142857313156128,50,True,True,0.9,0.0
hinge_A,42,9,18,lathe spinning,1,8,6,1,6+,50,30,23,20,0.5660377358490566,0.6,0.5825242718446602,0.582524299621582,50,True,True,0.6,0.0
hinge_A,42,9,19,playing theremin,1,8,85,4,6+,50,5,14,45,0.2631578947368421,0.1,0.14492753623188406,0.14492753148078918,50,True,True,0.1,0.02
hinge_A,42,9,20,playing glockenspiel,2,7,28,2,6+,50,19,2,31,0.9047619047619048,0.38,0.5352112676056338,0.5352112650871277,50,True,True,0.38,0.06
hinge_A,42,9,21,playing hammond organ,2,7,90,4,6+,50,4,13,46,0.23529411764705882,0.08,0.11940298507462686,0.11940298229455948,50,True,True,0.08,0.02
hinge_A,42,9,22,police car (siren),2,7,68,3,6+,50,20,29,30,0.40816326530612246,0.4,0.40404040404040403,0.4040403962135315,50,True,True,0.44,0.06
hinge_A,42,9,23,people cheering,2,7,60,3,6+,50,9,30,41,0.23076923076923078,0.18,0.20224719101123595,0.20224718749523163,50,True,True,0.34,0.3
hinge_A,42,9,24,playing electronic organ,2,7,91,4,6+,50,6,42,44,0.125,0.12,0.12244897959183673,0.12244898080825806,50,True,True,0.12,0.0
hinge_A,42,9,25,bowling impact,2,7,8,1,6+,50,36,22,14,0.6206896551724138,0.72,0.6666666666666666,0.6666666865348816,50,True,True,0.74,0.08
hinge_A,42,9,26,people marching,2,7,24,1,6+,50,19,18,31,0.5135135135135135,0.38,0.4367816091954023,0.4367816150188446,50,True,True,0.44,0.1
hinge_A,42,9,27,playing bass guitar,2,7,81,4,6+,50,6,27,44,0.18181818181818182,0.12,0.14457831325301204,0.14457830786705017,50,True,True,0.14,0.04
hinge_A,42,9,28,goose honking,2,7,74,3,6+,50,13,60,37,0.1780821917808219,0.26,0.21138211382113822,0.21138212084770203,50,True,True,0.3,0.14
hinge_A,42,9,29,playing trombone,2,7,69,3,6+,50,15,32,35,0.3191489361702128,0.3,0.30927835051546393,0.30927833914756775,50,True,True,0.3,0.04
hinge_A,42,9,30,helicopter,3,6,50,3,6+,50,20,25,30,0.4444444444444444,0.4,0.42105263157894735,0.42105263471603394,50,True,True,0.42,0.04
hinge_A,42,9,31,playing erhu,3,6,18,1,6+,50,29,18,21,0.6170212765957447,0.58,0.5979381443298969,0.5979381203651428,50,True,True,0.58,0.04
hinge_A,42,9,32,dog howling,3,6,29,2,6+,50,10,11,40,0.47619047619047616,0.2,0.28169014084507044,0.28169015049934387,50,True,True,0.2,0.02
hinge_A,42,9,33,playing synthesizer,3,6,52,3,6+,50,10,25,40,0.2857142857142857,0.2,0.23529411764705882,0.23529411852359772,50,True,True,0.2,0.06
hinge_A,42,9,34,cat purring,3,6,32,2,6+,50,14,4,36,0.7777777777777778,0.28,0.4117647058823529,0.4117647111415863,50,True,True,0.32,0.2
hinge_A,42,9,35,skiing,3,6,1,1,6+,50,37,4,13,0.9024390243902439,0.74,0.8131868131868132,0.8131868243217468,50,True,True,0.74,0.02
hinge_A,42,9,36,wood thrush calling,3,6,49,2,6+,50,15,15,35,0.5,0.3,0.375,0.375,50,True,True,0.3,0.0
hinge_A,42,9,37,scuba diving,3,6,0,1,6+,50,40,0,10,1.0,0.8,0.8888888888888888,0.8888888955116272,50,True,True,0.88,0.12
hinge_A,42,9,38,playing tambourine,3,6,36,2,6+,50,24,18,26,0.5714285714285714,0.48,0.5217391304347826,0.52173912525177,50,True,True,0.48,0.0
hinge_A,42,9,39,driving motorcycle,3,6,48,2,6+,50,11,20,39,0.3548387096774194,0.22,0.2716049382716049,0.2716049253940582,50,True,True,0.24,0.04
hinge_A,42,9,40,vacuum cleaner cleaning floors,4,5,57,3,3-5,50,8,8,42,0.5,0.16,0.24242424242424243,0.24242424964904785,50,True,True,0.16,0.08
hinge_A,42,9,41,playing squash,4,5,4,1,3-5,50,23,25,27,0.4791666666666667,0.46,0.46938775510204084,0.4693877696990967,50,True,True,0.48,0.08
hinge_A,42,9,42,slot machine,4,5,12,1,3-5,50,44,11,6,0.8,0.88,0.8380952380952381,0.8380952477455139,50,True,True,0.88,0.0
hinge_A,42,9,43,beat boxing,4,5,41,2,3-5,50,32,43,18,0.4266666666666667,0.64,0.512,0.5120000243186951,50,True,True,0.64,0.0
hinge_A,42,9,44,playing cello,4,5,82,4,3-5,50,11,41,39,0.21153846153846154,0.22,0.21568627450980393,0.21568627655506134,50,True,True,0.22,0.04
hinge_A,42,9,45,playing cornet,4,5,7,1,3-5,50,30,23,20,0.5660377358490566,0.6,0.5825242718446602,0.582524299621582,50,True,True,0.6,0.0
hinge_A,42,9,46,wind noise,4,5,78,4,3-5,50,15,53,35,0.22058823529411764,0.3,0.2542372881355932,0.2542372941970825,50,True,True,0.3,0.06
hinge_A,42,9,47,"playing steel guitar, slide guitar",4,5,45,2,3-5,50,16,9,34,0.64,0.32,0.4266666666666667,0.4266666769981384,50,True,True,0.34,0.06
hinge_A,42,9,48,orchestra,4,5,86,4,3-5,50,12,40,38,0.23076923076923078,0.24,0.23529411764705882,0.23529411852359772,50,True,True,0.24,0.02
hinge_A,42,9,49,playing harp,4,5,59,3,3-5,50,19,25,31,0.4318181818181818,0.38,0.40425531914893614,0.40425533056259155,50,True,True,0.38,0.0
hinge_A,42,9,50,roller coaster running,5,4,30,2,3-5,50,25,9,25,0.7352941176470589,0.5,0.5952380952380952,0.5952380895614624,50,True,True,0.5,0.1
hinge_A,42,9,51,missile launch,5,4,21,1,3-5,50,18,12,32,0.6,0.36,0.45,0.44999998807907104,50,True,True,0.36,0.0
hinge_A,42,9,52,"playing marimba, xylophone",5,4,97,4,3-5,50,6,46,44,0.11538461538461539,0.12,0.11764705882352941,0.11764705926179886,50,True,True,0.12,0.02
hinge_A,42,9,53,airplane flyby,5,4,5,1,3-5,50,36,8,14,0.8181818181818182,0.72,0.7659574468085106,0.7659574747085571,50,True,True,0.72,0.04
hinge_A,42,9,54,playing saxophone,5,4,89,4,3-5,50,14,46,36,0.23333333333333334,0.28,0.2545454545454545,0.2545454502105713,50,True,True,0.28,0.0
hinge_A,42,9,55,"subway, metro, underground",5,4,33,2,3-5,50,28,36,22,0.4375,0.56,0.49122807017543857,0.4912280738353729,50,True,True,0.56,0.0
hinge_A,42,9,56,arc welding,5,4,17,1,3-5,50,24,14,26,0.631578947368421,0.48,0.5454545454545454,0.5454545617103577,50,True,True,0.48,0.0
hinge_A,42,9,57,mynah bird singing,5,4,62,3,3-5,50,15,24,35,0.38461538461538464,0.3,0.33707865168539325,0.33707866072654724,50,True,True,0.3,0.0
hinge_A,42,9,58,playing piano,5,4,79,4,3-5,50,17,37,33,0.3148148148148148,0.34,0.3269230769230769,0.32692307233810425,50,True,True,0.34,0.04
hinge_A,42,9,59,playing bongo,5,4,14,1,3-5,50,37,14,13,0.7254901960784313,0.74,0.7326732673267327,0.7326732873916626,50,True,True,0.8,0.06
hinge_A,42,9,60,"pigeon, dove cooing",6,3,51,3,3-5,50,16,33,34,0.32653061224489793,0.32,0.32323232323232326,0.3232323229312897,50,True,True,0.34,0.24
hinge_A,42,9,61,"race car, auto racing",6,3,47,2,3-5,50,29,20,21,0.5918367346938775,0.58,0.5858585858585859,0.5858585834503174,50,True,True,0.58,0.02
hinge_A,42,9,62,people crowd,6,3,70,3,3-5,50,21,46,29,0.31343283582089554,0.42,0.358974358974359,0.3589743673801422,50,True,True,0.42,0.1
hinge_A,42,9,63,playing vibraphone,6,3,94,4,3-5,50,4,12,46,0.25,0.08,0.12121212121212122,0.12121212482452393,50,True,True,0.08,0.04
hinge_A,42,9,64,playing mandolin,6,3,55,3,3-5,50,18,14,32,0.5625,0.36,0.43902439024390244,0.4390243887901306,50,True,True,0.36,0.0
hinge_A,42,9,65,"female speech, woman speaking",6,3,76,4,3-5,50,15,69,35,0.17857142857142858,0.3,0.22388059701492538,0.2238806039094925,50,True,True,0.4,0.2
hinge_A,42,9,66,volcano explosion,6,3,42,2,3-5,50,26,29,24,0.4727272727272727,0.52,0.49523809523809526,0.4952380955219269,50,True,True,0.52,0.02
hinge_A,42,9,67,ocean burbling,6,3,71,3,3-5,50,7,1,43,0.875,0.14,0.2413793103448276,0.24137930572032928,50,True,True,0.14,0.02
hinge_A,42,9,68,singing choir,6,3,87,4,3-5,50,6,12,44,0.3333333333333333,0.12,0.17647058823529413,0.1764705926179886,50,True,True,0.12,0.02
hinge_A,42,9,69,playing flute,6,3,83,4,3-5,50,9,22,41,0.2903225806451613,0.18,0.2222222222222222,0.2222222238779068,50,True,True,0.2,0.02
hinge_A,42,9,70,playing acoustic guitar,7,2,64,3,1-2,50,28,132,22,0.175,0.56,0.26666666666666666,0.2666666805744171,50,True,True,0.56,0.0
hinge_A,42,9,71,canary calling,7,2,25,2,1-2,50,26,14,24,0.65,0.52,0.5777777777777777,0.5777778029441833,50,True,True,0.52,0.04
hinge_A,42,9,72,pheasant crowing,7,2,53,3,1-2,50,25,24,25,0.5102040816326531,0.5,0.5050505050505051,0.5050504803657532,50,True,True,0.54,0.08
hinge_A,42,9,73,woodpecker pecking tree,7,2,19,1,1-2,50,37,36,13,0.5068493150684932,0.74,0.6016260162601627,0.6016260385513306,50,True,True,0.74,0.0
hinge_A,42,9,74,yodelling,7,2,65,3,1-2,50,25,34,25,0.423728813559322,0.5,0.45871559633027525,0.4587155878543854,50,True,True,0.52,0.04
hinge_A,42,9,75,sharpen knife,7,2,26,2,1-2,50,19,33,31,0.36538461538461536,0.38,0.37254901960784315,0.37254902720451355,50,True,True,0.4,0.1
hinge_A,42,9,76,"playing violin, fiddle",7,2,67,3,1-2,50,13,68,37,0.16049382716049382,0.26,0.1984732824427481,0.19847328960895538,50,True,True,0.26,0.04
hinge_A,42,9,77,printer printing,7,2,39,2,1-2,50,32,37,18,0.463768115942029,0.64,0.5378151260504201,0.5378151535987854,50,True,True,0.66,0.02
hinge_A,42,9,78,planing timber,7,2,38,2,1-2,50,17,4,33,0.8095238095238095,0.34,0.4788732394366197,0.47887325286865234,50,True,True,0.34,0.02
hinge_A,42,9,79,lawn mowing,7,2,46,2,1-2,50,20,27,30,0.425531914893617,0.4,0.41237113402061853,0.41237112879753113,50,True,True,0.4,0.02
hinge_A,42,9,80,"electric shaver, electric razor shaving",8,1,20,1,1-2,50,44,70,6,0.38596491228070173,0.88,0.5365853658536586,0.5365853905677795,50,True,True,0.88,0.0
hinge_A,42,9,81,fireworks banging,8,1,43,2,1-2,50,26,26,24,0.5,0.52,0.5098039215686274,0.5098039507865906,50,True,True,0.52,0.02
hinge_A,42,9,82,tap dancing,8,1,9,1,1-2,50,43,73,7,0.3706896551724138,0.86,0.5180722891566265,0.5180723071098328,50,True,True,0.86,0.0
hinge_A,42,9,83,tapping guitar,8,1,93,4,1-2,50,3,9,47,0.25,0.06,0.0967741935483871,0.09677419066429138,50,True,True,0.06,0.02
hinge_A,42,9,84,stream burbling,8,1,61,3,1-2,50,21,44,29,0.3230769230769231,0.42,0.3652173913043478,0.365217387676239,50,True,True,0.44,0.02
hinge_A,42,9,85,playing bassoon,8,1,16,1,1-2,50,38,73,12,0.34234234234234234,0.76,0.4720496894409938,0.47204968333244324,50,True,True,0.76,0.02
hinge_A,42,9,86,police radio chatter,8,1,22,1,1-2,50,45,69,5,0.39473684210526316,0.9,0.5487804878048781,0.5487805008888245,50,True,True,0.9,0.0
hinge_A,42,9,87,playing sitar,8,1,96,4,1-2,50,6,38,44,0.13636363636363635,0.12,0.1276595744680851,0.12765957415103912,50,True,True,0.12,0.0
hinge_A,42,9,88,playing electric guitar,8,1,84,4,1-2,50,21,260,29,0.07473309608540925,0.42,0.1268882175226586,0.1268882155418396,50,True,True,0.44,0.04
hinge_A,42,9,89,people whistling,8,1,75,4,1-2,50,23,112,27,0.17037037037037037,0.46,0.24864864864864866,0.24864864349365234,50,True,True,0.48,0.14
hinge_A,42,9,90,playing double bass,9,0,34,2,new,50,29,8,21,0.7837837837837838,0.58,0.6666666666666666,0.6666666865348816,50,True,True,,
hinge_A,42,9,91,"male speech, man speaking",9,0,98,4,new,50,10,89,40,0.10101010101010101,0.2,0.1342281879194631,0.1342281848192215,50,True,True,,
hinge_A,42,9,92,playing accordion,9,0,54,3,new,50,3,2,47,0.6,0.06,0.10909090909090909,0.1090909093618393,50,True,True,,
hinge_A,42,9,93,playing tabla,9,0,77,4,new,50,3,8,47,0.2727272727272727,0.06,0.09836065573770492,0.09836065769195557,50,True,True,,
hinge_A,42,9,94,playing clarinet,9,0,92,4,new,50,3,8,47,0.2727272727272727,0.06,0.09836065573770492,0.09836065769195557,50,True,True,,
hinge_A,42,9,95,playing harpsichord,9,0,63,3,new,50,12,2,38,0.8571428571428571,0.24,0.375,0.375,50,True,True,,
hinge_A,42,9,96,hail,9,0,2,1,new,50,42,10,8,0.8076923076923077,0.84,0.8235294117647058,0.8235294222831726,50,True,True,,
hinge_A,42,9,97,playing cymbal,9,0,99,4,new,50,2,1,48,0.6666666666666666,0.04,0.07547169811320754,0.07547169923782349,50,True,True,,
hinge_A,42,9,98,people booing,9,0,56,3,new,50,24,51,26,0.32,0.48,0.384,0.3840000033378601,50,True,True,,
hinge_A,42,9,99,dog growling,9,0,40,2,new,50,22,54,28,0.2894736842105263,0.44,0.3492063492063492,0.3492063581943512,50,True,True,,
hinge_B,42,1,0,playing volleyball,0,1,13,1,1-2,50,45,9,5,0.8333333333333334,0.9,0.8653846153846154,0.8653846383094788,50,True,True,0.9,0.02
hinge_B,42,1,1,child singing,0,1,88,4,1-2,50,32,107,18,0.2302158273381295,0.64,0.3386243386243386,0.33862432837486267,50,True,True,0.68,0.1
hinge_B,42,1,2,"heart sounds, heartbeat",0,1,11,1,1-2,50,43,3,7,0.9347826086956522,0.86,0.8958333333333334,0.8958333134651184,50,True,True,0.9,0.06
hinge_B,42,1,3,singing bowl,0,1,35,2,1-2,50,43,42,7,0.5058823529411764,0.86,0.6370370370370371,0.6370370388031006,50,True,True,0.9,0.06
hinge_B,42,1,4,cap gun shooting,0,1,58,3,1-2,50,22,4,28,0.8461538461538461,0.44,0.5789473684210527,0.5789473652839661,50,True,True,0.54,0.32
hinge_B,42,1,5,rope skipping,0,1,31,2,1-2,50,37,9,13,0.8043478260869565,0.74,0.7708333333333334,0.7708333134651184,50,True,True,0.76,0.08
hinge_B,42,1,6,"child speech, kid speaking",0,1,80,4,1-2,50,30,46,20,0.39473684210526316,0.6,0.47619047619047616,0.4761904776096344,50,True,True,0.72,0.14
hinge_B,42,1,7,baby laughter,0,1,37,2,1-2,50,33,8,17,0.8048780487804879,0.66,0.7252747252747253,0.7252747416496277,50,True,True,0.66,0.02
hinge_B,42,1,8,playing table tennis,0,1,3,1,1-2,50,46,11,4,0.8070175438596491,0.92,0.8598130841121495,0.8598130941390991,50,True,True,0.92,0.04
hinge_B,42,1,9,lighting firecrackers,0,1,95,4,1-2,50,32,26,18,0.5517241379310345,0.64,0.5925925925925926,0.5925925970077515,50,True,True,0.74,0.28
hinge_B,42,1,10,playing bass drum,1,0,44,2,new,50,45,13,5,0.7758620689655172,0.9,0.8333333333333334,0.8333333134651184,50,True,True,,
hinge_B,42,1,11,playing banjo,1,0,66,3,new,50,20,2,30,0.9090909090909091,0.4,0.5555555555555556,0.5555555820465088,50,True,True,,
hinge_B,42,1,12,fire truck siren,1,0,72,3,new,50,34,2,16,0.9444444444444444,0.68,0.7906976744186046,0.7906976938247681,50,True,True,,
hinge_B,42,1,13,playing bagpipes,1,0,15,1,new,50,17,0,33,1.0,0.34,0.5074626865671642,0.5074626803398132,50,True,True,,
hinge_B,42,1,14,playing french horn,1,0,73,3,new,50,16,6,34,0.7272727272727273,0.32,0.4444444444444444,0.4444444477558136,50,True,True,,
hinge_B,42,1,15,civil defense siren,1,0,27,2,new,50,23,1,27,0.9583333333333334,0.46,0.6216216216216216,0.6216216087341309,50,True,True,,
hinge_B,42,1,16,tractor digging,1,0,10,1,new,50,44,4,6,0.9166666666666666,0.88,0.8979591836734694,0.8979591727256775,50,True,True,,
hinge_B,42,1,17,people whispering,1,0,23,1,new,50,49,42,1,0.5384615384615384,0.98,0.6950354609929078,0.695035457611084,50,True,True,,
hinge_B,42,1,18,lathe spinning,1,0,6,1,new,50,42,1,8,0.9767441860465116,0.84,0.9032258064516129,0.9032257795333862,50,True,True,,
hinge_B,42,1,19,playing theremin,1,0,85,4,new,50,8,3,42,0.7272727272727273,0.16,0.26229508196721313,0.26229506731033325,50,True,True,,
hinge_B,42,5,0,playing volleyball,0,5,13,1,3-5,50,35,5,15,0.875,0.7,0.7777777777777778,0.7777777910232544,50,True,True,0.72,0.04
hinge_B,42,5,1,child singing,0,5,88,4,3-5,50,19,19,31,0.5,0.38,0.4318181818181818,0.4318181872367859,50,True,True,0.44,0.12
hinge_B,42,5,2,"heart sounds, heartbeat",0,5,11,1,3-5,50,40,5,10,0.8888888888888888,0.8,0.8421052631578947,0.8421052694320679,50,True,True,0.8,0.0
hinge_B,42,5,3,singing bowl,0,5,35,2,3-5,50,11,10,39,0.5238095238095238,0.22,0.30985915492957744,0.30985915660858154,50,True,True,0.24,0.02
hinge_B,42,5,4,cap gun shooting,0,5,58,3,3-5,50,15,16,35,0.4838709677419355,0.3,0.37037037037037035,0.37037035822868347,50,True,True,0.36,0.1
hinge_B,42,5,5,rope skipping,0,5,31,2,3-5,50,23,12,27,0.6571428571428571,0.46,0.5411764705882353,0.5411764979362488,50,True,True,0.46,0.04
hinge_B,42,5,6,"child speech, kid speaking",0,5,80,4,3-5,50,28,72,22,0.28,0.56,0.37333333333333335,0.3733333349227905,50,True,True,0.56,0.02
hinge_B,42,5,7,baby laughter,0,5,37,2,3-5,50,29,9,21,0.7631578947368421,0.58,0.6590909090909091,0.6590909361839294,50,True,True,0.58,0.0
hinge_B,42,5,8,playing table tennis,0,5,3,1,3-5,50,40,11,10,0.7843137254901961,0.8,0.7920792079207921,0.7920792102813721,50,True,True,0.8,0.0
hinge_B,42,5,9,lighting firecrackers,0,5,95,4,3-5,50,13,22,37,0.37142857142857144,0.26,0.3058823529411765,0.30588236451148987,50,True,True,0.26,0.02
hinge_B,42,5,10,playing bass drum,1,4,44,2,3-5,50,31,30,19,0.5081967213114754,0.62,0.5585585585585585,0.5585585832595825,50,True,True,0.62,0.0
hinge_B,42,5,11,playing banjo,1,4,66,3,3-5,50,28,23,22,0.5490196078431373,0.56,0.5544554455445545,0.5544554591178894,50,True,True,0.56,0.06
hinge_B,42,5,12,fire truck siren,1,4,72,3,3-5,50,13,6,37,0.6842105263157895,0.26,0.37681159420289856,0.37681159377098083,50,True,True,0.26,0.02
hinge_B,42,5,13,playing bagpipes,1,4,15,1,3-5,50,35,2,15,0.9459459459459459,0.7,0.8045977011494253,0.8045976758003235,50,True,True,0.72,0.04
hinge_B,42,5,14,playing french horn,1,4,73,3,3-5,50,18,34,32,0.34615384615384615,0.36,0.35294117647058826,0.3529411852359772,50,True,True,0.36,0.06
hinge_B,42,5,15,civil defense siren,1,4,27,2,3-5,50,29,0,21,1.0,0.58,0.7341772151898734,0.7341772317886353,50,True,True,0.58,0.02
hinge_B,42,5,16,tractor digging,1,4,10,1,3-5,50,40,12,10,0.7692307692307693,0.8,0.7843137254901961,0.7843137383460999,50,True,True,0.8,0.0
hinge_B,42,5,17,people whispering,1,4,23,1,3-5,50,48,44,2,0.5217391304347826,0.96,0.676056338028169,0.6760563254356384,50,True,True,0.96,0.0
hinge_B,42,5,18,lathe spinning,1,4,6,1,3-5,50,32,28,18,0.5333333333333333,0.64,0.5818181818181818,0.581818163394928,50,True,True,0.66,0.12
hinge_B,42,5,19,playing theremin,1,4,85,4,3-5,50,6,9,44,0.4,0.12,0.18461538461538463,0.1846153885126114,50,True,True,0.12,0.04
hinge_B,42,5,20,playing glockenspiel,2,3,28,2,3-5,50,21,4,29,0.84,0.42,0.56,0.5600000023841858,50,True,True,0.44,0.16
hinge_B,42,5,21,playing hammond organ,2,3,90,4,3-5,50,6,14,44,0.3,0.12,0.17142857142857143,0.17142857611179352,50,True,True,0.14,0.06
hinge_B,42,5,22,police car (siren),2,3,68,3,3-5,50,31,33,19,0.484375,0.62,0.543859649122807,0.5438596606254578,50,True,True,0.64,0.02
hinge_B,42,5,23,people cheering,2,3,60,3,3-5,50,39,23,11,0.6290322580645161,0.78,0.6964285714285714,0.6964285969734192,50,True,True,0.78,0.0
hinge_B,42,5,24,playing electronic organ,2,3,91,4,3-5,50,5,43,45,0.10416666666666667,0.1,0.10204081632653061,0.10204081982374191,50,True,True,0.1,0.04
hinge_B,42,5,25,bowling impact,2,3,8,1,3-5,50,43,22,7,0.6615384615384615,0.86,0.7478260869565218,0.747826099395752,50,True,True,0.86,0.02
hinge_B,42,5,26,people marching,2,3,24,1,3-5,50,23,22,27,0.5111111111111111,0.46,0.4842105263157895,0.4842105209827423,50,True,True,0.48,0.02
hinge_B,42,5,27,playing bass guitar,2,3,81,4,3-5,50,27,60,23,0.3103448275862069,0.54,0.39416058394160586,0.39416059851646423,50,True,True,0.54,0.04
hinge_B,42,5,28,goose honking,2,3,74,3,3-5,50,25,40,25,0.38461538461538464,0.5,0.43478260869565216,0.43478259444236755,50,True,True,0.52,0.04
hinge_B,42,5,29,playing trombone,2,3,69,3,3-5,50,20,31,30,0.39215686274509803,0.4,0.39603960396039606,0.39603960514068604,50,True,True,0.4,0.04
hinge_B,42,5,30,helicopter,3,2,50,3,1-2,50,23,22,27,0.5111111111111111,0.46,0.4842105263157895,0.4842105209827423,50,True,True,0.46,0.06
hinge_B,42,5,31,playing erhu,3,2,18,1,1-2,50,34,20,16,0.6296296296296297,0.68,0.6538461538461539,0.6538461446762085,50,True,True,0.68,0.0
hinge_B,42,5,32,dog howling,3,2,29,2,1-2,50,27,22,23,0.5510204081632653,0.54,0.5454545454545454,0.5454545617103577,50,True,True,0.54,0.06
hinge_B,42,5,33,playing synthesizer,3,2,52,3,1-2,50,18,49,32,0.26865671641791045,0.36,0.3076923076923077,0.3076923191547394,50,True,True,0.36,0.0
hinge_B,42,5,34,cat purring,3,2,32,2,1-2,50,21,3,29,0.875,0.42,0.5675675675675675,0.5675675868988037,50,True,True,0.42,0.02
hinge_B,42,5,35,skiing,3,2,1,1,1-2,50,46,7,4,0.8679245283018868,0.92,0.8932038834951457,0.893203854560852,50,True,True,0.92,0.0
hinge_B,42,5,36,wood thrush calling,3,2,49,2,1-2,50,34,27,16,0.5573770491803278,0.68,0.6126126126126126,0.6126126050949097,50,True,True,0.92,0.26
hinge_B,42,5,37,scuba diving,3,2,0,1,1-2,50,46,4,4,0.92,0.92,0.92,0.9200000166893005,50,True,True,0.92,0.0
hinge_B,42,5,38,playing tambourine,3,2,36,2,1-2,50,33,30,17,0.5238095238095238,0.66,0.584070796460177,0.5840708017349243,50,True,True,0.68,0.04
hinge_B,42,5,39,driving motorcycle,3,2,48,2,1-2,50,21,28,29,0.42857142857142855,0.42,0.42424242424242425,0.42424243688583374,50,True,True,0.42,0.02
hinge_B,42,5,40,vacuum cleaner cleaning floors,4,1,57,3,1-2,50,29,40,21,0.42028985507246375,0.58,0.48739495798319327,0.48739495873451233,50,True,True,0.58,0.02
hinge_B,42,5,41,playing squash,4,1,4,1,1-2,50,46,22,4,0.6764705882352942,0.92,0.7796610169491526,0.7796609997749329,50,True,True,0.92,0.0
hinge_B,42,5,42,slot machine,4,1,12,1,1-2,50,47,17,3,0.734375,0.94,0.8245614035087719,0.8245614171028137,50,True,True,0.94,0.0
hinge_B,42,5,43,beat boxing,4,1,41,2,1-2,50,38,58,12,0.3958333333333333,0.76,0.5205479452054794,0.5205479264259338,50,True,True,0.78,0.02
hinge_B,42,5,44,playing cello,4,1,82,4,1-2,50,17,50,33,0.2537313432835821,0.34,0.2905982905982906,0.2905983030796051,50,True,True,0.38,0.1
hinge_B,42,5,45,playing cornet,4,1,7,1,1-2,50,36,11,14,0.7659574468085106,0.72,0.7422680412371134,0.7422680258750916,50,True,True,0.76,0.06
hinge_B,42,5,46,wind noise,4,1,78,4,1-2,50,26,59,24,0.3058823529411765,0.52,0.3851851851851852,0.385185182094574,50,True,True,0.52,0.02
hinge_B,42,5,47,"playing steel guitar, slide guitar",4,1,45,2,1-2,50,27,27,23,0.5,0.54,0.5192307692307693,0.5192307829856873,50,True,True,0.54,0.02
hinge_B,42,5,48,orchestra,4,1,86,4,1-2,50,28,62,22,0.3111111111111111,0.56,0.4,0.4000000059604645,50,True,True,0.58,0.06
hinge_B,42,5,49,playing harp,4,1,59,3,1-2,50,30,82,20,0.26785714285714285,0.6,0.37037037037037035,0.37037035822868347,50,True,True,0.62,0.02
hinge_B,42,5,50,roller coaster running,5,0,30,2,new,50,33,5,17,0.868421052631579,0.66,0.75,0.75,50,True,True,,
hinge_B,42,5,51,missile launch,5,0,21,1,new,50,19,0,31,1.0,0.38,0.5507246376811594,0.5507246255874634,50,True,True,,
hinge_B,42,5,52,"playing marimba, xylophone",5,0,97,4,new,50,1,13,49,0.07142857142857142,0.02,0.03125,0.03125,50,True,True,,
hinge_B,42,5,53,airplane flyby,5,0,5,1,new,50,31,3,19,0.9117647058823529,0.62,0.7380952380952381,0.738095223903656,50,True,True,,
hinge_B,42,5,54,playing saxophone,5,0,89,4,new,50,12,28,38,0.3,0.24,0.26666666666666666,0.2666666805744171,50,True,True,,
hinge_B,42,5,55,"subway, metro, underground",5,0,33,2,new,50,24,3,26,0.8888888888888888,0.48,0.6233766233766234,0.6233766078948975,50,True,True,,
hinge_B,42,5,56,arc welding,5,0,17,1,new,50,29,16,21,0.6444444444444445,0.58,0.6105263157894737,0.6105263233184814,50,True,True,,
hinge_B,42,5,57,mynah bird singing,5,0,62,3,new,50,18,21,32,0.46153846153846156,0.36,0.4044943820224719,0.40449437499046326,50,True,True,,
hinge_B,42,5,58,playing piano,5,0,79,4,new,50,7,8,43,0.4666666666666667,0.14,0.2153846153846154,0.2153846174478531,50,True,True,,
hinge_B,42,5,59,playing bongo,5,0,14,1,new,50,26,2,24,0.9285714285714286,0.52,0.6666666666666666,0.6666666865348816,50,True,True,,
hinge_B,42,9,0,playing volleyball,0,9,13,1,6+,50,25,5,25,0.8333333333333334,0.5,0.625,0.625,50,True,True,0.6,0.16
hinge_B,42,9,1,child singing,0,9,88,4,6+,50,8,37,42,0.17777777777777778,0.16,0.16842105263157894,0.16842105984687805,50,True,True,0.16,0.02
hinge_B,42,9,2,"heart sounds, heartbeat",0,9,11,1,6+,50,35,7,15,0.8333333333333334,0.7,0.7608695652173914,0.760869562625885,50,True,True,0.7,0.12
hinge_B,42,9,3,singing bowl,0,9,35,2,6+,50,9,8,41,0.5294117647058824,0.18,0.26865671641791045,0.26865673065185547,50,True,True,0.18,0.0
hinge_B,42,9,4,cap gun shooting,0,9,58,3,6+,50,13,27,37,0.325,0.26,0.28888888888888886,0.2888889014720917,50,True,True,0.26,0.16
hinge_B,42,9,5,rope skipping,0,9,31,2,6+,50,5,7,45,0.4166666666666667,0.1,0.16129032258064516,0.16129031777381897,50,True,True,0.1,0.0
hinge_B,42,9,6,"child speech, kid speaking",0,9,80,4,6+,50,11,53,39,0.171875,0.22,0.19298245614035087,0.19298245012760162,50,True,True,0.28,0.16
hinge_B,42,9,7,baby laughter,0,9,37,2,6+,50,13,10,37,0.5652173913043478,0.26,0.3561643835616438,0.3561643958091736,50,True,True,0.28,0.14
hinge_B,42,9,8,playing table tennis,0,9,3,1,6+,50,37,20,13,0.6491228070175439,0.74,0.6915887850467289,0.6915887594223022,50,True,True,0.74,0.04
hinge_B,42,9,9,lighting firecrackers,0,9,95,4,6+,50,6,19,44,0.24,0.12,0.16,0.1599999964237213,50,True,True,0.12,0.04
hinge_B,42,9,10,playing bass drum,1,8,44,2,6+,50,26,62,24,0.29545454545454547,0.52,0.37681159420289856,0.37681159377098083,50,True,True,0.52,0.02
hinge_B,42,9,11,playing banjo,1,8,66,3,6+,50,12,42,38,0.2222222222222222,0.24,0.23076923076923078,0.23076923191547394,50,True,True,0.24,0.02
hinge_B,42,9,12,fire truck siren,1,8,72,3,6+,50,14,7,36,0.6666666666666666,0.28,0.39436619718309857,0.39436620473861694,50,True,True,0.28,0.02
hinge_B,42,9,13,playing bagpipes,1,8,15,1,6+,50,28,5,22,0.8484848484848485,0.56,0.6746987951807228,0.6746987700462341,50,True,True,0.56,0.0
hinge_B,42,9,14,playing french horn,1,8,73,3,6+,50,7,15,43,0.3181818181818182,0.14,0.19444444444444445,0.1944444477558136,50,True,True,0.14,0.02
hinge_B,42,9,15,civil defense siren,1,8,27,2,6+,50,26,6,24,0.8125,0.52,0.6341463414634146,0.6341463327407837,50,True,True,0.52,0.0
hinge_B,42,9,16,tractor digging,1,8,10,1,6+,50,29,7,21,0.8055555555555556,0.58,0.6744186046511628,0.6744186282157898,50,True,True,0.58,0.02
hinge_B,42,9,17,people whispering,1,8,23,1,6+,50,44,30,6,0.5945945945945946,0.88,0.7096774193548387,0.7096773982048035,50,True,True,0.88,0.0
hinge_B,42,9,18,lathe spinning,1,8,6,1,6+,50,30,24,20,0.5555555555555556,0.6,0.5769230769230769,0.5769230723381042,50,True,True,0.6,0.0
hinge_B,42,9,19,playing theremin,1,8,85,4,6+,50,5,6,45,0.45454545454545453,0.1,0.16393442622950818,0.16393442451953888,50,True,True,0.1,0.02
hinge_B,42,9,20,playing glockenspiel,2,7,28,2,6+,50,15,4,35,0.7894736842105263,0.3,0.43478260869565216,0.43478259444236755,50,True,True,0.3,0.06
hinge_B,42,9,21,playing hammond organ,2,7,90,4,6+,50,9,23,41,0.28125,0.18,0.21951219512195122,0.2195121943950653,50,True,True,0.18,0.02
hinge_B,42,9,22,police car (siren),2,7,68,3,6+,50,22,35,28,0.38596491228070173,0.44,0.411214953271028,0.4112149477005005,50,True,True,0.44,0.0
hinge_B,42,9,23,people cheering,2,7,60,3,6+,50,10,24,40,0.29411764705882354,0.2,0.23809523809523808,0.2380952388048172,50,True,True,0.28,0.26
hinge_B,42,9,24,playing electronic organ,2,7,91,4,6+,50,6,33,44,0.15384615384615385,0.12,0.1348314606741573,0.13483145833015442,50,True,True,0.12,0.0
hinge_B,42,9,25,bowling impact,2,7,8,1,6+,50,38,24,12,0.6129032258064516,0.76,0.6785714285714286,0.6785714030265808,50,True,True,0.76,0.06
hinge_B,42,9,26,people marching,2,7,24,1,6+,50,13,17,37,0.43333333333333335,0.26,0.325,0.32499998807907104,50,True,True,0.28,0.08
hinge_B,42,9,27,playing bass guitar,2,7,81,4,6+,50,8,31,42,0.20512820512820512,0.16,0.1797752808988764,0.17977528274059296,50,True,True,0.16,0.06
hinge_B,42,9,28,goose honking,2,7,74,3,6+,50,13,44,37,0.22807017543859648,0.26,0.24299065420560748,0.2429906576871872,50,True,True,0.28,0.12
hinge_B,42,9,29,playing trombone,2,7,69,3,6+,50,15,19,35,0.4411764705882353,0.3,0.35714285714285715,0.3571428656578064,50,True,True,0.3,0.0
hinge_B,42,9,30,helicopter,3,6,50,3,6+,50,17,19,33,0.4722222222222222,0.34,0.3953488372093023,0.39534884691238403,50,True,True,0.34,0.04
hinge_B,42,9,31,playing erhu,3,6,18,1,6+,50,30,25,20,0.5454545454545454,0.6,0.5714285714285714,0.5714285969734192,50,True,True,0.62,0.02
hinge_B,42,9,32,dog howling,3,6,29,2,6+,50,13,10,37,0.5652173913043478,0.26,0.3561643835616438,0.3561643958091736,50,True,True,0.26,0.0
hinge_B,42,9,33,playing synthesizer,3,6,52,3,6+,50,6,16,44,0.2727272727272727,0.12,0.16666666666666666,0.1666666716337204,50,True,True,0.12,0.06
hinge_B,42,9,34,cat purring,3,6,32,2,6+,50,13,5,37,0.7222222222222222,0.26,0.38235294117647056,0.38235294818878174,50,True,True,0.3,0.16
hinge_B,42,9,35,skiing,3,6,1,1,6+,50,33,10,17,0.7674418604651163,0.66,0.7096774193548387,0.7096773982048035,50,True,True,0.66,0.02
hinge_B,42,9,36,wood thrush calling,3,6,49,2,6+,50,20,23,30,0.46511627906976744,0.4,0.43010752688172044,0.4301075339317322,50,True,True,0.4,0.0
hinge_B,42,9,37,scuba diving,3,6,0,1,6+,50,36,0,14,1.0,0.72,0.8372093023255814,0.8372092843055725,50,True,True,0.84,0.18
hinge_B,42,9,38,playing tambourine,3,6,36,2,6+,50,20,16,30,0.5555555555555556,0.4,0.46511627906976744,0.4651162922382355,50,True,True,0.4,0.0
hinge_B,42,9,39,driving motorcycle,3,6,48,2,6+,50,11,23,39,0.3235294117647059,0.22,0.2619047619047619,0.261904776096344,50,True,True,0.22,0.06
hinge_B,42,9,40,vacuum cleaner cleaning floors,4,5,57,3,3-5,50,7,9,43,0.4375,0.14,0.21212121212121213,0.21212121844291687,50,True,True,0.14,0.08
hinge_B,42,9,41,playing squash,4,5,4,1,3-5,50,21,27,29,0.4375,0.42,0.42857142857142855,0.4285714328289032,50,True,True,0.42,0.06
hinge_B,42,9,42,slot machine,4,5,12,1,3-5,50,43,8,7,0.8431372549019608,0.86,0.8514851485148515,0.8514851331710815,50,True,True,0.86,0.0
hinge_B,42,9,43,beat boxing,4,5,41,2,3-5,50,29,40,21,0.42028985507246375,0.58,0.48739495798319327,0.48739495873451233,50,True,True,0.58,0.02
hinge_B,42,9,44,playing cello,4,5,82,4,3-5,50,8,27,42,0.22857142857142856,0.16,0.18823529411764706,0.1882352977991104,50,True,True,0.16,0.02
hinge_B,42,9,45,playing cornet,4,5,7,1,3-5,50,27,15,23,0.6428571428571429,0.54,0.5869565217391305,0.5869565010070801,50,True,True,0.56,0.02
hinge_B,42,9,46,wind noise,4,5,78,4,3-5,50,16,46,34,0.25806451612903225,0.32,0.2857142857142857,0.2857142984867096,50,True,True,0.32,0.04
hinge_B,42,9,47,"playing steel guitar, slide guitar",4,5,45,2,3-5,50,18,13,32,0.5806451612903226,0.36,0.4444444444444444,0.4444444477558136,50,True,True,0.36,0.04
hinge_B,42,9,48,orchestra,4,5,86,4,3-5,50,15,43,35,0.25862068965517243,0.3,0.2777777777777778,0.2777777910232544,50,True,True,0.3,0.0
hinge_B,42,9,49,playing harp,4,5,59,3,3-5,50,17,25,33,0.40476190476190477,0.34,0.3695652173913043,0.3695652186870575,50,True,True,0.34,0.04
hinge_B,42,9,50,roller coaster running,5,4,30,2,3-5,50,30,16,20,0.6521739130434783,0.6,0.625,0.625,50,True,True,0.6,0.08
hinge_B,42,9,51,missile launch,5,4,21,1,3-5,50,23,16,27,0.5897435897435898,0.46,0.5168539325842697,0.516853928565979,50,True,True,0.46,0.0
hinge_B,42,9,52,"playing marimba, xylophone",5,4,97,4,3-5,50,6,39,44,0.13333333333333333,0.12,0.12631578947368421,0.12631578743457794,50,True,True,0.12,0.04
hinge_B,42,9,53,airplane flyby,5,4,5,1,3-5,50,35,13,15,0.7291666666666666,0.7,0.7142857142857143,0.7142857313156128,50,True,True,0.7,0.02
hinge_B,42,9,54,playing saxophone,5,4,89,4,3-5,50,14,61,36,0.18666666666666668,0.28,0.224,0.2240000069141388,50,True,True,0.28,0.0
hinge_B,42,9,55,"subway, metro, underground",5,4,33,2,3-5,50,28,32,22,0.4666666666666667,0.56,0.509090909090909,0.5090909004211426,50,True,True,0.56,0.0
hinge_B,42,9,56,arc welding,5,4,17,1,3-5,50,22,21,28,0.5116279069767442,0.44,0.4731182795698925,0.47311827540397644,50,True,True,0.46,0.04
hinge_B,42,9,57,mynah bird singing,5,4,62,3,3-5,50,11,36,39,0.23404255319148937,0.22,0.2268041237113402,0.22680412232875824,50,True,True,0.22,0.0
hinge_B,42,9,58,playing piano,5,4,79,4,3-5,50,15,33,35,0.3125,0.3,0.30612244897959184,0.30612245202064514,50,True,True,0.3,0.04
hinge_B,42,9,59,playing bongo,5,4,14,1,3-5,50,35,19,15,0.6481481481481481,0.7,0.6730769230769231,0.6730769276618958,50,True,True,0.72,0.06
hinge_B,42,9,60,"pigeon, dove cooing",6,3,51,3,3-5,50,20,44,30,0.3125,0.4,0.3508771929824561,0.35087719559669495,50,True,True,0.4,0.18
hinge_B,42,9,61,"race car, auto racing",6,3,47,2,3-5,50,28,33,22,0.45901639344262296,0.56,0.5045045045045045,0.5045045018196106,50,True,True,0.56,0.02
hinge_B,42,9,62,people crowd,6,3,70,3,3-5,50,26,53,24,0.3291139240506329,0.52,0.40310077519379844,0.40310078859329224,50,True,True,0.52,0.1
hinge_B,42,9,63,playing vibraphone,6,3,94,4,3-5,50,4,10,46,0.2857142857142857,0.08,0.125,0.125,50,True,True,0.08,0.04
hinge_B,42,9,64,playing mandolin,6,3,55,3,3-5,50,18,13,32,0.5806451612903226,0.36,0.4444444444444444,0.4444444477558136,50,True,True,0.36,0.0
hinge_B,42,9,65,"female speech, woman speaking",6,3,76,4,3-5,50,16,78,34,0.1702127659574468,0.32,0.2222222222222222,0.2222222238779068,50,True,True,0.44,0.2
hinge_B,42,9,66,volcano explosion,6,3,42,2,3-5,50,27,34,23,0.4426229508196721,0.54,0.4864864864864865,0.4864864945411682,50,True,True,0.54,0.02
hinge_B,42,9,67,ocean burbling,6,3,71,3,3-5,50,8,3,42,0.7272727272727273,0.16,0.26229508196721313,0.26229506731033325,50,True,True,0.16,0.0
hinge_B,42,9,68,singing choir,6,3,87,4,3-5,50,1,8,49,0.1111111111111111,0.02,0.03389830508474576,0.033898305147886276,50,True,True,0.02,0.02
hinge_B,42,9,69,playing flute,6,3,83,4,3-5,50,9,27,41,0.25,0.18,0.20930232558139536,0.20930232107639313,50,True,True,0.2,0.02
hinge_B,42,9,70,playing acoustic guitar,7,2,64,3,1-2,50,28,133,22,0.17391304347826086,0.56,0.26540284360189575,0.2654028534889221,50,True,True,0.56,0.0
hinge_B,42,9,71,canary calling,7,2,25,2,1-2,50,23,12,27,0.6571428571428571,0.46,0.5411764705882353,0.5411764979362488,50,True,True,0.46,0.04
hinge_B,42,9,72,pheasant crowing,7,2,53,3,1-2,50,24,19,26,0.5581395348837209,0.48,0.5161290322580645,0.5161290168762207,50,True,True,0.52,0.06
hinge_B,42,9,73,woodpecker pecking tree,7,2,19,1,1-2,50,38,34,12,0.5277777777777778,0.76,0.6229508196721312,0.6229507923126221,50,True,True,0.76,0.0
hinge_B,42,9,74,yodelling,7,2,65,3,1-2,50,21,33,29,0.3888888888888889,0.42,0.40384615384615385,0.4038461446762085,50,True,True,0.46,0.08
hinge_B,42,9,75,sharpen knife,7,2,26,2,1-2,50,17,32,33,0.3469387755102041,0.34,0.3434343434343434,0.34343433380126953,50,True,True,0.36,0.08
hinge_B,42,9,76,"playing violin, fiddle",7,2,67,3,1-2,50,14,64,36,0.1794871794871795,0.28,0.21875,0.21875,50,True,True,0.28,0.02
hinge_B,42,9,77,printer printing,7,2,39,2,1-2,50,29,35,21,0.453125,0.58,0.5087719298245614,0.5087719559669495,50,True,True,0.6,0.02
hinge_B,42,9,78,planing timber,7,2,38,2,1-2,50,15,7,35,0.6818181818181818,0.3,0.4166666666666667,0.4166666567325592,50,True,True,0.3,0.02
hinge_B,42,9,79,lawn mowing,7,2,46,2,1-2,50,19,36,31,0.34545454545454546,0.38,0.3619047619047619,0.3619047701358795,50,True,True,0.38,0.04
hinge_B,42,9,80,"electric shaver, electric razor shaving",8,1,20,1,1-2,50,44,60,6,0.4230769230769231,0.88,0.5714285714285714,0.5714285969734192,50,True,True,0.9,0.02
hinge_B,42,9,81,fireworks banging,8,1,43,2,1-2,50,29,27,21,0.5178571428571429,0.58,0.5471698113207547,0.5471698045730591,50,True,True,0.58,0.02
hinge_B,42,9,82,tap dancing,8,1,9,1,1-2,50,41,83,9,0.33064516129032256,0.82,0.47126436781609193,0.4712643623352051,50,True,True,0.82,0.0
hinge_B,42,9,83,tapping guitar,8,1,93,4,1-2,50,4,10,46,0.2857142857142857,0.08,0.125,0.125,50,True,True,0.08,0.02
hinge_B,42,9,84,stream burbling,8,1,61,3,1-2,50,20,43,30,0.31746031746031744,0.4,0.35398230088495575,0.3539822995662689,50,True,True,0.4,0.02
hinge_B,42,9,85,playing bassoon,8,1,16,1,1-2,50,40,72,10,0.35714285714285715,0.8,0.49382716049382713,0.4938271641731262,50,True,True,0.8,0.02
hinge_B,42,9,86,police radio chatter,8,1,22,1,1-2,50,45,74,5,0.37815126050420167,0.9,0.5325443786982249,0.5325443744659424,50,True,True,0.9,0.0
hinge_B,42,9,87,playing sitar,8,1,96,4,1-2,50,6,44,44,0.12,0.12,0.12,0.11999999731779099,50,True,True,0.12,0.0
hinge_B,42,9,88,playing electric guitar,8,1,84,4,1-2,50,25,285,25,0.08064516129032258,0.5,0.1388888888888889,0.1388888955116272,50,True,True,0.52,0.04
hinge_B,42,9,89,people whistling,8,1,75,4,1-2,50,25,103,25,0.1953125,0.5,0.2808988764044944,0.2808988690376282,50,True,True,0.52,0.08
hinge_B,42,9,90,playing double bass,9,0,34,2,new,50,21,6,29,0.7777777777777778,0.42,0.5454545454545454,0.5454545617103577,50,True,True,,
hinge_B,42,9,91,"male speech, man speaking",9,0,98,4,new,50,10,75,40,0.11764705882352941,0.2,0.14814814814814814,0.14814814925193787,50,True,True,,
hinge_B,42,9,92,playing accordion,9,0,54,3,new,50,3,1,47,0.75,0.06,0.1111111111111111,0.1111111119389534,50,True,True,,
hinge_B,42,9,93,playing tabla,9,0,77,4,new,50,3,8,47,0.2727272727272727,0.06,0.09836065573770492,0.09836065769195557,50,True,True,,
hinge_B,42,9,94,playing clarinet,9,0,92,4,new,50,2,12,48,0.14285714285714285,0.04,0.0625,0.0625,50,True,True,,
hinge_B,42,9,95,playing harpsichord,9,0,63,3,new,50,10,4,40,0.7142857142857143,0.2,0.3125,0.3125,50,True,True,,
hinge_B,42,9,96,hail,9,0,2,1,new,50,41,7,9,0.8541666666666666,0.82,0.8367346938775511,0.8367347121238708,50,True,True,,
hinge_B,42,9,97,playing cymbal,9,0,99,4,new,50,0,1,50,0.0,0.0,0.0,0.0,50,True,True,,
hinge_B,42,9,98,people booing,9,0,56,3,new,50,25,45,25,0.35714285714285715,0.5,0.4166666666666667,0.4166666567325592,50,True,True,,
hinge_B,42,9,99,dog growling,9,0,40,2,new,50,19,46,31,0.2923076923076923,0.38,0.33043478260869563,0.33043476939201355,50,True,True,,
