config,folder,experiment,penalty,group,lam_cmr,alpha,tolerance,scale,lambda_effective,n,final_accuracy_pct,final_sd_pp,aia_0_9_pct,aia_sd_pp
direct_g005,logs_direct,VGGSound_random_balance_rd_crosssdc_replace_c_trust_only_grid_direct_g005_lc0p03_a0p0_tol0p0_s1p0_h200,direct,grid,0.03,0.0,0.0,1.0,,1,39.56,,56.09499,
direct_g004,logs_direct,VGGSound_random_balance_rd_crosssdc_replace_c_trust_only_grid_direct_g004_lc0p03_a0p5_tol0p0_s1p0_h200,direct,grid,0.03,0.5,0.0,1.0,,3,38.81333333333333,0.9042860904234532,56.07019666666667,0.07451075917834588
direct_g006,logs_direct,VGGSound_random_balance_rd_crosssdc_replace_c_trust_only_grid_direct_g006_lc0p03_a1p0_tol0p0_s1p0_h200,direct,grid,0.03,1.0,0.0,1.0,,3,38.58,0.7670723564306022,55.805503333333334,0.5817567980980844
direct_g002,logs_direct,VGGSound_random_balance_rd_crosssdc_replace_c_trust_only_grid_direct_g002_lc0p1_a0p0_tol0p0_s1p0_h200,direct,grid,0.1,0.0,0.0,1.0,,3,37.13333333333333,0.8787111774259682,54.78461,0.5994521404582672
direct_g001,logs_direct,VGGSound_random_balance_rd_crosssdc_replace_c_trust_only_grid_direct_g001_lc0p1_a0p5_tol0p0_s1p0_h200,direct,grid,0.1,0.5,0.0,1.0,,1,37.44,,54.47558,
direct_g003,logs_direct,VGGSound_random_balance_rd_crosssdc_replace_c_trust_only_grid_direct_g003_lc0p1_a1p0_tol0p0_s1p0_h200,direct,grid,0.1,1.0,0.0,1.0,,1,37.3,,54.9152,
direct_g008,logs_direct,VGGSound_random_balance_rd_crosssdc_replace_c_trust_only_grid_direct_g008_lc0p3_a0p0_tol0p0_s1p0_h200,direct,grid,0.3,0.0,0.0,1.0,,3,37.406666666666666,0.11015141094572292,54.2118,0.07858369741873664
direct_g007,logs_direct,VGGSound_random_balance_rd_crosssdc_replace_c_trust_only_grid_direct_g007_lc0p3_a0p5_tol0p0_s1p0_h200,direct,grid,0.3,0.5,0.0,1.0,,1,38.519999999999996,,54.57464,
direct_g009,logs_direct,VGGSound_random_balance_rd_crosssdc_replace_c_trust_only_grid_direct_g009_lc0p3_a1p0_tol0p0_s1p0_h200,direct,grid,0.3,1.0,0.0,1.0,,3,37.1,0.5031898250163613,53.87181666666667,0.31000748125381483
exp_A_t0.5,logs_exp_selected,VGGSound_random_balance_rd_crosssdc_replace_c_trust_only_tol_focus_v1_exp_A_lc0p03_a0p5_tol0p5_s5p0_h200,exp,A,0.03,0.5,0.5,5.0,0.027145122541078783,3,38.833333333333336,1.6318496662785227,55.50356666666667,0.4950004749829378
exp_A_t2.5,logs_exp_selected,VGGSound_random_balance_rd_crosssdc_replace_c_trust_only_tol_focus_v1_exp_A_lc0p03_a0p5_tol2p5_s5p0_h200,exp,A,0.03,0.5,2.5,5.0,0.018195919791379002,3,39.16666666666667,0.7489548272982377,55.73304666666667,0.44837229021576713
exp_A_t5,logs_exp_selected,VGGSound_random_balance_rd_crosssdc_replace_c_trust_only_tol_focus_v1_exp_A_lc0p03_a0p5_tol5p0_s5p0_h200,exp,A,0.03,0.5,5.0,5.0,0.01103638323514327,3,39.39333333333333,0.7548068185524918,55.86759333333333,0.39350369837313287
exp_B_t0.1,logs_exp_selected,VGGSound_random_balance_rd_crosssdc_replace_c_trust_only_tol_focus_v1_exp_B_lc0p1_a1p0_tol0p1_s1p0_h200,exp,B,0.1,1.0,0.1,1.0,0.09048374180359596,3,37.739999999999995,1.0399999999999983,54.88637333333333,0.7356040144217089
exp_B_t0.5,logs_exp_selected,VGGSound_random_balance_rd_crosssdc_replace_c_trust_only_tol_focus_v1_exp_B_lc0p1_a1p0_tol0p5_s1p0_h200,exp,B,0.1,1.0,0.5,1.0,0.06065306597126335,3,38.32,0.9501578816175755,55.37034333333333,0.2997067150287655
exp_B_t1,logs_exp_selected,VGGSound_random_balance_rd_crosssdc_replace_c_trust_only_tol_focus_v1_exp_B_lc0p1_a1p0_tol1p0_s1p0_h200,exp,B,0.1,1.0,1.0,1.0,0.036787944117144235,3,38.81333333333333,1.0190845565179234,55.45792,0.1674584011030787
hinge_A_t0,logs_hinge_selected,VGGSound_random_balance_rd_crosssdc_replace_c_trust_only_tol_focus_v1_hinge_A_lc0p03_a0p5_tol0p0_s1p0_h200,hinge,A,0.03,0.5,0.0,1.0,,3,39.486666666666665,1.0092241244309035,56.0572,0.5755539841752487
hinge_A_t0.01,logs_hinge_selected,VGGSound_random_balance_rd_crosssdc_replace_c_trust_only_tol_focus_v1_hinge_A_lc0p03_a0p5_tol0p01_s1p0_h200,hinge,A,0.03,0.5,0.01,1.0,,3,40.31333333333333,0.36295086903509494,56.21135,0.25050260836965416
hinge_A_t0.05,logs_hinge_selected,VGGSound_random_balance_rd_crosssdc_replace_c_trust_only_tol_focus_v1_hinge_A_lc0p03_a0p5_tol0p05_s1p0_h200,hinge,A,0.03,0.5,0.05,1.0,,3,39.833333333333336,0.95923580694912,56.15088666666667,0.08260144086717275
hinge_A_t0.1,logs_hinge_selected,VGGSound_random_balance_rd_crosssdc_replace_c_trust_only_tol_focus_v1_hinge_A_lc0p03_a0p5_tol0p1_s1p0_h200,hinge,A,0.03,0.5,0.1,1.0,,3,40.35333333333333,1.3684053980211153,56.17539333333333,0.3245172032933434
hinge_B_t0,logs_hinge_selected,VGGSound_random_balance_rd_crosssdc_replace_c_trust_only_tol_focus_v1_hinge_B_lc0p1_a1p0_tol0p0_s1p0_h200,hinge,B,0.1,1.0,0.0,1.0,,3,39.75333333333333,0.28307831660749444,56.176253333333335,0.18316983985725907
hinge_B_t0.01,logs_hinge_selected,VGGSound_random_balance_rd_crosssdc_replace_c_trust_only_tol_focus_v1_hinge_B_lc0p1_a1p0_tol0p01_s1p0_h200,hinge,B,0.1,1.0,0.01,1.0,,3,39.60666666666666,0.7516204716034108,56.01173,0.4880158899052364
hinge_B_t0.05,logs_hinge_selected,VGGSound_random_balance_rd_crosssdc_replace_c_trust_only_tol_focus_v1_hinge_B_lc0p1_a1p0_tol0p05_s1p0_h200,hinge,B,0.1,1.0,0.05,1.0,,3,39.526666666666664,0.8438799282678389,55.89361666666667,0.09995512309698619
hinge_B_t0.1,logs_hinge_selected,VGGSound_random_balance_rd_crosssdc_replace_c_trust_only_tol_focus_v1_hinge_B_lc0p1_a1p0_tol0p1_s1p0_h200,hinge,B,0.1,1.0,0.1,1.0,,3,40.11333333333334,0.977002217670633,56.10867666666667,0.08470706719827659
log1p_A_t0,logs_log1p_selected,VGGSound_random_balance_rd_crosssdc_replace_c_trust_only_tol_focus_v1_log1p_A_lc0p03_a0p5_tol0p0_s1p0_h200,log1p,A,0.03,0.5,0.0,1.0,,3,39.60666666666667,0.3910669166949981,56.00904333333333,0.17722336198519
log1p_A_t0.01,logs_log1p_selected,VGGSound_random_balance_rd_crosssdc_replace_c_trust_only_tol_focus_v1_log1p_A_lc0p03_a0p5_tol0p01_s1p0_h200,log1p,A,0.03,0.5,0.01,1.0,,3,39.74666666666667,0.86379009795976,56.20802,0.3343785933638706
log1p_A_t0.05,logs_log1p_selected,VGGSound_random_balance_rd_crosssdc_replace_c_trust_only_tol_focus_v1_log1p_A_lc0p03_a0p5_tol0p05_s1p0_h200,log1p,A,0.03,0.5,0.05,1.0,,3,39.946666666666665,0.6213962772123238,56.38277333333333,0.22284544023455616
log1p_A_t0.1,logs_log1p_selected,VGGSound_random_balance_rd_crosssdc_replace_c_trust_only_tol_focus_v1_log1p_A_lc0p03_a0p5_tol0p1_s1p0_h200,log1p,A,0.03,0.5,0.1,1.0,,3,39.98,1.013706071797933,56.069606666666665,0.49283809149997
log1p_B_t0,logs_log1p_selected,VGGSound_random_balance_rd_crosssdc_replace_c_trust_only_tol_focus_v1_log1p_B_lc0p1_a1p0_tol0p0_s1p0_h200,log1p,B,0.1,1.0,0.0,1.0,,3,39.50000000000001,1.1728597529116602,55.96286666666667,0.3159462595653474
log1p_B_t0.01,logs_log1p_selected,VGGSound_random_balance_rd_crosssdc_replace_c_trust_only_tol_focus_v1_log1p_B_lc0p1_a1p0_tol0p01_s1p0_h200,log1p,B,0.1,1.0,0.01,1.0,,3,39.92666666666667,1.5348398396358285,56.09723666666667,0.6333223275973543
log1p_B_t0.05,logs_log1p_selected,VGGSound_random_balance_rd_crosssdc_replace_c_trust_only_tol_focus_v1_log1p_B_lc0p1_a1p0_tol0p05_s1p0_h200,log1p,B,0.1,1.0,0.05,1.0,,3,39.766666666666666,0.6416645021608519,55.92624,0.19849296385514556
log1p_B_t0.1,logs_log1p_selected,VGGSound_random_balance_rd_crosssdc_replace_c_trust_only_tol_focus_v1_log1p_B_lc0p1_a1p0_tol0p1_s1p0_h200,log1p,B,0.1,1.0,0.1,1.0,,3,39.446666666666665,0.9487535682849035,55.94433,0.17015537282143173
