step,after_epoch,active_from_epoch,gate_version,class_id,category_name,counts,scored_counts,reliability_a,reliability_v,valid,eta,previous_gate,raw_gate,audio_gate,visual_gate
7,120,121,27,0,playing volleyball,7,7,0.2929501533508301,0.4474099576473236,True,0.5,0.39291131496429443,0.39568600058555603,0.3942986726760864,0.6057013273239136
7,120,121,27,1,child singing,7,7,0.21831734478473663,0.1473773568868637,True,0.5,0.5881421566009521,0.5969934463500977,0.5925678014755249,0.4074321985244751
7,120,121,27,2,"heart sounds, heartbeat",7,7,0.3630371689796448,0.3111458718776703,True,0.5,0.5363285541534424,0.5384845733642578,0.5374065637588501,0.4625934362411499
7,120,121,27,3,singing bowl,7,7,0.3984956741333008,0.4364801049232483,True,0.5,0.4746944010257721,0.477254182100296,0.47597429156303406,0.5240257084369659
7,120,121,27,4,cap gun shooting,7,7,0.4937635064125061,0.1721847951412201,True,0.5,0.7086999416351318,0.7414442300796509,0.7250720858573914,0.27492791414260864
7,120,121,27,5,rope skipping,7,7,0.22648859024047852,0.44831910729408264,True,0.5,0.34033674001693726,0.3356342911720276,0.3379855155944824,0.6620144844055176
7,120,121,27,6,"child speech, kid speaking",7,7,0.3181954026222229,0.2517010271549225,True,0.5,0.559941291809082,0.55833899974823,0.559140145778656,0.440859854221344
7,120,121,27,7,baby laughter,7,7,0.27913135290145874,0.4293235242366791,True,0.5,0.3965625762939453,0.39400020241737366,0.3952813744544983,0.6047186255455017
7,120,121,27,8,playing table tennis,7,7,0.13989119231700897,0.6456471085548401,True,0.5,0.18159571290016174,0.17808322608470917,0.17983946204185486,0.8201605379581451
7,120,121,27,9,lighting firecrackers,7,7,0.11050254851579666,0.4207267463207245,True,0.5,0.2296152412891388,0.2080128937959671,0.21881407499313354,0.7811859250068665
7,120,121,27,10,playing bass drum,7,7,0.282236784696579,0.17915932834148407,True,0.5,0.6064985394477844,0.6117017269134521,0.6091001033782959,0.3908998966217041
7,120,121,27,11,playing banjo,7,7,0.3736000955104828,0.31299450993537903,True,0.5,0.5620330572128296,0.5441349148750305,0.5530840158462524,0.44691598415374756
7,120,121,27,12,fire truck siren,7,7,0.18747548758983612,0.35430747270584106,True,0.5,0.37113064527511597,0.34603428840637207,0.358582466840744,0.641417533159256
7,120,121,27,13,playing bagpipes,7,7,0.45336422324180603,0.1737215518951416,True,0.5,0.7232800722122192,0.7229700088500977,0.7231250405311584,0.27687495946884155
7,120,121,27,14,playing french horn,7,7,0.19266816973686218,0.20057988166809082,True,0.5,0.4901995062828064,0.4899405539035797,0.49007004499435425,0.5099299550056458
7,120,121,27,15,civil defense siren,7,7,0.4797498881816864,0.15457168221473694,True,0.5,0.7576128244400024,0.7563197016716003,0.756966233253479,0.243033766746521
7,120,121,27,16,tractor digging,7,7,0.37051528692245483,0.43022552132606506,True,0.5,0.46219441294670105,0.46271562576293945,0.46245503425598145,0.5375449657440186
7,120,121,27,17,people whispering,7,7,0.6664764285087585,0.49577876925468445,True,0.5,0.5571783781051636,0.5734338164329529,0.5653060674667358,0.43469393253326416
7,120,121,27,18,lathe spinning,7,7,0.2567891478538513,0.39556407928466797,True,0.5,0.40202251076698303,0.3936351239681244,0.3978288173675537,0.6021711826324463
7,120,121,27,19,playing theremin,7,7,0.23204167187213898,0.1951526403427124,True,0.5,0.5355260372161865,0.5431759357452393,0.5393509864807129,0.4606490135192871
7,120,121,27,20,playing glockenspiel,7,7,0.5630598664283752,0.2700502276420593,True,0.5,0.6605231165885925,0.67585289478302,0.6681879758834839,0.3318120241165161
7,120,121,27,21,playing hammond organ,7,7,0.1794046014547348,0.6156466603279114,True,0.5,0.23555612564086914,0.2256516069173813,0.2306038737297058,0.7693961262702942
7,120,121,27,22,police car (siren),7,7,0.34854426980018616,0.151759073138237,True,0.5,0.6893802285194397,0.69666588306427,0.6930230855941772,0.30697691440582275
7,120,121,27,23,people cheering,7,7,0.23994854092597961,0.21952112019062042,True,0.5,0.5523159503936768,0.5222293138504028,0.5372726321220398,0.4627273678779602
7,120,121,27,24,playing electronic organ,7,7,0.16509851813316345,0.29387545585632324,True,0.5,0.3728978633880615,0.359712153673172,0.36630499362945557,0.6336950063705444
7,120,121,27,25,bowling impact,7,7,0.0840902179479599,0.5090551972389221,True,0.5,0.14806519448757172,0.14176999032497406,0.1449175924062729,0.8550824075937271
7,120,121,27,26,people marching,7,7,0.3323318660259247,0.39052873849868774,True,0.5,0.4766389727592468,0.45974546670913696,0.4681922197341919,0.5318077802658081
7,120,121,27,27,playing bass guitar,7,7,0.34863096475601196,0.3302660584449768,True,0.5,0.5032426118850708,0.5135255455970764,0.508384108543396,0.491615891456604
7,120,121,27,28,goose honking,7,7,0.1348564177751541,0.32900577783584595,True,0.5,0.3026621639728546,0.2907251715660095,0.29669368267059326,0.7033063173294067
7,120,121,27,29,playing trombone,7,7,0.2531566023826599,0.14541150629520416,True,0.5,0.6393064260482788,0.635165274143219,0.6372358798980713,0.3627641201019287
7,120,121,27,30,helicopter,7,7,0.29402098059654236,0.2608508765697479,True,0.5,0.5409631729125977,0.5298898816108704,0.5354264974594116,0.4645735025405884
7,120,121,27,31,playing erhu,7,7,0.25530120730400085,0.3465576171875,True,0.5,0.42339831590652466,0.4241878390312195,0.42379307746887207,0.5762069225311279
7,120,121,27,32,dog howling,7,7,0.339996874332428,0.32551640272140503,True,0.5,0.5134971141815186,0.5108791589736938,0.5121881365776062,0.4878118634223938
7,120,121,27,33,playing synthesizer,7,7,0.06402717530727386,0.1942814141511917,True,0.5,0.26008328795433044,0.24787087738513947,0.25397709012031555,0.7460229098796844
7,120,121,27,34,cat purring,7,7,0.5295351147651672,0.5021913647651672,True,0.5,0.516959547996521,0.5132514238357544,0.5151054859161377,0.4848945140838623
7,120,121,27,35,skiing,7,7,0.15016160905361176,0.5648964047431946,True,0.5,0.20653636753559113,0.2099991887807846,0.20826777815818787,0.7917322218418121
7,120,121,27,36,wood thrush calling,7,7,0.2246807962656021,0.2713771462440491,True,0.5,0.46288979053497314,0.45293256640434265,0.4579111933708191,0.5420888066291809
7,120,121,27,37,scuba diving,7,7,0.46423056721687317,0.7120703458786011,True,0.5,0.38059157133102417,0.3946529030799866,0.38762223720550537,0.6123777627944946
7,120,121,27,38,playing tambourine,7,7,0.2632777690887451,0.21306373178958893,True,0.5,0.5401706695556641,0.5527080297470093,0.5464393496513367,0.45356065034866333
7,120,121,27,39,driving motorcycle,7,7,0.3605343997478485,0.13438032567501068,True,0.5,0.7373725175857544,0.7284778356552124,0.7329251766204834,0.2670748233795166
7,120,121,27,40,vacuum cleaner cleaning floors,7,7,0.1100204661488533,0.24716082215309143,True,0.5,0.32997384667396545,0.30802416801452637,0.3189989924430847,0.6810010075569153
7,120,121,27,41,playing squash,7,7,0.12665560841560364,0.5537281036376953,True,0.5,0.17747706174850464,0.18615321815013885,0.18181514739990234,0.8181848526000977
7,120,121,27,42,slot machine,7,7,0.05455746129155159,0.6900454759597778,True,0.5,0.07726459205150604,0.07327054440975189,0.07526756823062897,0.924732431769371
7,120,121,27,43,beat boxing,7,7,0.2878076732158661,0.1732826679944992,True,0.5,0.6222497224807739,0.6241893768310547,0.6232195496559143,0.3767804503440857
7,120,121,27,44,playing cello,7,7,0.19254812598228455,0.19434486329555511,True,0.5,0.5025014877319336,0.4976780116558075,0.5000897645950317,0.49991023540496826
7,120,121,27,45,playing cornet,7,7,0.1040736585855484,0.2809571623802185,True,0.5,0.31674012541770935,0.2702995538711548,0.29351985454559326,0.7064801454544067
7,120,121,27,46,wind noise,7,7,0.29690542817115784,0.2684081196784973,True,0.5,0.5342288613319397,0.5252048373222351,0.5297168493270874,0.4702831506729126
7,120,121,27,47,"playing steel guitar, slide guitar",7,7,0.11115372180938721,0.4096415340900421,True,0.5,0.21977320313453674,0.2134307622909546,0.21660198271274567,0.7833980172872543
7,120,121,27,48,orchestra,7,7,0.183539018034935,0.25081759691238403,True,0.5,0.4464486241340637,0.42255374789237976,0.43450117111206055,0.5654988288879395
7,120,121,27,49,playing harp,7,7,0.22377672791481018,0.37947264313697815,True,0.5,0.3698534667491913,0.3709522783756256,0.37040287256240845,0.6295971274375916
7,120,121,27,50,roller coaster running,7,7,0.1633167713880539,0.3534538149833679,True,0.5,0.3247135877609253,0.31603339314460754,0.3203734755516052,0.6796265244483948
7,120,121,27,51,missile launch,7,7,0.10116350650787354,0.32251015305519104,True,0.5,0.2620023787021637,0.23877695202827454,0.2503896653652191,0.7496103346347809
7,120,121,27,52,"playing marimba, xylophone",7,7,0.20847083628177643,0.3481920063495636,True,0.5,0.3882867693901062,0.3745010793209076,0.3813939094543457,0.6186060905456543
7,120,121,27,53,airplane flyby,7,7,0.1949128955602646,0.4744027554988861,True,0.5,0.28521662950515747,0.2912122309207916,0.28821444511413574,0.7117855548858643
7,120,121,27,54,playing saxophone,7,7,0.15559004247188568,0.23913796246051788,True,0.5,0.4059017300605774,0.39417025446891785,0.4000359773635864,0.5999640226364136
7,120,121,27,55,"subway, metro, underground",7,7,0.3985448479652405,0.33841750025749207,True,0.5,0.5344542264938354,0.5407940745353699,0.5376241207122803,0.4623758792877197
7,120,121,27,56,arc welding,7,7,0.14473727345466614,0.18301841616630554,True,0.5,0.45473819971084595,0.44160109758377075,0.44816964864730835,0.5518303513526917
7,120,121,27,57,mynah bird singing,7,7,0.19649817049503326,0.14025509357452393,True,0.5,0.5840195417404175,0.5835078954696655,0.5837637186050415,0.4162362813949585
7,120,121,27,58,playing piano,7,7,0.14968226850032806,0.2109309881925583,True,0.5,0.4099641442298889,0.41507700085639954,0.4125205874443054,0.5874794125556946
7,120,121,27,59,playing bongo,7,7,0.4061512053012848,0.19939105212688446,True,0.5,0.6284406185150146,0.6707231402397156,0.6495819091796875,0.3504180908203125
7,120,121,27,60,"pigeon, dove cooing",7,7,0.42277923226356506,0.2713491916656494,True,0.5,0.5945028066635132,0.6090793013572693,0.6017910242080688,0.39820897579193115
7,120,121,27,61,"race car, auto racing",7,7,0.20214171707630157,0.18699778616428375,True,0.5,0.5162615776062012,0.5194582343101501,0.517859935760498,0.48214006423950195
7,120,121,27,62,people crowd,7,7,0.35716915130615234,0.23043689131736755,True,0.5,0.6154896020889282,0.6078377366065979,0.6116636991500854,0.38833630084991455
7,120,121,27,63,playing vibraphone,7,7,0.33819350600242615,0.3070932924747467,True,0.5,0.49846917390823364,0.5240979790687561,0.5112835764884949,0.4887164235115051
7,120,121,27,64,playing mandolin,7,7,0.18761669099330902,0.23167899250984192,True,0.5,0.447269469499588,0.4474567770957947,0.44736313819885254,0.5526368618011475
7,120,121,27,65,"female speech, woman speaking",7,7,0.3634859621524811,0.17857816815376282,True,0.5,0.6437780261039734,0.6705589890480042,0.6571685075759888,0.34283149242401123
7,120,121,27,66,volcano explosion,7,7,0.22527417540550232,0.3308131694793701,True,0.5,0.4157387614250183,0.40510571002960205,0.4104222357273102,0.5895777642726898
7,120,121,27,67,ocean burbling,7,7,0.24713930487632751,0.2957017123699188,True,0.5,0.45712924003601074,0.4552701413631439,0.4561997056007385,0.5438002943992615
7,120,121,27,68,singing choir,7,7,0.20845095813274384,0.29332658648490906,True,0.5,0.4307192265987396,0.41542506217956543,0.4230721592903137,0.5769278407096863
7,120,121,27,69,playing flute,7,7,0.14834997057914734,0.105382539331913,True,0.5,0.5433024168014526,0.5846707224845886,0.5639865398406982,0.43601346015930176
7,120,121,27,70,playing acoustic guitar,125,125,0.17305612564086914,0.2843657433986664,True,0.5,0.416292667388916,0.3783293664455414,0.3973110318183899,0.6026889681816101
7,120,121,27,71,canary calling,125,125,0.22686240077018738,0.3696542978286743,True,0.5,0.3969884514808655,0.38031187653541565,0.38865017890930176,0.6113498210906982
7,120,121,27,72,pheasant crowing,125,125,0.16613949835300446,0.3511311411857605,True,0.5,0.35897529125213623,0.3211848735809326,0.3400800824165344,0.6599199175834656
7,120,121,27,73,woodpecker pecking tree,125,125,0.3486008644104004,0.47016966342926025,True,0.5,0.43872588872909546,0.4257613718509674,0.4322436451911926,0.5677563548088074
7,120,121,27,74,yodelling,125,125,0.1700056940317154,0.16097185015678406,True,0.5,0.5143940448760986,0.513647198677063,0.5140206217765808,0.4859793782234192
7,120,121,27,75,sharpen knife,125,125,0.19993403553962708,0.35545238852500916,True,0.5,0.3814214766025543,0.3599908649921417,0.370706170797348,0.629293829202652
7,120,121,27,76,"playing violin, fiddle",125,125,0.19505685567855835,0.24371996521949768,True,0.5,0.4722697138786316,0.4445468485355377,0.45840829610824585,0.5415917038917542
7,120,121,27,77,printer printing,125,125,0.22226551175117493,0.31695759296417236,True,0.5,0.42912784218788147,0.4121958315372467,0.4206618368625641,0.5793381631374359
7,120,121,27,78,planing timber,125,125,0.1453905701637268,0.27661922574043274,True,0.5,0.3765965700149536,0.34451940655708313,0.3605579733848572,0.6394420266151428
7,120,121,27,79,lawn mowing,125,125,0.30660921335220337,0.25702059268951416,True,0.5,0.5339870452880859,0.543990433216095,0.5389887094497681,0.46101129055023193
