run,step,other_component,cosine_mean,cosine_min,cosine_max,negative_batches
A,1,ce,0.18708359891093113,0.09382254410890922,0.269068115161552,0
A,1,kd,0.1497470826159108,0.10128040441965487,0.18824938660746482,0
A,1,instance_contrastive,0.07720839874775887,0.040306738198906206,0.14569856015694446,0
A,1,class_contrastive,0.008693258734858706,0.0005825015664907065,0.01444728437847763,0
A,1,cross_sdc_i,0.043674886855689335,0.02620080203331019,0.05614633071387428,0
A,1,attn_spatial,-0.15788221994707094,-0.1686554785800202,-0.15093724744306336,3
A,1,attn_temporal,-0.14509910450388377,-0.16334403506316367,-0.12216621340361727,3
A,5,ce,0.09443489280614928,0.012399931874528708,0.15128558977005324,0
A,5,kd,0.08187474518936552,0.06288206306550402,0.11475955135777648,0
A,5,instance_contrastive,0.35274105651285426,0.2975447454356396,0.3995893052975224,0
A,5,class_contrastive,-0.07921113654846396,-0.09699992332294927,-0.04524825126719113,3
A,5,cross_sdc_i,0.2541016109432191,0.20126781257626206,0.329762070704117,0
A,5,attn_spatial,-0.03152438276144108,-0.07468601554301277,9.46370309981526e-07,2
A,5,attn_temporal,-0.039552842664418324,-0.09771604416844812,-0.0009515456426241577,3
A,9,ce,0.07715952974062903,0.05745253778532896,0.11376109839849409,0
A,9,kd,0.028352213593684016,-0.05428832748108674,0.10893748811676665,1
A,9,instance_contrastive,0.2945607875831083,0.2671456304622008,0.3443377221260842,0
A,9,class_contrastive,-0.07741832339645394,-0.1008955145833226,-0.058835701850939066,3
A,9,cross_sdc_i,0.24411991790017956,0.20122189499450419,0.2982990748950539,0
A,9,attn_spatial,-0.024735287296275582,-0.03275965743121658,-0.010898958810464663,3
A,9,attn_temporal,-0.03338650916577003,-0.05221897171625189,-0.003951836883310324,3
B,1,ce,0.16780974013149624,0.09423815677952246,0.22258456251196523,0
B,1,kd,0.12256984712508559,0.07082946873024897,0.22327845576558375,0
B,1,instance_contrastive,0.09058787981697432,0.014460200788313685,0.1754203902213779,0
B,1,class_contrastive,0.04592497498131002,-0.041873521557628704,0.0944954096120592,1
B,1,cross_sdc_i,0.025471271440869296,0.01654453421014862,0.043268505539322676,0
B,1,attn_spatial,-0.1196129915360394,-0.18991814398582615,-0.02458825650667377,3
B,1,attn_temporal,-0.10280457180187656,-0.22276979612971737,0.03692674359532923,2
B,5,ce,0.09296735932633626,0.05645892102979469,0.11927174132050579,0
B,5,kd,0.07515499636883449,0.05612737494604995,0.1128036954755651,0
B,5,instance_contrastive,0.3263096831383772,0.3044650556438754,0.3641275366643514,0
B,5,class_contrastive,-0.04573450049523452,-0.08183265726530135,-0.024477289712579897,3
B,5,cross_sdc_i,0.27334943749301766,0.21810456132007514,0.34479968357909735,0
B,5,attn_spatial,-0.0013128841657699664,-0.016686417140824517,0.020829536134501628,2
B,5,attn_temporal,-0.009011350504239925,-0.047642823530059296,0.0328640717237495,2
B,9,ce,0.07306497957717605,0.05699628004054237,0.08605883308849833,0
B,9,kd,0.05162441324430159,0.011526876273688544,0.10044279844654895,0
B,9,instance_contrastive,0.28197994353795447,0.2590872881208374,0.30606302679774666,0
B,9,class_contrastive,-0.05491934944804209,-0.08793271315255564,-0.03058331938792532,3
B,9,cross_sdc_i,0.23631118452580832,0.2009519131296055,0.30562066413742456,0
B,9,attn_spatial,-0.014243513936327773,-0.02522334000572292,0.0025189674021701323,2
B,9,attn_temporal,-0.02492610721610461,-0.04502203747478686,-0.0024059555303932363,3
