step,class_id,category_name,first_seen_step,support,tp,fp,fn,precision,recall,f1,best_f1,forget_f1,forgetting,overall_acc
0,0,playing volleyball,0,50,42,6,8,0.875,0.8399999737739563,0.8571428656578064,0.8571428656578064,0.0,0.0,0.7799999713897705
0,1,child singing,0,50,33,8,17,0.8048780560493469,0.6600000262260437,0.7252747416496277,0.7252747416496277,0.0,0.0,0.7799999713897705
0,2,"heart sounds, heartbeat",0,50,47,3,3,0.9399999976158142,0.9399999976158142,0.9399999976158142,0.9399999976158142,0.0,0.0,0.7799999713897705
0,3,singing bowl,0,50,46,4,4,0.9200000166893005,0.9200000166893005,0.9200000166893005,0.9200000166893005,0.0,0.0,0.7799999713897705
0,4,cap gun shooting,0,50,29,10,21,0.7435897588729858,0.5799999833106995,0.6516854166984558,0.6516854166984558,0.0,0.0,0.7799999713897705
0,5,rope skipping,0,50,42,7,8,0.8571428656578064,0.8399999737739563,0.8484848737716675,0.8484848737716675,0.0,0.0,0.7799999713897705
0,6,"child speech, kid speaking",0,50,37,43,13,0.4625000059604645,0.7400000095367432,0.5692307949066162,0.5692307949066162,0.0,0.0,0.7799999713897705
0,7,baby laughter,0,50,32,6,18,0.8421052694320679,0.6399999856948853,0.7272727489471436,0.7272727489471436,0.0,0.0,0.7799999713897705
0,8,playing table tennis,0,50,44,5,6,0.8979591727256775,0.8799999952316284,0.8888888955116272,0.8888888955116272,0.0,0.0,0.7799999713897705
0,9,lighting firecrackers,0,50,38,18,12,0.6785714030265808,0.7599999904632568,0.7169811129570007,0.7169811129570007,0.0,0.0,0.7799999713897705
1,0,playing volleyball,0,50,42,7,8,0.8571428656578064,0.8399999737739563,0.8484848737716675,0.8571428656578064,0.008657991886138916,0.0559999942779541,0.6679999828338623
1,1,child singing,0,50,32,97,18,0.24806201457977295,0.6399999856948853,0.35754188895225525,0.7252747416496277,0.36773285269737244,0.0559999942779541,0.6679999828338623
1,2,"heart sounds, heartbeat",0,50,44,1,6,0.9777777791023254,0.8799999952316284,0.9263157844543457,0.9399999976158142,0.013684213161468506,0.0559999942779541,0.6679999828338623
1,3,singing bowl,0,50,44,45,6,0.49438202381134033,0.8799999952316284,0.633093535900116,0.9200000166893005,0.28690648078918457,0.0559999942779541,0.6679999828338623
1,4,cap gun shooting,0,50,22,6,28,0.7857142686843872,0.4399999976158142,0.5641025900840759,0.6516854166984558,0.08758282661437988,0.0559999942779541,0.6679999828338623
1,5,rope skipping,0,50,42,10,8,0.807692289352417,0.8399999737739563,0.8235294222831726,0.8484848737716675,0.024955451488494873,0.0559999942779541,0.6679999828338623
1,6,"child speech, kid speaking",0,50,27,37,23,0.421875,0.5400000214576721,0.4736842215061188,0.5692307949066162,0.09554657340049744,0.0559999942779541,0.6679999828338623
1,7,baby laughter,0,50,30,6,20,0.8333333134651184,0.6000000238418579,0.6976743936538696,0.7272727489471436,0.029598355293273926,0.0559999942779541,0.6679999828338623
1,8,playing table tennis,0,50,45,2,5,0.957446813583374,0.8999999761581421,0.9278350472450256,0.9278350472450256,-0.03894615173339844,0.0559999942779541,0.6679999828338623
1,9,lighting firecrackers,0,50,34,30,16,0.53125,0.6800000071525574,0.5964912176132202,0.7169811129570007,0.12048989534378052,0.0559999942779541,0.6679999828338623
1,10,playing bass drum,1,50,45,19,5,0.703125,0.8999999761581421,0.7894737124443054,0.7894737124443054,0.0,0.0559999942779541,0.6679999828338623
1,11,playing banjo,1,50,24,3,26,0.8888888955116272,0.47999998927116394,0.6233766078948975,0.6233766078948975,0.0,0.0559999942779541,0.6679999828338623
1,12,fire truck siren,1,50,34,3,16,0.9189189076423645,0.6800000071525574,0.7816091775894165,0.7816091775894165,0.0,0.0559999942779541,0.6679999828338623
1,13,playing bagpipes,1,50,22,0,28,1.0,0.4399999976158142,0.6111111044883728,0.6111111044883728,0.0,0.0559999942779541,0.6679999828338623
1,14,playing french horn,1,50,11,6,39,0.6470588445663452,0.2199999988079071,0.3283582031726837,0.3283582031726837,0.0,0.0559999942779541,0.6679999828338623
1,15,civil defense siren,1,50,22,0,28,1.0,0.4399999976158142,0.6111111044883728,0.6111111044883728,0.0,0.0559999942779541,0.6679999828338623
1,16,tractor digging,1,50,47,3,3,0.9399999976158142,0.9399999976158142,0.9399999976158142,0.9399999976158142,0.0,0.0559999942779541,0.6679999828338623
1,17,people whispering,1,50,50,50,0,0.5,1.0,0.6666666865348816,0.6666666865348816,0.0,0.0559999942779541,0.6679999828338623
1,18,lathe spinning,1,50,42,2,8,0.9545454382896423,0.8399999737739563,0.8936170339584351,0.8936170339584351,0.0,0.0559999942779541,0.6679999828338623
1,19,playing theremin,1,50,9,5,41,0.6428571343421936,0.18000000715255737,0.28125,0.28125,0.0,0.0559999942779541,0.6679999828338623
2,0,playing volleyball,0,50,43,21,7,0.671875,0.8600000143051147,0.7543859481811523,0.8571428656578064,0.10275691747665405,-0.04399999976158142,0.6286666393280029
2,1,child singing,0,50,26,26,24,0.5,0.5199999809265137,0.5098039507865906,0.7252747416496277,0.2154707908630371,-0.04399999976158142,0.6286666393280029
2,2,"heart sounds, heartbeat",0,50,43,0,7,1.0,0.8600000143051147,0.9247311949729919,0.9399999976158142,0.015268802642822266,-0.04399999976158142,0.6286666393280029
2,3,singing bowl,0,50,39,20,11,0.6610169410705566,0.7799999713897705,0.7155963182449341,0.9200000166893005,0.20440369844436646,-0.04399999976158142,0.6286666393280029
2,4,cap gun shooting,0,50,21,10,29,0.6774193644523621,0.41999998688697815,0.5185185074806213,0.6516854166984558,0.13316690921783447,-0.04399999976158142,0.6286666393280029
2,5,rope skipping,0,50,38,23,12,0.6229507923126221,0.7599999904632568,0.684684693813324,0.8484848737716675,0.1638001799583435,-0.04399999976158142,0.6286666393280029
2,6,"child speech, kid speaking",0,50,34,58,16,0.3695652186870575,0.6800000071525574,0.47887325286865234,0.5692307949066162,0.09035754203796387,-0.04399999976158142,0.6286666393280029
2,7,baby laughter,0,50,32,5,18,0.8648648858070374,0.6399999856948853,0.7356321811676025,0.7356321811676025,-0.008359432220458984,-0.04399999976158142,0.6286666393280029
2,8,playing table tennis,0,50,45,2,5,0.957446813583374,0.8999999761581421,0.9278350472450256,0.9278350472450256,0.0,-0.04399999976158142,0.6286666393280029
2,9,lighting firecrackers,0,50,27,30,23,0.4736842215061188,0.5400000214576721,0.5046728849411011,0.7169811129570007,0.21230822801589966,-0.04399999976158142,0.6286666393280029
2,10,playing bass drum,1,50,46,43,4,0.516853928565979,0.9200000166893005,0.6618704795837402,0.7894737124443054,0.12760323286056519,-0.04399999976158142,0.6286666393280029
2,11,playing banjo,1,50,36,28,14,0.5625,0.7200000286102295,0.6315789222717285,0.6315789222717285,-0.008202314376831055,-0.04399999976158142,0.6286666393280029
2,12,fire truck siren,1,50,36,31,14,0.5373134613037109,0.7200000286102295,0.6153846383094788,0.7816091775894165,0.16622453927993774,-0.04399999976158142,0.6286666393280029
2,13,playing bagpipes,1,50,40,13,10,0.7547169923782349,0.800000011920929,0.7766990065574646,0.7766990065574646,-0.1655879020690918,-0.04399999976158142,0.6286666393280029
2,14,playing french horn,1,50,35,83,15,0.29661017656326294,0.699999988079071,0.4166666567325592,0.4166666567325592,-0.08830845355987549,-0.04399999976158142,0.6286666393280029
2,15,civil defense siren,1,50,35,8,15,0.8139534592628479,0.699999988079071,0.7526881694793701,0.7526881694793701,-0.14157706499099731,-0.04399999976158142,0.6286666393280029
2,16,tractor digging,1,50,50,7,0,0.8771929740905762,1.0,0.9345794320106506,0.9399999976158142,0.005420565605163574,-0.04399999976158142,0.6286666393280029
2,17,people whispering,1,50,48,21,2,0.695652186870575,0.9599999785423279,0.8067227005958557,0.8067227005958557,-0.14005601406097412,-0.04399999976158142,0.6286666393280029
2,18,lathe spinning,1,50,43,5,7,0.8958333134651184,0.8600000143051147,0.8775510191917419,0.8936170339584351,0.016066014766693115,-0.04399999976158142,0.6286666393280029
2,19,playing theremin,1,50,23,57,27,0.2874999940395355,0.46000000834465027,0.35384616255760193,0.35384616255760193,-0.07259616255760193,-0.04399999976158142,0.6286666393280029
2,20,playing glockenspiel,2,50,26,1,24,0.9629629850387573,0.5199999809265137,0.6753246784210205,0.6753246784210205,0.0,-0.04399999976158142,0.6286666393280029
2,21,playing hammond organ,2,50,0,1,50,0.0,0.0,0.0,0.0,0.0,-0.04399999976158142,0.6286666393280029
2,22,police car (siren),2,50,17,7,33,0.7083333134651184,0.3400000035762787,0.45945945382118225,0.45945945382118225,0.0,-0.04399999976158142,0.6286666393280029
2,23,people cheering,2,50,35,8,15,0.8139534592628479,0.699999988079071,0.7526881694793701,0.7526881694793701,0.0,-0.04399999976158142,0.6286666393280029
2,24,playing electronic organ,2,50,0,1,50,0.0,0.0,0.0,0.0,0.0,-0.04399999976158142,0.6286666393280029
2,25,bowling impact,2,50,38,8,12,0.8260869383811951,0.7599999904632568,0.7916666865348816,0.7916666865348816,0.0,-0.04399999976158142,0.6286666393280029
2,26,people marching,2,50,24,4,26,0.8571428656578064,0.47999998927116394,0.6153846383094788,0.6153846383094788,0.0,-0.04399999976158142,0.6286666393280029
2,27,playing bass guitar,2,50,19,2,31,0.9047619104385376,0.3799999952316284,0.5352112650871277,0.5352112650871277,0.0,-0.04399999976158142,0.6286666393280029
2,28,goose honking,2,50,27,28,23,0.4909090995788574,0.5400000214576721,0.5142857432365417,0.5142857432365417,0.0,-0.04399999976158142,0.6286666393280029
2,29,playing trombone,2,50,17,6,33,0.739130437374115,0.3400000035762787,0.465753436088562,0.465753436088562,0.0,-0.04399999976158142,0.6286666393280029
3,0,playing volleyball,0,50,40,9,10,0.8163265585899353,0.800000011920929,0.808080792427063,0.8571428656578064,0.04906207323074341,0.01199999451637268,0.6284999847412109
3,1,child singing,0,50,22,11,28,0.6666666865348816,0.4399999976158142,0.5301204919815063,0.7252747416496277,0.19515424966812134,0.01199999451637268,0.6284999847412109
3,2,"heart sounds, heartbeat",0,50,43,4,7,0.914893627166748,0.8600000143051147,0.8865979313850403,0.9399999976158142,0.053402066230773926,0.01199999451637268,0.6284999847412109
3,3,singing bowl,0,50,32,19,18,0.6274510025978088,0.6399999856948853,0.6336633563041687,0.9200000166893005,0.28633666038513184,0.01199999451637268,0.6284999847412109
3,4,cap gun shooting,0,50,19,13,31,0.59375,0.3799999952316284,0.46341463923454285,0.6516854166984558,0.18827077746391296,0.01199999451637268,0.6284999847412109
3,5,rope skipping,0,50,38,13,12,0.7450980544090271,0.7599999904632568,0.7524752616882324,0.8484848737716675,0.09600961208343506,0.01199999451637268,0.6284999847412109
3,6,"child speech, kid speaking",0,50,33,75,17,0.3055555522441864,0.6600000262260437,0.4177215099334717,0.5692307949066162,0.15150928497314453,0.01199999451637268,0.6284999847412109
3,7,baby laughter,0,50,28,5,22,0.8484848737716675,0.5600000023841858,0.6746987700462341,0.7356321811676025,0.06093341112136841,0.01199999451637268,0.6284999847412109
3,8,playing table tennis,0,50,44,4,6,0.9166666865348816,0.8799999952316284,0.8979591727256775,0.9278350472450256,0.029875874519348145,0.01199999451637268,0.6284999847412109
3,9,lighting firecrackers,0,50,26,31,24,0.45614033937454224,0.5199999809265137,0.4859813153743744,0.7169811129570007,0.23099979758262634,0.01199999451637268,0.6284999847412109
3,10,playing bass drum,1,50,37,33,13,0.5285714268684387,0.7400000095367432,0.6166666746139526,0.7894737124443054,0.17280703783035278,0.01199999451637268,0.6284999847412109
3,11,playing banjo,1,50,32,19,18,0.6274510025978088,0.6399999856948853,0.6336633563041687,0.6336633563041687,-0.0020844340324401855,0.01199999451637268,0.6284999847412109
3,12,fire truck siren,1,50,22,13,28,0.6285714507102966,0.4399999976158142,0.5176470875740051,0.7816091775894165,0.2639620900154114,0.01199999451637268,0.6284999847412109
3,13,playing bagpipes,1,50,39,11,11,0.7799999713897705,0.7799999713897705,0.7799999713897705,0.7799999713897705,-0.003300964832305908,0.01199999451637268,0.6284999847412109
3,14,playing french horn,1,50,25,43,25,0.36764705181121826,0.5,0.4237288236618042,0.4237288236618042,-0.007062166929244995,0.01199999451637268,0.6284999847412109
3,15,civil defense siren,1,50,39,9,11,0.8125,0.7799999713897705,0.795918345451355,0.795918345451355,-0.04323017597198486,0.01199999451637268,0.6284999847412109
3,16,tractor digging,1,50,50,33,0,0.6024096608161926,1.0,0.7518796920776367,0.9399999976158142,0.1881203055381775,0.01199999451637268,0.6284999847412109
3,17,people whispering,1,50,50,38,0,0.5681818127632141,1.0,0.7246376872062683,0.8067227005958557,0.0820850133895874,0.01199999451637268,0.6284999847412109
3,18,lathe spinning,1,50,43,9,7,0.8269230723381042,0.8600000143051147,0.843137264251709,0.8936170339584351,0.050479769706726074,0.01199999451637268,0.6284999847412109
3,19,playing theremin,1,50,17,26,33,0.39534884691238403,0.3400000035762787,0.3655914068222046,0.3655914068222046,-0.011745244264602661,0.01199999451637268,0.6284999847412109
3,20,playing glockenspiel,2,50,29,0,21,1.0,0.5799999833106995,0.7341772317886353,0.7341772317886353,-0.058852553367614746,0.01199999451637268,0.6284999847412109
3,21,playing hammond organ,2,50,11,14,39,0.4399999976158142,0.2199999988079071,0.2933333218097687,0.2933333218097687,-0.2933333218097687,0.01199999451637268,0.6284999847412109
3,22,police car (siren),2,50,32,34,18,0.4848484992980957,0.6399999856948853,0.5517241358757019,0.5517241358757019,-0.09226468205451965,0.01199999451637268,0.6284999847412109
3,23,people cheering,2,50,37,18,13,0.6727272868156433,0.7400000095367432,0.7047619223594666,0.7526881694793701,0.047926247119903564,0.01199999451637268,0.6284999847412109
3,24,playing electronic organ,2,50,6,24,44,0.20000000298023224,0.11999999731779099,0.15000000596046448,0.15000000596046448,-0.15000000596046448,0.01199999451637268,0.6284999847412109
3,25,bowling impact,2,50,46,13,4,0.7796609997749329,0.9200000166893005,0.8440366983413696,0.8440366983413696,-0.05237001180648804,0.01199999451637268,0.6284999847412109
3,26,people marching,2,50,34,14,16,0.7083333134651184,0.6800000071525574,0.6938775777816772,0.6938775777816772,-0.07849293947219849,0.01199999451637268,0.6284999847412109
3,27,playing bass guitar,2,50,36,27,14,0.5714285969734192,0.7200000286102295,0.6371681690216064,0.6371681690216064,-0.10195690393447876,0.01199999451637268,0.6284999847412109
3,28,goose honking,2,50,34,63,16,0.3505154550075531,0.6800000071525574,0.4625850319862366,0.5142857432365417,0.051700711250305176,0.01199999451637268,0.6284999847412109
3,29,playing trombone,2,50,23,26,27,0.4693877696990967,0.46000000834465027,0.46464645862579346,0.465753436088562,0.0011069774627685547,0.01199999451637268,0.6284999847412109
3,30,helicopter,3,50,16,1,34,0.9411764740943909,0.3199999928474426,0.4776119291782379,0.4776119291782379,0.0,0.01199999451637268,0.6284999847412109
3,31,playing erhu,3,50,31,3,19,0.9117646813392639,0.6200000047683716,0.738095223903656,0.738095223903656,0.0,0.01199999451637268,0.6284999847412109
3,32,dog howling,3,50,25,10,25,0.7142857313156128,0.5,0.5882353186607361,0.5882353186607361,0.0,0.01199999451637268,0.6284999847412109
3,33,playing synthesizer,3,50,19,36,31,0.34545454382896423,0.3799999952316284,0.3619047701358795,0.3619047701358795,0.0,0.01199999451637268,0.6284999847412109
3,34,cat purring,3,50,19,1,31,0.949999988079071,0.3799999952316284,0.5428571701049805,0.5428571701049805,0.0,0.01199999451637268,0.6284999847412109
3,35,skiing,3,50,42,5,8,0.8936170339584351,0.8399999737739563,0.8659793734550476,0.8659793734550476,0.0,0.01199999451637268,0.6284999847412109
3,36,wood thrush calling,3,50,39,1,11,0.9750000238418579,0.7799999713897705,0.8666666746139526,0.8666666746139526,0.0,0.01199999451637268,0.6284999847412109
3,37,scuba diving,3,50,40,0,10,1.0,0.800000011920929,0.8888888955116272,0.8888888955116272,0.0,0.01199999451637268,0.6284999847412109
3,38,playing tambourine,3,50,41,24,9,0.6307692527770996,0.8199999928474426,0.7130434513092041,0.7130434513092041,0.0,0.01199999451637268,0.6284999847412109
3,39,driving motorcycle,3,50,18,11,32,0.6206896305084229,0.36000001430511475,0.4556961953639984,0.4556961953639984,0.0,0.01199999451637268,0.6284999847412109
4,0,playing volleyball,0,50,37,9,13,0.804347813129425,0.7400000095367432,0.7708333134651184,0.8571428656578064,0.08630955219268799,0.07099997997283936,0.5839999914169312
4,1,child singing,0,50,23,25,27,0.4791666567325592,0.46000000834465027,0.4693877696990967,0.7252747416496277,0.255886971950531,0.07099997997283936,0.5839999914169312
4,2,"heart sounds, heartbeat",0,50,41,2,9,0.9534883499145508,0.8199999928474426,0.8817204236984253,0.9399999976158142,0.058279573917388916,0.07099997997283936,0.5839999914169312
4,3,singing bowl,0,50,30,22,20,0.5769230723381042,0.6000000238418579,0.5882353186607361,0.9200000166893005,0.33176469802856445,0.07099997997283936,0.5839999914169312
4,4,cap gun shooting,0,50,20,14,30,0.5882353186607361,0.4000000059604645,0.4761904776096344,0.6516854166984558,0.1754949390888214,0.07099997997283936,0.5839999914169312
4,5,rope skipping,0,50,37,20,13,0.6491228342056274,0.7400000095367432,0.6915887594223022,0.8484848737716675,0.15689611434936523,0.07099997997283936,0.5839999914169312
4,6,"child speech, kid speaking",0,50,31,75,19,0.2924528419971466,0.6200000047683716,0.39743590354919434,0.5692307949066162,0.17179489135742188,0.07099997997283936,0.5839999914169312
4,7,baby laughter,0,50,28,5,22,0.8484848737716675,0.5600000023841858,0.6746987700462341,0.7356321811676025,0.06093341112136841,0.07099997997283936,0.5839999914169312
4,8,playing table tennis,0,50,41,8,9,0.8367347121238708,0.8199999928474426,0.8282828330993652,0.9278350472450256,0.0995522141456604,0.07099997997283936,0.5839999914169312
4,9,lighting firecrackers,0,50,24,31,26,0.4363636374473572,0.47999998927116394,0.4571428596973419,0.7169811129570007,0.2598382532596588,0.07099997997283936,0.5839999914169312
4,10,playing bass drum,1,50,27,23,23,0.5400000214576721,0.5400000214576721,0.5400000214576721,0.7894737124443054,0.2494736909866333,0.07099997997283936,0.5839999914169312
4,11,playing banjo,1,50,30,32,20,0.4838709533214569,0.6000000238418579,0.5357142686843872,0.6336633563041687,0.0979490876197815,0.07099997997283936,0.5839999914169312
4,12,fire truck siren,1,50,18,8,32,0.692307710647583,0.36000001430511475,0.4736842215061188,0.7816091775894165,0.30792495608329773,0.07099997997283936,0.5839999914169312
4,13,playing bagpipes,1,50,37,8,13,0.8222222328186035,0.7400000095367432,0.7789473533630371,0.7799999713897705,0.0010526180267333984,0.07099997997283936,0.5839999914169312
4,14,playing french horn,1,50,23,71,27,0.24468085169792175,0.46000000834465027,0.3194444477558136,0.4237288236618042,0.1042843759059906,0.07099997997283936,0.5839999914169312
4,15,civil defense siren,1,50,36,6,14,0.8571428656578064,0.7200000286102295,0.782608687877655,0.795918345451355,0.013309657573699951,0.07099997997283936,0.5839999914169312
4,16,tractor digging,1,50,44,12,6,0.7857142686843872,0.8799999952316284,0.8301886916160583,0.9399999976158142,0.10981130599975586,0.07099997997283936,0.5839999914169312
4,17,people whispering,1,50,48,37,2,0.5647059082984924,0.9599999785423279,0.7111111283302307,0.8067227005958557,0.095611572265625,0.07099997997283936,0.5839999914169312
4,18,lathe spinning,1,50,35,15,15,0.699999988079071,0.699999988079071,0.699999988079071,0.8936170339584351,0.193617045879364,0.07099997997283936,0.5839999914169312
4,19,playing theremin,1,50,10,27,40,0.2702702581882477,0.20000000298023224,0.2298850566148758,0.3655914068222046,0.1357063502073288,0.07099997997283936,0.5839999914169312
4,20,playing glockenspiel,2,50,28,1,22,0.9655172228813171,0.5600000023841858,0.7088607549667358,0.7341772317886353,0.025316476821899414,0.07099997997283936,0.5839999914169312
4,21,playing hammond organ,2,50,8,12,42,0.4000000059604645,0.1599999964237213,0.22857142984867096,0.2933333218097687,0.06476189196109772,0.07099997997283936,0.5839999914169312
4,22,police car (siren),2,50,32,40,18,0.4444444477558136,0.6399999856948853,0.5245901346206665,0.5517241358757019,0.0271340012550354,0.07099997997283936,0.5839999914169312
4,23,people cheering,2,50,37,23,13,0.6166666746139526,0.7400000095367432,0.6727272868156433,0.7526881694793701,0.0799608826637268,0.07099997997283936,0.5839999914169312
4,24,playing electronic organ,2,50,9,34,41,0.20930232107639313,0.18000000715255737,0.19354838132858276,0.19354838132858276,-0.043548375368118286,0.07099997997283936,0.5839999914169312
4,25,bowling impact,2,50,47,15,3,0.7580645084381104,0.9399999976158142,0.8392857313156128,0.8440366983413696,0.004750967025756836,0.07099997997283936,0.5839999914169312
4,26,people marching,2,50,30,24,20,0.5555555820465088,0.6000000238418579,0.5769230723381042,0.6938775777816772,0.116954505443573,0.07099997997283936,0.5839999914169312
4,27,playing bass guitar,2,50,32,43,18,0.4266666769981384,0.6399999856948853,0.5120000243186951,0.6371681690216064,0.12516814470291138,0.07099997997283936,0.5839999914169312
4,28,goose honking,2,50,30,41,20,0.4225352108478546,0.6000000238418579,0.4958677589893341,0.5142857432365417,0.01841798424720764,0.07099997997283936,0.5839999914169312
4,29,playing trombone,2,50,23,62,27,0.2705882489681244,0.46000000834465027,0.34074074029922485,0.465753436088562,0.12501269578933716,0.07099997997283936,0.5839999914169312
4,30,helicopter,3,50,26,18,24,0.5909090638160706,0.5199999809265137,0.5531914830207825,0.5531914830207825,-0.07557955384254456,0.07099997997283936,0.5839999914169312
4,31,playing erhu,3,50,35,22,15,0.6140350699424744,0.699999988079071,0.6542056202888489,0.738095223903656,0.08388960361480713,0.07099997997283936,0.5839999914169312
4,32,dog howling,3,50,27,17,23,0.6136363744735718,0.5400000214576721,0.5744680762290955,0.5882353186607361,0.013767242431640625,0.07099997997283936,0.5839999914169312
4,33,playing synthesizer,3,50,19,49,31,0.27941176295280457,0.3799999952316284,0.32203391194343567,0.3619047701358795,0.03987085819244385,0.07099997997283936,0.5839999914169312
4,34,cat purring,3,50,25,3,25,0.8928571343421936,0.5,0.6410256624221802,0.6410256624221802,-0.09816849231719971,0.07099997997283936,0.5839999914169312
4,35,skiing,3,50,46,6,4,0.8846153616905212,0.9200000166893005,0.9019607901573181,0.9019607901573181,-0.03598141670227051,0.07099997997283936,0.5839999914169312
4,36,wood thrush calling,3,50,44,2,6,0.95652174949646,0.8799999952316284,0.9166666865348816,0.9166666865348816,-0.050000011920928955,0.07099997997283936,0.5839999914169312
4,37,scuba diving,3,50,45,4,5,0.918367326259613,0.8999999761581421,0.9090909361839294,0.9090909361839294,-0.020202040672302246,0.07099997997283936,0.5839999914169312
4,38,playing tambourine,3,50,30,26,20,0.5357142686843872,0.6000000238418579,0.5660377144813538,0.7130434513092041,0.14700573682785034,0.07099997997283936,0.5839999914169312
4,39,driving motorcycle,3,50,25,27,25,0.48076921701431274,0.5,0.4901960790157318,0.4901960790157318,-0.0344998836517334,0.07099997997283936,0.5839999914169312
4,40,vacuum cleaner cleaning floors,4,50,20,13,30,0.6060606241226196,0.4000000059604645,0.4819277226924896,0.4819277226924896,0.0,0.07099997997283936,0.5839999914169312
4,41,playing squash,4,50,35,1,15,0.9722222089767456,0.699999988079071,0.8139534592628479,0.8139534592628479,0.0,0.07099997997283936,0.5839999914169312
4,42,slot machine,4,50,43,5,7,0.8958333134651184,0.8600000143051147,0.8775510191917419,0.8775510191917419,0.0,0.07099997997283936,0.5839999914169312
4,43,beat boxing,4,50,38,44,12,0.46341463923454285,0.7599999904632568,0.5757575631141663,0.5757575631141663,0.0,0.07099997997283936,0.5839999914169312
4,44,playing cello,4,50,6,0,44,1.0,0.11999999731779099,0.2142857164144516,0.2142857164144516,0.0,0.07099997997283936,0.5839999914169312
4,45,playing cornet,4,50,25,4,25,0.8620689511299133,0.5,0.6329113841056824,0.6329113841056824,0.0,0.07099997997283936,0.5839999914169312
4,46,wind noise,4,50,24,28,26,0.4615384638309479,0.47999998927116394,0.47058823704719543,0.47058823704719543,0.0,0.07099997997283936,0.5839999914169312
4,47,"playing steel guitar, slide guitar",4,50,19,3,31,0.8636363744735718,0.3799999952316284,0.5277777910232544,0.5277777910232544,0.0,0.07099997997283936,0.5839999914169312
4,48,orchestra,4,50,11,10,39,0.523809552192688,0.2199999988079071,0.30985915660858154,0.30985915660858154,0.0,0.07099997997283936,0.5839999914169312
4,49,playing harp,4,50,21,13,29,0.6176470518112183,0.41999998688697815,0.5,0.5,0.0,0.07099997997283936,0.5839999914169312
5,0,playing volleyball,0,50,34,6,16,0.8500000238418579,0.6800000071525574,0.7555555701255798,0.8571428656578064,0.10158729553222656,0.08319997191429138,0.5479999780654907
5,1,child singing,0,50,22,15,28,0.5945945978164673,0.4399999976158142,0.5057471394538879,0.7252747416496277,0.21952760219573975,0.08319997191429138,0.5479999780654907
5,2,"heart sounds, heartbeat",0,50,40,3,10,0.930232584476471,0.800000011920929,0.8602150678634644,0.9399999976158142,0.07978492975234985,0.08319997191429138,0.5479999780654907
5,3,singing bowl,0,50,28,17,22,0.6222222447395325,0.5600000023841858,0.5894736647605896,0.9200000166893005,0.33052635192871094,0.08319997191429138,0.5479999780654907
5,4,cap gun shooting,0,50,17,24,33,0.4146341383457184,0.3400000035762787,0.37362638115882874,0.6516854166984558,0.2780590355396271,0.08319997191429138,0.5479999780654907
5,5,rope skipping,0,50,32,20,18,0.6153846383094788,0.6399999856948853,0.6274510025978088,0.8484848737716675,0.22103387117385864,0.08319997191429138,0.5479999780654907
5,6,"child speech, kid speaking",0,50,28,69,22,0.2886597812175751,0.5600000023841858,0.380952388048172,0.5692307949066162,0.1882784068584442,0.08319997191429138,0.5479999780654907
5,7,baby laughter,0,50,26,4,24,0.8666666746139526,0.5199999809265137,0.6499999761581421,0.7356321811676025,0.08563220500946045,0.08319997191429138,0.5479999780654907
5,8,playing table tennis,0,50,41,6,9,0.8723404407501221,0.8199999928474426,0.8453608155250549,0.9278350472450256,0.0824742317199707,0.08319997191429138,0.5479999780654907
5,9,lighting firecrackers,0,50,25,47,25,0.3472222089767456,0.5,0.4098360538482666,0.7169811129570007,0.30714505910873413,0.08319997191429138,0.5479999780654907
5,10,playing bass drum,1,50,29,44,21,0.39726027846336365,0.5799999833106995,0.47154471278190613,0.7894737124443054,0.3179289996623993,0.08319997191429138,0.5479999780654907
5,11,playing banjo,1,50,29,21,21,0.5799999833106995,0.5799999833106995,0.5799999833106995,0.6336633563041687,0.05366337299346924,0.08319997191429138,0.5479999780654907
5,12,fire truck siren,1,50,17,14,33,0.5483871102333069,0.3400000035762787,0.4197530746459961,0.7816091775894165,0.3618561029434204,0.08319997191429138,0.5479999780654907
5,13,playing bagpipes,1,50,34,5,16,0.8717948794364929,0.6800000071525574,0.7640449404716492,0.7799999713897705,0.015955030918121338,0.08319997191429138,0.5479999780654907
5,14,playing french horn,1,50,18,52,32,0.2571428716182709,0.36000001430511475,0.30000001192092896,0.4237288236618042,0.12372881174087524,0.08319997191429138,0.5479999780654907
5,15,civil defense siren,1,50,34,6,16,0.8500000238418579,0.6800000071525574,0.7555555701255798,0.795918345451355,0.040362775325775146,0.08319997191429138,0.5479999780654907
5,16,tractor digging,1,50,42,21,8,0.6666666865348816,0.8399999737739563,0.7433628439903259,0.9399999976158142,0.19663715362548828,0.08319997191429138,0.5479999780654907
5,17,people whispering,1,50,47,41,3,0.5340909361839294,0.9399999976158142,0.6811594367027283,0.8067227005958557,0.12556326389312744,0.08319997191429138,0.5479999780654907
5,18,lathe spinning,1,50,35,21,15,0.625,0.699999988079071,0.6603773832321167,0.8936170339584351,0.23323965072631836,0.08319997191429138,0.5479999780654907
5,19,playing theremin,1,50,5,20,45,0.20000000298023224,0.10000000149011612,0.13333334028720856,0.3655914068222046,0.23225806653499603,0.08319997191429138,0.5479999780654907
5,20,playing glockenspiel,2,50,24,5,26,0.8275862336158752,0.47999998927116394,0.607594907283783,0.7341772317886353,0.1265823245048523,0.08319997191429138,0.5479999780654907
5,21,playing hammond organ,2,50,6,10,44,0.375,0.11999999731779099,0.1818181872367859,0.2933333218097687,0.11151513457298279,0.08319997191429138,0.5479999780654907
5,22,police car (siren),2,50,31,40,19,0.43661972880363464,0.6200000047683716,0.5123966932296753,0.5517241358757019,0.03932744264602661,0.08319997191429138,0.5479999780654907
5,23,people cheering,2,50,35,26,15,0.5737704634666443,0.699999988079071,0.630630612373352,0.7526881694793701,0.12205755710601807,0.08319997191429138,0.5479999780654907
5,24,playing electronic organ,2,50,8,29,42,0.21621622145175934,0.1599999964237213,0.18390804529190063,0.19354838132858276,0.009640336036682129,0.08319997191429138,0.5479999780654907
5,25,bowling impact,2,50,43,12,7,0.7818182110786438,0.8600000143051147,0.8190476298332214,0.8440366983413696,0.024989068508148193,0.08319997191429138,0.5479999780654907
5,26,people marching,2,50,29,24,21,0.5471698045730591,0.5799999833106995,0.5631067752838135,0.6938775777816772,0.13077080249786377,0.08319997191429138,0.5479999780654907
5,27,playing bass guitar,2,50,30,44,20,0.4054054021835327,0.6000000238418579,0.4838709533214569,0.6371681690216064,0.15329721570014954,0.08319997191429138,0.5479999780654907
5,28,goose honking,2,50,28,33,22,0.4590163826942444,0.5600000023841858,0.5045045018196106,0.5142857432365417,0.009781241416931152,0.08319997191429138,0.5479999780654907
5,29,playing trombone,2,50,20,35,30,0.3636363744735718,0.4000000059604645,0.380952388048172,0.465753436088562,0.08480104804039001,0.08319997191429138,0.5479999780654907
5,30,helicopter,3,50,23,23,27,0.5,0.46000000834465027,0.4791666567325592,0.5531914830207825,0.07402482628822327,0.08319997191429138,0.5479999780654907
5,31,playing erhu,3,50,30,14,20,0.6818181872367859,0.6000000238418579,0.6382978558540344,0.738095223903656,0.09979736804962158,0.08319997191429138,0.5479999780654907
5,32,dog howling,3,50,25,17,25,0.5952380895614624,0.5,0.54347825050354,0.5882353186607361,0.044757068157196045,0.08319997191429138,0.5479999780654907
5,33,playing synthesizer,3,50,13,40,37,0.24528302252292633,0.25999999046325684,0.25242719054222107,0.3619047701358795,0.10947757959365845,0.08319997191429138,0.5479999780654907
5,34,cat purring,3,50,20,3,30,0.8695651888847351,0.4000000059604645,0.5479452013969421,0.6410256624221802,0.09308046102523804,0.08319997191429138,0.5479999780654907
5,35,skiing,3,50,45,8,5,0.849056601524353,0.8999999761581421,0.8737863898277283,0.9019607901573181,0.028174400329589844,0.08319997191429138,0.5479999780654907
5,36,wood thrush calling,3,50,18,14,32,0.5625,0.36000001430511475,0.4390243887901306,0.9166666865348816,0.477642297744751,0.08319997191429138,0.5479999780654907
5,37,scuba diving,3,50,45,3,5,0.9375,0.8999999761581421,0.918367326259613,0.918367326259613,-0.009276390075683594,0.08319997191429138,0.5479999780654907
5,38,playing tambourine,3,50,29,27,21,0.5178571343421936,0.5799999833106995,0.5471698045730591,0.7130434513092041,0.16587364673614502,0.08319997191429138,0.5479999780654907
5,39,driving motorcycle,3,50,22,29,28,0.4313725531101227,0.4399999976158142,0.4356435537338257,0.4901960790157318,0.05455252528190613,0.08319997191429138,0.5479999780654907
5,40,vacuum cleaner cleaning floors,4,50,26,27,24,0.49056604504585266,0.5199999809265137,0.5048543810844421,0.5048543810844421,-0.022926658391952515,0.08319997191429138,0.5479999780654907
5,41,playing squash,4,50,43,20,7,0.682539701461792,0.8600000143051147,0.76106196641922,0.8139534592628479,0.05289149284362793,0.08319997191429138,0.5479999780654907
5,42,slot machine,4,50,47,17,3,0.734375,0.9399999976158142,0.8245614171028137,0.8775510191917419,0.05298960208892822,0.08319997191429138,0.5479999780654907
5,43,beat boxing,4,50,40,56,10,0.4166666567325592,0.800000011920929,0.5479452013969421,0.5757575631141663,0.02781236171722412,0.08319997191429138,0.5479999780654907
5,44,playing cello,4,50,20,37,30,0.35087719559669495,0.4000000059604645,0.37383177876472473,0.37383177876472473,-0.15954606235027313,0.08319997191429138,0.5479999780654907
5,45,playing cornet,4,50,37,15,13,0.7115384340286255,0.7400000095367432,0.7254902124404907,0.7254902124404907,-0.09257882833480835,0.08319997191429138,0.5479999780654907
5,46,wind noise,4,50,26,65,24,0.2857142984867096,0.5199999809265137,0.368794322013855,0.47058823704719543,0.10179391503334045,0.08319997191429138,0.5479999780654907
5,47,"playing steel guitar, slide guitar",4,50,27,17,23,0.6136363744735718,0.5400000214576721,0.5744680762290955,0.5744680762290955,-0.046690285205841064,0.08319997191429138,0.5479999780654907
5,48,orchestra,4,50,25,39,25,0.390625,0.5,0.4385964870452881,0.4385964870452881,-0.12873733043670654,0.08319997191429138,0.5479999780654907
5,49,playing harp,4,50,28,49,22,0.3636363744735718,0.5600000023841858,0.4409448802471161,0.5,0.05905511975288391,0.08319997191429138,0.5479999780654907
5,50,roller coaster running,5,50,31,5,19,0.8611111044883728,0.6200000047683716,0.7209302186965942,0.7209302186965942,0.0,0.08319997191429138,0.5479999780654907
5,51,missile launch,5,50,19,4,31,0.8260869383811951,0.3799999952316284,0.5205479264259338,0.5205479264259338,0.0,0.08319997191429138,0.5479999780654907
5,52,"playing marimba, xylophone",5,50,1,7,49,0.125,0.019999999552965164,0.03448275849223137,0.03448275849223137,0.0,0.08319997191429138,0.5479999780654907
5,53,airplane flyby,5,50,30,3,20,0.9090909361839294,0.6000000238418579,0.7228915691375732,0.7228915691375732,0.0,0.08319997191429138,0.5479999780654907
5,54,playing saxophone,5,50,17,39,33,0.3035714328289032,0.3400000035762787,0.3207547068595886,0.3207547068595886,0.0,0.08319997191429138,0.5479999780654907
5,55,"subway, metro, underground",5,50,25,2,25,0.9259259104728699,0.5,0.649350643157959,0.649350643157959,0.0,0.08319997191429138,0.5479999780654907
5,56,arc welding,5,50,28,12,22,0.699999988079071,0.5600000023841858,0.6222222447395325,0.6222222447395325,0.0,0.08319997191429138,0.5479999780654907
5,57,mynah bird singing,5,50,30,38,20,0.44117647409439087,0.6000000238418579,0.508474588394165,0.508474588394165,0.0,0.08319997191429138,0.5479999780654907
5,58,playing piano,5,50,9,11,41,0.44999998807907104,0.18000000715255737,0.2571428716182709,0.2571428716182709,0.0,0.08319997191429138,0.5479999780654907
5,59,playing bongo,5,50,28,1,22,0.9655172228813171,0.5600000023841858,0.7088607549667358,0.7088607549667358,0.0,0.08319997191429138,0.5479999780654907
6,0,playing volleyball,0,50,35,7,15,0.8333333134651184,0.699999988079071,0.760869562625885,0.8571428656578064,0.09627330303192139,0.10833331942558289,0.5002856850624084
6,1,child singing,0,50,22,31,28,0.4150943458080292,0.4399999976158142,0.42718446254730225,0.7252747416496277,0.29809027910232544,0.10833331942558289,0.5002856850624084
6,2,"heart sounds, heartbeat",0,50,39,5,11,0.8863636255264282,0.7799999713897705,0.8297872543334961,0.9399999976158142,0.11021274328231812,0.10833331942558289,0.5002856850624084
6,3,singing bowl,0,50,28,27,22,0.5090909004211426,0.5600000023841858,0.5333333611488342,0.9200000166893005,0.3866666555404663,0.10833331942558289,0.5002856850624084
6,4,cap gun shooting,0,50,12,17,38,0.4137931168079376,0.23999999463558197,0.3037974536418915,0.6516854166984558,0.34788796305656433,0.10833331942558289,0.5002856850624084
6,5,rope skipping,0,50,34,30,16,0.53125,0.6800000071525574,0.5964912176132202,0.8484848737716675,0.25199365615844727,0.10833331942558289,0.5002856850624084
6,6,"child speech, kid speaking",0,50,18,50,32,0.2647058963775635,0.36000001430511475,0.3050847351551056,0.5692307949066162,0.2641460597515106,0.10833331942558289,0.5002856850624084
6,7,baby laughter,0,50,25,6,25,0.8064516186714172,0.5,0.6172839403152466,0.7356321811676025,0.11834824085235596,0.10833331942558289,0.5002856850624084
6,8,playing table tennis,0,50,41,12,9,0.7735849022865295,0.8199999928474426,0.7961165308952332,0.9278350472450256,0.13171851634979248,0.10833331942558289,0.5002856850624084
6,9,lighting firecrackers,0,50,22,46,28,0.3235294222831726,0.4399999976158142,0.37288135290145874,0.7169811129570007,0.344099760055542,0.10833331942558289,0.5002856850624084
6,10,playing bass drum,1,50,28,42,22,0.4000000059604645,0.5600000023841858,0.46666666865348816,0.7894737124443054,0.32280704379081726,0.10833331942558289,0.5002856850624084
6,11,playing banjo,1,50,28,44,22,0.3888888955116272,0.5600000023841858,0.4590163826942444,0.6336633563041687,0.17464697360992432,0.10833331942558289,0.5002856850624084
6,12,fire truck siren,1,50,13,6,37,0.6842105388641357,0.25999999046325684,0.37681159377098083,0.7816091775894165,0.40479758381843567,0.10833331942558289,0.5002856850624084
6,13,playing bagpipes,1,50,33,3,17,0.9166666865348816,0.6600000262260437,0.7674418687820435,0.7799999713897705,0.01255810260772705,0.10833331942558289,0.5002856850624084
6,14,playing french horn,1,50,20,50,30,0.2857142984867096,0.4000000059604645,0.3333333432674408,0.4237288236618042,0.0903954803943634,0.10833331942558289,0.5002856850624084
6,15,civil defense siren,1,50,32,7,18,0.8205128312110901,0.6399999856948853,0.7191011309623718,0.795918345451355,0.07681721448898315,0.10833331942558289,0.5002856850624084
6,16,tractor digging,1,50,35,17,15,0.6730769276618958,0.699999988079071,0.686274528503418,0.9399999976158142,0.25372546911239624,0.10833331942558289,0.5002856850624084
6,17,people whispering,1,50,47,41,3,0.5340909361839294,0.9399999976158142,0.6811594367027283,0.8067227005958557,0.12556326389312744,0.10833331942558289,0.5002856850624084
6,18,lathe spinning,1,50,32,18,18,0.6399999856948853,0.6399999856948853,0.6399999856948853,0.8936170339584351,0.2536170482635498,0.10833331942558289,0.5002856850624084
6,19,playing theremin,1,50,6,25,44,0.19354838132858276,0.11999999731779099,0.14814814925193787,0.3655914068222046,0.21744325757026672,0.10833331942558289,0.5002856850624084
6,20,playing glockenspiel,2,50,21,6,29,0.7777777910232544,0.41999998688697815,0.5454545617103577,0.7341772317886353,0.1887226700782776,0.10833331942558289,0.5002856850624084
6,21,playing hammond organ,2,50,5,10,45,0.3333333432674408,0.10000000149011612,0.1538461595773697,0.2933333218097687,0.139487162232399,0.10833331942558289,0.5002856850624084
6,22,police car (siren),2,50,27,46,23,0.36986300349235535,0.5400000214576721,0.4390243887901306,0.5517241358757019,0.11269974708557129,0.10833331942558289,0.5002856850624084
6,23,people cheering,2,50,30,38,20,0.44117647409439087,0.6000000238418579,0.508474588394165,0.7526881694793701,0.24421358108520508,0.10833331942558289,0.5002856850624084
6,24,playing electronic organ,2,50,4,25,46,0.13793103396892548,0.07999999821186066,0.10126582533121109,0.19354838132858276,0.09228255599737167,0.10833331942558289,0.5002856850624084
6,25,bowling impact,2,50,38,20,12,0.6551724076271057,0.7599999904632568,0.7037037014961243,0.8440366983413696,0.14033299684524536,0.10833331942558289,0.5002856850624084
6,26,people marching,2,50,28,23,22,0.5490196347236633,0.5600000023841858,0.5544554591178894,0.6938775777816772,0.13942211866378784,0.10833331942558289,0.5002856850624084
6,27,playing bass guitar,2,50,25,47,25,0.3472222089767456,0.5,0.4098360538482666,0.6371681690216064,0.22733211517333984,0.10833331942558289,0.5002856850624084
6,28,goose honking,2,50,20,28,30,0.4166666567325592,0.4000000059604645,0.40816327929496765,0.5142857432365417,0.1061224639415741,0.10833331942558289,0.5002856850624084
6,29,playing trombone,2,50,17,26,33,0.39534884691238403,0.3400000035762787,0.3655914068222046,0.465753436088562,0.10016202926635742,0.10833331942558289,0.5002856850624084
6,30,helicopter,3,50,20,20,30,0.5,0.4000000059604645,0.4444444477558136,0.5531914830207825,0.10874703526496887,0.10833331942558289,0.5002856850624084
6,31,playing erhu,3,50,29,12,21,0.707317054271698,0.5799999833106995,0.6373626589775085,0.738095223903656,0.10073256492614746,0.10833331942558289,0.5002856850624084
6,32,dog howling,3,50,25,27,25,0.48076921701431274,0.5,0.4901960790157318,0.5882353186607361,0.09803923964500427,0.10833331942558289,0.5002856850624084
6,33,playing synthesizer,3,50,8,28,42,0.2222222238779068,0.1599999964237213,0.1860465109348297,0.3619047701358795,0.1758582592010498,0.10833331942558289,0.5002856850624084
6,34,cat purring,3,50,22,5,28,0.8148148059844971,0.4399999976158142,0.5714285969734192,0.6410256624221802,0.06959706544876099,0.10833331942558289,0.5002856850624084
6,35,skiing,3,50,44,10,6,0.8148148059844971,0.8799999952316284,0.8461538553237915,0.9019607901573181,0.05580693483352661,0.10833331942558289,0.5002856850624084
6,36,wood thrush calling,3,50,26,16,24,0.6190476417541504,0.5199999809265137,0.5652173757553101,0.9166666865348816,0.35144931077957153,0.10833331942558289,0.5002856850624084
6,37,scuba diving,3,50,45,2,5,0.957446813583374,0.8999999761581421,0.9278350472450256,0.9278350472450256,-0.009467720985412598,0.10833331942558289,0.5002856850624084
6,38,playing tambourine,3,50,30,23,20,0.5660377144813538,0.6000000238418579,0.582524299621582,0.7130434513092041,0.13051915168762207,0.10833331942558289,0.5002856850624084
6,39,driving motorcycle,3,50,17,32,33,0.3469387888908386,0.3400000035762787,0.34343433380126953,0.4901960790157318,0.14676174521446228,0.10833331942558289,0.5002856850624084
6,40,vacuum cleaner cleaning floors,4,50,17,16,33,0.5151515007019043,0.3400000035762787,0.40963855385780334,0.5048543810844421,0.0952158272266388,0.10833331942558289,0.5002856850624084
6,41,playing squash,4,50,37,13,13,0.7400000095367432,0.7400000095367432,0.7400000095367432,0.8139534592628479,0.07395344972610474,0.10833331942558289,0.5002856850624084
6,42,slot machine,4,50,46,19,4,0.7076923251152039,0.9200000166893005,0.800000011920929,0.8775510191917419,0.07755100727081299,0.10833331942558289,0.5002856850624084
6,43,beat boxing,4,50,37,49,13,0.43023255467414856,0.7400000095367432,0.5441176295280457,0.5757575631141663,0.031639933586120605,0.10833331942558289,0.5002856850624084
6,44,playing cello,4,50,11,14,39,0.4399999976158142,0.2199999988079071,0.2933333218097687,0.37383177876472473,0.08049845695495605,0.10833331942558289,0.5002856850624084
6,45,playing cornet,4,50,38,14,12,0.7307692170143127,0.7599999904632568,0.7450980544090271,0.7450980544090271,-0.019607841968536377,0.10833331942558289,0.5002856850624084
6,46,wind noise,4,50,24,68,26,0.260869562625885,0.47999998927116394,0.3380281627178192,0.47058823704719543,0.13256007432937622,0.10833331942558289,0.5002856850624084
6,47,"playing steel guitar, slide guitar",4,50,25,13,25,0.6578947305679321,0.5,0.5681818127632141,0.5744680762290955,0.006286263465881348,0.10833331942558289,0.5002856850624084
6,48,orchestra,4,50,23,39,27,0.3709677457809448,0.46000000834465027,0.4107142984867096,0.4385964870452881,0.02788218855857849,0.10833331942558289,0.5002856850624084
6,49,playing harp,4,50,22,18,28,0.550000011920929,0.4399999976158142,0.4888888895511627,0.5,0.01111111044883728,0.10833331942558289,0.5002856850624084
6,50,roller coaster running,5,50,38,29,12,0.5671641826629639,0.7599999904632568,0.6495726704597473,0.7209302186965942,0.07135754823684692,0.10833331942558289,0.5002856850624084
6,51,missile launch,5,50,32,36,18,0.47058823704719543,0.6399999856948853,0.5423728823661804,0.5423728823661804,-0.021824955940246582,0.10833331942558289,0.5002856850624084
6,52,"playing marimba, xylophone",5,50,8,54,42,0.12903225421905518,0.1599999964237213,0.1428571492433548,0.1428571492433548,-0.10837439075112343,0.10833331942558289,0.5002856850624084
6,53,airplane flyby,5,50,40,18,10,0.6896551847457886,0.800000011920929,0.7407407164573669,0.7407407164573669,-0.0178491473197937,0.10833331942558289,0.5002856850624084
6,54,playing saxophone,5,50,22,76,28,0.22448979318141937,0.4399999976158142,0.29729729890823364,0.3207547068595886,0.02345740795135498,0.10833331942558289,0.5002856850624084
6,55,"subway, metro, underground",5,50,31,33,19,0.484375,0.6200000047683716,0.5438596606254578,0.649350643157959,0.10549098253250122,0.10833331942558289,0.5002856850624084
6,56,arc welding,5,50,35,19,15,0.6481481194496155,0.699999988079071,0.6730769276618958,0.6730769276618958,-0.05085468292236328,0.10833331942558289,0.5002856850624084
6,57,mynah bird singing,5,50,29,48,21,0.37662336230278015,0.5799999833106995,0.4566929042339325,0.508474588394165,0.051781684160232544,0.10833331942558289,0.5002856850624084
6,58,playing piano,5,50,17,71,33,0.1931818127632141,0.3400000035762787,0.24637681245803833,0.2571428716182709,0.010766059160232544,0.10833331942558289,0.5002856850624084
6,59,playing bongo,5,50,41,10,9,0.8039215803146362,0.8199999928474426,0.8118811845779419,0.8118811845779419,-0.10302042961120605,0.10833331942558289,0.5002856850624084
6,60,"pigeon, dove cooing",6,50,20,19,30,0.5128205418586731,0.4000000059604645,0.449438214302063,0.449438214302063,0.0,0.10833331942558289,0.5002856850624084
6,61,"race car, auto racing",6,50,30,14,20,0.6818181872367859,0.6000000238418579,0.6382978558540344,0.6382978558540344,0.0,0.10833331942558289,0.5002856850624084
6,62,people crowd,6,50,11,13,39,0.4583333432674408,0.2199999988079071,0.29729729890823364,0.29729729890823364,0.0,0.10833331942558289,0.5002856850624084
6,63,playing vibraphone,6,50,3,5,47,0.375,0.05999999865889549,0.1034482792019844,0.1034482792019844,0.0,0.10833331942558289,0.5002856850624084
6,64,playing mandolin,6,50,14,2,36,0.875,0.2800000011920929,0.42424243688583374,0.42424243688583374,0.0,0.10833331942558289,0.5002856850624084
6,65,"female speech, woman speaking",6,50,25,69,25,0.26595744490623474,0.5,0.3472222089767456,0.3472222089767456,0.0,0.10833331942558289,0.5002856850624084
6,66,volcano explosion,6,50,28,18,22,0.6086956262588501,0.5600000023841858,0.5833333134651184,0.5833333134651184,0.0,0.10833331942558289,0.5002856850624084
6,67,ocean burbling,6,50,3,0,47,1.0,0.05999999865889549,0.11320754885673523,0.11320754885673523,0.0,0.10833331942558289,0.5002856850624084
6,68,singing choir,6,50,5,11,45,0.3125,0.10000000149011612,0.1515151560306549,0.1515151560306549,0.0,0.10833331942558289,0.5002856850624084
6,69,playing flute,6,50,8,13,42,0.380952388048172,0.1599999964237213,0.22535210847854614,0.22535210847854614,0.0,0.10833331942558289,0.5002856850624084
7,0,playing volleyball,0,50,33,9,17,0.7857142686843872,0.6600000262260437,0.717391312122345,0.8571428656578064,0.13975155353546143,0.1351428542818342,0.45899999141693115
7,1,child singing,0,50,15,37,35,0.2884615361690521,0.30000001192092896,0.29411765933036804,0.7252747416496277,0.43115708231925964,0.1351428542818342,0.45899999141693115
7,2,"heart sounds, heartbeat",0,50,36,8,14,0.8181818127632141,0.7200000286102295,0.7659574747085571,0.9399999976158142,0.17404252290725708,0.1351428542818342,0.45899999141693115
7,3,singing bowl,0,50,26,38,24,0.40625,0.5199999809265137,0.45614033937454224,0.9200000166893005,0.4638596773147583,0.1351428542818342,0.45899999141693115
7,4,cap gun shooting,0,50,14,29,36,0.3255814015865326,0.2800000011920929,0.301075279712677,0.6516854166984558,0.3506101369857788,0.1351428542818342,0.45899999141693115
7,5,rope skipping,0,50,32,36,18,0.47058823704719543,0.6399999856948853,0.5423728823661804,0.8484848737716675,0.30611199140548706,0.1351428542818342,0.45899999141693115
7,6,"child speech, kid speaking",0,50,12,52,38,0.1875,0.23999999463558197,0.21052631735801697,0.5692307949066162,0.35870447754859924,0.1351428542818342,0.45899999141693115
7,7,baby laughter,0,50,24,8,26,0.75,0.47999998927116394,0.5853658318519592,0.7356321811676025,0.1502663493156433,0.1351428542818342,0.45899999141693115
7,8,playing table tennis,0,50,42,19,8,0.688524603843689,0.8399999737739563,0.7567567825317383,0.9278350472450256,0.17107826471328735,0.1351428542818342,0.45899999141693115
7,9,lighting firecrackers,0,50,20,45,30,0.3076923191547394,0.4000000059604645,0.3478260934352875,0.7169811129570007,0.36915501952171326,0.1351428542818342,0.45899999141693115
7,10,playing bass drum,1,50,28,44,22,0.3888888955116272,0.5600000023841858,0.4590163826942444,0.7894737124443054,0.33045732975006104,0.1351428542818342,0.45899999141693115
7,11,playing banjo,1,50,26,52,24,0.3333333432674408,0.5199999809265137,0.40625,0.6336633563041687,0.2274133563041687,0.1351428542818342,0.45899999141693115
7,12,fire truck siren,1,50,13,8,37,0.6190476417541504,0.25999999046325684,0.3661971688270569,0.7816091775894165,0.4154120087623596,0.1351428542818342,0.45899999141693115
7,13,playing bagpipes,1,50,33,8,17,0.8048780560493469,0.6600000262260437,0.7252747416496277,0.7799999713897705,0.05472522974014282,0.1351428542818342,0.45899999141693115
7,14,playing french horn,1,50,17,55,33,0.2361111044883728,0.3400000035762787,0.2786885201931,0.4237288236618042,0.14504030346870422,0.1351428542818342,0.45899999141693115
7,15,civil defense siren,1,50,30,9,20,0.7692307829856873,0.6000000238418579,0.6741573214530945,0.795918345451355,0.1217610239982605,0.1351428542818342,0.45899999141693115
7,16,tractor digging,1,50,33,15,17,0.6875,0.6600000262260437,0.6734693646430969,0.9399999976158142,0.2665306329727173,0.1351428542818342,0.45899999141693115
7,17,people whispering,1,50,44,44,6,0.5,0.8799999952316284,0.6376811861991882,0.8067227005958557,0.16904151439666748,0.1351428542818342,0.45899999141693115
7,18,lathe spinning,1,50,32,24,18,0.5714285969734192,0.6399999856948853,0.6037735939025879,0.8936170339584351,0.28984344005584717,0.1351428542818342,0.45899999141693115
7,19,playing theremin,1,50,6,23,44,0.2068965584039688,0.11999999731779099,0.15189872682094574,0.3655914068222046,0.21369268000125885,0.1351428542818342,0.45899999141693115
7,20,playing glockenspiel,2,50,20,7,30,0.7407407164573669,0.4000000059604645,0.5194805264472961,0.7341772317886353,0.2146967053413391,0.1351428542818342,0.45899999141693115
7,21,playing hammond organ,2,50,5,10,45,0.3333333432674408,0.10000000149011612,0.1538461595773697,0.2933333218097687,0.139487162232399,0.1351428542818342,0.45899999141693115
7,22,police car (siren),2,50,28,47,22,0.3733333349227905,0.5600000023841858,0.4480000138282776,0.5517241358757019,0.10372412204742432,0.1351428542818342,0.45899999141693115
7,23,people cheering,2,50,17,23,33,0.42500001192092896,0.3400000035762787,0.3777777850627899,0.7526881694793701,0.3749103844165802,0.1351428542818342,0.45899999141693115
7,24,playing electronic organ,2,50,3,27,47,0.10000000149011612,0.05999999865889549,0.07500000298023224,0.19354838132858276,0.11854837834835052,0.1351428542818342,0.45899999141693115
7,25,bowling impact,2,50,35,21,15,0.625,0.699999988079071,0.6603773832321167,0.8440366983413696,0.18365931510925293,0.1351428542818342,0.45899999141693115
7,26,people marching,2,50,26,16,24,0.6190476417541504,0.5199999809265137,0.5652173757553101,0.6938775777816772,0.1286602020263672,0.1351428542818342,0.45899999141693115
7,27,playing bass guitar,2,50,20,46,30,0.3030303120613098,0.4000000059604645,0.3448275923728943,0.6371681690216064,0.29234057664871216,0.1351428542818342,0.45899999141693115
7,28,goose honking,2,50,21,37,29,0.36206895112991333,0.41999998688697815,0.3888888955116272,0.5142857432365417,0.12539684772491455,0.1351428542818342,0.45899999141693115
7,29,playing trombone,2,50,17,30,33,0.3617021143436432,0.3400000035762787,0.3505154550075531,0.465753436088562,0.11523798108100891,0.1351428542818342,0.45899999141693115
7,30,helicopter,3,50,22,22,28,0.5,0.4399999976158142,0.4680851101875305,0.5531914830207825,0.08510637283325195,0.1351428542818342,0.45899999141693115
7,31,playing erhu,3,50,29,12,21,0.707317054271698,0.5799999833106995,0.6373626589775085,0.738095223903656,0.10073256492614746,0.1351428542818342,0.45899999141693115
7,32,dog howling,3,50,16,21,34,0.4324324429035187,0.3199999928474426,0.36781609058380127,0.5882353186607361,0.22041922807693481,0.1351428542818342,0.45899999141693115
7,33,playing synthesizer,3,50,8,23,42,0.25806450843811035,0.1599999964237213,0.1975308656692505,0.3619047701358795,0.16437390446662903,0.1351428542818342,0.45899999141693115
7,34,cat purring,3,50,18,6,32,0.75,0.36000001430511475,0.4864864945411682,0.6410256624221802,0.15453916788101196,0.1351428542818342,0.45899999141693115
7,35,skiing,3,50,43,7,7,0.8600000143051147,0.8600000143051147,0.8600000143051147,0.9019607901573181,0.04196077585220337,0.1351428542818342,0.45899999141693115
7,36,wood thrush calling,3,50,27,31,23,0.4655172526836395,0.5400000214576721,0.5,0.9166666865348816,0.4166666865348816,0.1351428542818342,0.45899999141693115
7,37,scuba diving,3,50,41,0,9,1.0,0.8199999928474426,0.901098906993866,0.9278350472450256,0.026736140251159668,0.1351428542818342,0.45899999141693115
7,38,playing tambourine,3,50,30,29,20,0.508474588394165,0.6000000238418579,0.5504587292671204,0.7130434513092041,0.16258472204208374,0.1351428542818342,0.45899999141693115
7,39,driving motorcycle,3,50,14,46,36,0.23333333432674408,0.2800000011920929,0.2545454502105713,0.4901960790157318,0.23565062880516052,0.1351428542818342,0.45899999141693115
7,40,vacuum cleaner cleaning floors,4,50,15,23,35,0.3947368562221527,0.30000001192092896,0.34090909361839294,0.5048543810844421,0.1639452874660492,0.1351428542818342,0.45899999141693115
7,41,playing squash,4,50,27,17,23,0.6136363744735718,0.5400000214576721,0.5744680762290955,0.8139534592628479,0.23948538303375244,0.1351428542818342,0.45899999141693115
7,42,slot machine,4,50,44,12,6,0.7857142686843872,0.8799999952316284,0.8301886916160583,0.8775510191917419,0.047362327575683594,0.1351428542818342,0.45899999141693115
7,43,beat boxing,4,50,38,47,12,0.4470588266849518,0.7599999904632568,0.5629629492759705,0.5757575631141663,0.0127946138381958,0.1351428542818342,0.45899999141693115
7,44,playing cello,4,50,9,21,41,0.30000001192092896,0.18000000715255737,0.22499999403953552,0.37383177876472473,0.1488317847251892,0.1351428542818342,0.45899999141693115
7,45,playing cornet,4,50,34,8,16,0.8095238208770752,0.6800000071525574,0.739130437374115,0.7450980544090271,0.005967617034912109,0.1351428542818342,0.45899999141693115
7,46,wind noise,4,50,17,42,33,0.2881355881690979,0.3400000035762787,0.31192660331726074,0.47058823704719543,0.1586616337299347,0.1351428542818342,0.45899999141693115
7,47,"playing steel guitar, slide guitar",4,50,24,17,26,0.5853658318519592,0.47999998927116394,0.5274725556373596,0.5744680762290955,0.04699552059173584,0.1351428542818342,0.45899999141693115
7,48,orchestra,4,50,21,28,29,0.4285714328289032,0.41999998688697815,0.42424243688583374,0.4385964870452881,0.014354050159454346,0.1351428542818342,0.45899999141693115
7,49,playing harp,4,50,19,15,31,0.5588235259056091,0.3799999952316284,0.4523809552192688,0.5,0.0476190447807312,0.1351428542818342,0.45899999141693115
7,50,roller coaster running,5,50,34,21,16,0.6181818246841431,0.6800000071525574,0.6476190686225891,0.7209302186965942,0.07331115007400513,0.1351428542818342,0.45899999141693115
7,51,missile launch,5,50,23,26,27,0.4693877696990967,0.46000000834465027,0.46464645862579346,0.5423728823661804,0.07772642374038696,0.1351428542818342,0.45899999141693115
7,52,"playing marimba, xylophone",5,50,5,50,45,0.09090909361839294,0.10000000149011612,0.095238097012043,0.1428571492433548,0.0476190522313118,0.1351428542818342,0.45899999141693115
7,53,airplane flyby,5,50,36,12,14,0.75,0.7200000286102295,0.7346938848495483,0.7407407164573669,0.0060468316078186035,0.1351428542818342,0.45899999141693115
7,54,playing saxophone,5,50,19,62,31,0.23456789553165436,0.3799999952316284,0.290076345205307,0.3207547068595886,0.030678361654281616,0.1351428542818342,0.45899999141693115
7,55,"subway, metro, underground",5,50,30,35,20,0.4615384638309479,0.6000000238418579,0.52173912525177,0.649350643157959,0.12761151790618896,0.1351428542818342,0.45899999141693115
7,56,arc welding,5,50,35,29,15,0.546875,0.699999988079071,0.6140350699424744,0.6730769276618958,0.05904185771942139,0.1351428542818342,0.45899999141693115
7,57,mynah bird singing,5,50,25,65,25,0.2777777910232544,0.5,0.3571428656578064,0.508474588394165,0.15133172273635864,0.1351428542818342,0.45899999141693115
7,58,playing piano,5,50,15,53,35,0.22058823704719543,0.30000001192092896,0.2542372941970825,0.2571428716182709,0.0029055774211883545,0.1351428542818342,0.45899999141693115
7,59,playing bongo,5,50,38,8,12,0.8260869383811951,0.7599999904632568,0.7916666865348816,0.8118811845779419,0.020214498043060303,0.1351428542818342,0.45899999141693115
7,60,"pigeon, dove cooing",6,50,27,65,23,0.29347825050354004,0.5400000214576721,0.3802816867828369,0.449438214302063,0.06915652751922607,0.1351428542818342,0.45899999141693115
7,61,"race car, auto racing",6,50,36,57,14,0.3870967626571655,0.7200000286102295,0.503496527671814,0.6382978558540344,0.13480132818222046,0.1351428542818342,0.45899999141693115
7,62,people crowd,6,50,25,45,25,0.3571428656578064,0.5,0.4166666567325592,0.4166666567325592,-0.11936935782432556,0.1351428542818342,0.45899999141693115
7,63,playing vibraphone,6,50,5,15,45,0.25,0.10000000149011612,0.1428571492433548,0.1428571492433548,-0.03940887004137039,0.1351428542818342,0.45899999141693115
7,64,playing mandolin,6,50,18,6,32,0.75,0.36000001430511475,0.4864864945411682,0.4864864945411682,-0.06224405765533447,0.1351428542818342,0.45899999141693115
7,65,"female speech, woman speaking",6,50,29,107,21,0.2132352888584137,0.5799999833106995,0.31182795763015747,0.3472222089767456,0.035394251346588135,0.1351428542818342,0.45899999141693115
7,66,volcano explosion,6,50,36,64,14,0.36000001430511475,0.7200000286102295,0.47999998927116394,0.5833333134651184,0.10333332419395447,0.1351428542818342,0.45899999141693115
7,67,ocean burbling,6,50,13,4,37,0.7647058963775635,0.25999999046325684,0.38805970549583435,0.38805970549583435,-0.2748521566390991,0.1351428542818342,0.45899999141693115
7,68,singing choir,6,50,11,28,39,0.28205129504203796,0.2199999988079071,0.24719101190567017,0.24719101190567017,-0.09567585587501526,0.1351428542818342,0.45899999141693115
7,69,playing flute,6,50,14,43,36,0.24561403691768646,0.2800000011920929,0.2616822421550751,0.2616822421550751,-0.03633013367652893,0.1351428542818342,0.45899999141693115
7,70,playing acoustic guitar,7,50,10,29,40,0.25641027092933655,0.20000000298023224,0.2247191071510315,0.2247191071510315,0.0,0.1351428542818342,0.45899999141693115
7,71,canary calling,7,50,17,4,33,0.8095238208770752,0.3400000035762787,0.47887325286865234,0.47887325286865234,0.0,0.1351428542818342,0.45899999141693115
7,72,pheasant crowing,7,50,8,5,42,0.6153846383094788,0.1599999964237213,0.2539682686328888,0.2539682686328888,0.0,0.1351428542818342,0.45899999141693115
7,73,woodpecker pecking tree,7,50,27,11,23,0.7105262875556946,0.5400000214576721,0.6136363744735718,0.6136363744735718,0.0,0.1351428542818342,0.45899999141693115
7,74,yodelling,7,50,28,34,22,0.4516128897666931,0.5600000023841858,0.5,0.5,0.0,0.1351428542818342,0.45899999141693115
7,75,sharpen knife,7,50,28,4,22,0.875,0.5600000023841858,0.6829268336296082,0.6829268336296082,0.0,0.1351428542818342,0.45899999141693115
7,76,"playing violin, fiddle",7,50,6,18,44,0.25,0.11999999731779099,0.1621621549129486,0.1621621549129486,0.0,0.1351428542818342,0.45899999141693115
7,77,printer printing,7,50,19,6,31,0.7599999904632568,0.3799999952316284,0.5066666603088379,0.5066666603088379,0.0,0.1351428542818342,0.45899999141693115
7,78,planing timber,7,50,10,2,40,0.8333333134651184,0.20000000298023224,0.32258063554763794,0.32258063554763794,0.0,0.1351428542818342,0.45899999141693115
7,79,lawn mowing,7,50,5,2,45,0.7142857313156128,0.10000000149011612,0.17543859779834747,0.17543859779834747,0.0,0.1351428542818342,0.45899999141693115
8,0,playing volleyball,0,50,27,8,23,0.7714285850524902,0.5400000214576721,0.6352941393852234,0.8571428656578064,0.221848726272583,0.13224999979138374,0.4355555474758148
8,1,child singing,0,50,11,38,39,0.22448979318141937,0.2199999988079071,0.2222222238779068,0.7252747416496277,0.5030525177717209,0.13224999979138374,0.4355555474758148
8,2,"heart sounds, heartbeat",0,50,35,5,15,0.875,0.699999988079071,0.7777777910232544,0.9399999976158142,0.16222220659255981,0.13224999979138374,0.4355555474758148
8,3,singing bowl,0,50,25,35,25,0.4166666567325592,0.5,0.4545454680919647,0.9200000166893005,0.4654545485973358,0.13224999979138374,0.4355555474758148
8,4,cap gun shooting,0,50,12,28,38,0.30000001192092896,0.23999999463558197,0.2666666805744171,0.6516854166984558,0.3850187361240387,0.13224999979138374,0.4355555474758148
8,5,rope skipping,0,50,32,54,18,0.3720930218696594,0.6399999856948853,0.47058823704719543,0.8484848737716675,0.37789663672447205,0.13224999979138374,0.4355555474758148
8,6,"child speech, kid speaking",0,50,11,55,39,0.1666666716337204,0.2199999988079071,0.18965516984462738,0.5692307949066162,0.37957562506198883,0.13224999979138374,0.4355555474758148
8,7,baby laughter,0,50,22,6,28,0.7857142686843872,0.4399999976158142,0.5641025900840759,0.7356321811676025,0.1715295910835266,0.13224999979138374,0.4355555474758148
8,8,playing table tennis,0,50,42,20,8,0.6774193644523621,0.8399999737739563,0.75,0.9278350472450256,0.17783504724502563,0.13224999979138374,0.4355555474758148
8,9,lighting firecrackers,0,50,20,92,30,0.1785714328289032,0.4000000059604645,0.2469135820865631,0.7169811129570007,0.4700675308704376,0.13224999979138374,0.4355555474758148
8,10,playing bass drum,1,50,24,36,26,0.4000000059604645,0.47999998927116394,0.4363636374473572,0.7894737124443054,0.35311007499694824,0.13224999979138374,0.4355555474758148
8,11,playing banjo,1,50,20,43,30,0.3174603283405304,0.4000000059604645,0.3539822995662689,0.6336633563041687,0.2796810567378998,0.13224999979138374,0.4355555474758148
8,12,fire truck siren,1,50,12,8,38,0.6000000238418579,0.23999999463558197,0.34285715222358704,0.7816091775894165,0.43875202536582947,0.13224999979138374,0.4355555474758148
8,13,playing bagpipes,1,50,31,4,19,0.8857142925262451,0.6200000047683716,0.729411780834198,0.7799999713897705,0.05058819055557251,0.13224999979138374,0.4355555474758148
8,14,playing french horn,1,50,15,61,35,0.19736842811107635,0.30000001192092896,0.2380952388048172,0.4237288236618042,0.185633584856987,0.13224999979138374,0.4355555474758148
8,15,civil defense siren,1,50,28,9,22,0.7567567825317383,0.5600000023841858,0.6436781883239746,0.795918345451355,0.15224015712738037,0.13224999979138374,0.4355555474758148
8,16,tractor digging,1,50,31,12,19,0.7209302186965942,0.6200000047683716,0.6666666865348816,0.9399999976158142,0.2733333110809326,0.13224999979138374,0.4355555474758148
8,17,people whispering,1,50,42,31,8,0.5753424763679504,0.8399999737739563,0.6829268336296082,0.8067227005958557,0.12379586696624756,0.13224999979138374,0.4355555474758148
8,18,lathe spinning,1,50,31,24,19,0.5636363625526428,0.6200000047683716,0.5904762148857117,0.8936170339584351,0.3031408190727234,0.13224999979138374,0.4355555474758148
8,19,playing theremin,1,50,6,27,44,0.1818181872367859,0.11999999731779099,0.14457830786705017,0.3655914068222046,0.22101309895515442,0.13224999979138374,0.4355555474758148
8,20,playing glockenspiel,2,50,22,5,28,0.8148148059844971,0.4399999976158142,0.5714285969734192,0.7341772317886353,0.16274863481521606,0.13224999979138374,0.4355555474758148
8,21,playing hammond organ,2,50,4,10,46,0.2857142984867096,0.07999999821186066,0.125,0.2933333218097687,0.16833332180976868,0.13224999979138374,0.4355555474758148
8,22,police car (siren),2,50,29,45,21,0.3918918967247009,0.5799999833106995,0.4677419364452362,0.5517241358757019,0.0839821994304657,0.13224999979138374,0.4355555474758148
8,23,people cheering,2,50,19,30,31,0.3877550959587097,0.3799999952316284,0.38383838534355164,0.7526881694793701,0.3688497841358185,0.13224999979138374,0.4355555474758148
8,24,playing electronic organ,2,50,4,28,46,0.125,0.07999999821186066,0.09756097197532654,0.19354838132858276,0.09598740935325623,0.13224999979138374,0.4355555474758148
8,25,bowling impact,2,50,35,27,15,0.5645161271095276,0.699999988079071,0.625,0.8440366983413696,0.21903669834136963,0.13224999979138374,0.4355555474758148
8,26,people marching,2,50,26,21,24,0.5531914830207825,0.5199999809265137,0.5360824465751648,0.6938775777816772,0.15779513120651245,0.13224999979138374,0.4355555474758148
8,27,playing bass guitar,2,50,6,49,44,0.1090909093618393,0.11999999731779099,0.11428571492433548,0.6371681690216064,0.522882454097271,0.13224999979138374,0.4355555474758148
8,28,goose honking,2,50,18,45,32,0.2857142984867096,0.36000001430511475,0.3185840845108032,0.5142857432365417,0.19570165872573853,0.13224999979138374,0.4355555474758148
8,29,playing trombone,2,50,18,36,32,0.3333333432674408,0.36000001430511475,0.3461538553237915,0.465753436088562,0.11959958076477051,0.13224999979138374,0.4355555474758148
8,30,helicopter,3,50,20,16,30,0.5555555820465088,0.4000000059604645,0.4651162922382355,0.5531914830207825,0.088075190782547,0.13224999979138374,0.4355555474758148
8,31,playing erhu,3,50,28,19,22,0.5957446694374084,0.5600000023841858,0.5773195624351501,0.738095223903656,0.16077566146850586,0.13224999979138374,0.4355555474758148
8,32,dog howling,3,50,15,19,35,0.44117647409439087,0.30000001192092896,0.3571428656578064,0.5882353186607361,0.2310924530029297,0.13224999979138374,0.4355555474758148
8,33,playing synthesizer,3,50,8,17,42,0.3199999928474426,0.1599999964237213,0.2133333384990692,0.3619047701358795,0.1485714316368103,0.13224999979138374,0.4355555474758148
8,34,cat purring,3,50,18,6,32,0.75,0.36000001430511475,0.4864864945411682,0.6410256624221802,0.15453916788101196,0.13224999979138374,0.4355555474758148
8,35,skiing,3,50,40,6,10,0.8695651888847351,0.800000011920929,0.8333333134651184,0.9019607901573181,0.06862747669219971,0.13224999979138374,0.4355555474758148
8,36,wood thrush calling,3,50,16,19,34,0.4571428596973419,0.3199999928474426,0.3764705955982208,0.9166666865348816,0.5401960909366608,0.13224999979138374,0.4355555474758148
8,37,scuba diving,3,50,41,0,9,1.0,0.8199999928474426,0.901098906993866,0.9278350472450256,0.026736140251159668,0.13224999979138374,0.4355555474758148
8,38,playing tambourine,3,50,30,33,20,0.4761904776096344,0.6000000238418579,0.5309734344482422,0.7130434513092041,0.18207001686096191,0.13224999979138374,0.4355555474758148
8,39,driving motorcycle,3,50,11,28,39,0.28205129504203796,0.2199999988079071,0.24719101190567017,0.4901960790157318,0.24300506711006165,0.13224999979138374,0.4355555474758148
8,40,vacuum cleaner cleaning floors,4,50,6,13,44,0.31578946113586426,0.11999999731779099,0.17391304671764374,0.5048543810844421,0.3309413343667984,0.13224999979138374,0.4355555474758148
8,41,playing squash,4,50,27,12,23,0.692307710647583,0.5400000214576721,0.6067415475845337,0.8139534592628479,0.2072119116783142,0.13224999979138374,0.4355555474758148
8,42,slot machine,4,50,42,12,8,0.7777777910232544,0.8399999737739563,0.807692289352417,0.8775510191917419,0.06985872983932495,0.13224999979138374,0.4355555474758148
8,43,beat boxing,4,50,34,53,16,0.39080458879470825,0.6800000071525574,0.49635037779808044,0.5757575631141663,0.07940718531608582,0.13224999979138374,0.4355555474758148
8,44,playing cello,4,50,9,14,41,0.3913043439388275,0.18000000715255737,0.24657534062862396,0.37383177876472473,0.12725643813610077,0.13224999979138374,0.4355555474758148
8,45,playing cornet,4,50,32,12,18,0.7272727489471436,0.6399999856948853,0.6808510422706604,0.7450980544090271,0.0642470121383667,0.13224999979138374,0.4355555474758148
8,46,wind noise,4,50,14,39,36,0.2641509473323822,0.2800000011920929,0.27184465527534485,0.47058823704719543,0.19874358177185059,0.13224999979138374,0.4355555474758148
8,47,"playing steel guitar, slide guitar",4,50,23,18,27,0.5609756112098694,0.46000000834465027,0.5054945349693298,0.5744680762290955,0.06897354125976562,0.13224999979138374,0.4355555474758148
8,48,orchestra,4,50,19,22,31,0.46341463923454285,0.3799999952316284,0.4175824224948883,0.4385964870452881,0.02101406455039978,0.13224999979138374,0.4355555474758148
8,49,playing harp,4,50,13,8,37,0.6190476417541504,0.25999999046325684,0.3661971688270569,0.5,0.13380283117294312,0.13224999979138374,0.4355555474758148
8,50,roller coaster running,5,50,32,13,18,0.7111111283302307,0.6399999856948853,0.6736842393875122,0.7209302186965942,0.04724597930908203,0.13224999979138374,0.4355555474758148
8,51,missile launch,5,50,21,22,29,0.4883720874786377,0.41999998688697815,0.4516128897666931,0.5423728823661804,0.0907599925994873,0.13224999979138374,0.4355555474758148
8,52,"playing marimba, xylophone",5,50,5,46,45,0.09803921729326248,0.10000000149011612,0.09900990128517151,0.1428571492433548,0.04384724795818329,0.13224999979138374,0.4355555474758148
8,53,airplane flyby,5,50,37,13,13,0.7400000095367432,0.7400000095367432,0.7400000095367432,0.7407407164573669,0.0007407069206237793,0.13224999979138374,0.4355555474758148
8,54,playing saxophone,5,50,17,50,33,0.2537313401699066,0.3400000035762787,0.2905983030796051,0.3207547068595886,0.03015640377998352,0.13224999979138374,0.4355555474758148
8,55,"subway, metro, underground",5,50,30,30,20,0.5,0.6000000238418579,0.5454545617103577,0.649350643157959,0.10389608144760132,0.13224999979138374,0.4355555474758148
8,56,arc welding,5,50,31,13,19,0.7045454382896423,0.6200000047683716,0.6595744490623474,0.6730769276618958,0.01350247859954834,0.13224999979138374,0.4355555474758148
8,57,mynah bird singing,5,50,18,32,32,0.36000001430511475,0.36000001430511475,0.36000001430511475,0.508474588394165,0.1484745740890503,0.13224999979138374,0.4355555474758148
8,58,playing piano,5,50,12,26,38,0.31578946113586426,0.23999999463558197,0.27272728085517883,0.27272728085517883,-0.015584409236907959,0.13224999979138374,0.4355555474758148
8,59,playing bongo,5,50,40,9,10,0.8163265585899353,0.800000011920929,0.808080792427063,0.8118811845779419,0.0038003921508789062,0.13224999979138374,0.4355555474758148
8,60,"pigeon, dove cooing",6,50,24,47,26,0.3380281627178192,0.47999998927116394,0.39669421315193176,0.449438214302063,0.052744001150131226,0.13224999979138374,0.4355555474758148
8,61,"race car, auto racing",6,50,29,30,21,0.49152541160583496,0.5799999833106995,0.5321100950241089,0.6382978558540344,0.10618776082992554,0.13224999979138374,0.4355555474758148
8,62,people crowd,6,50,22,42,28,0.34375,0.4399999976158142,0.38596490025520325,0.4166666567325592,0.030701756477355957,0.13224999979138374,0.4355555474758148
8,63,playing vibraphone,6,50,4,8,46,0.3333333432674408,0.07999999821186066,0.12903225421905518,0.1428571492433548,0.013824895024299622,0.13224999979138374,0.4355555474758148
8,64,playing mandolin,6,50,17,3,33,0.8500000238418579,0.3400000035762787,0.48571428656578064,0.4864864945411682,0.0007722079753875732,0.13224999979138374,0.4355555474758148
8,65,"female speech, woman speaking",6,50,28,115,22,0.1958041936159134,0.5600000023841858,0.29015544056892395,0.3472222089767456,0.057066768407821655,0.13224999979138374,0.4355555474758148
8,66,volcano explosion,6,50,33,51,17,0.3928571343421936,0.6600000262260437,0.49253731966018677,0.5833333134651184,0.09079599380493164,0.13224999979138374,0.4355555474758148
8,67,ocean burbling,6,50,12,12,38,0.5,0.23999999463558197,0.3243243098258972,0.38805970549583435,0.06373539566993713,0.13224999979138374,0.4355555474758148
8,68,singing choir,6,50,8,25,42,0.24242424964904785,0.1599999964237213,0.1927710771560669,0.24719101190567017,0.05441993474960327,0.13224999979138374,0.4355555474758148
8,69,playing flute,6,50,10,30,40,0.25,0.20000000298023224,0.2222222238779068,0.2616822421550751,0.039460018277168274,0.13224999979138374,0.4355555474758148
8,70,playing acoustic guitar,7,50,35,185,15,0.15909090638160706,0.699999988079071,0.25925925374031067,0.25925925374031067,-0.034540146589279175,0.13224999979138374,0.4355555474758148
8,71,canary calling,7,50,32,18,18,0.6399999856948853,0.6399999856948853,0.6399999856948853,0.6399999856948853,-0.1611267328262329,0.13224999979138374,0.4355555474758148
8,72,pheasant crowing,7,50,27,33,23,0.44999998807907104,0.5400000214576721,0.4909090995788574,0.4909090995788574,-0.23694083094596863,0.13224999979138374,0.4355555474758148
8,73,woodpecker pecking tree,7,50,44,43,6,0.5057471394538879,0.8799999952316284,0.6423357725143433,0.6423357725143433,-0.028699398040771484,0.13224999979138374,0.4355555474758148
8,74,yodelling,7,50,34,110,16,0.2361111044883728,0.6800000071525574,0.3505154550075531,0.5,0.1494845449924469,0.13224999979138374,0.4355555474758148
8,75,sharpen knife,7,50,37,32,13,0.5362318754196167,0.7400000095367432,0.6218487620353699,0.6829268336296082,0.06107807159423828,0.13224999979138374,0.4355555474758148
8,76,"playing violin, fiddle",7,50,15,60,35,0.20000000298023224,0.30000001192092896,0.23999999463558197,0.23999999463558197,-0.07783783972263336,0.13224999979138374,0.4355555474758148
8,77,printer printing,7,50,35,42,15,0.4545454680919647,0.699999988079071,0.5511810779571533,0.5511810779571533,-0.04451441764831543,0.13224999979138374,0.4355555474758148
8,78,planing timber,7,50,25,14,25,0.6410256624221802,0.5,0.5617977380752563,0.5617977380752563,-0.2392171025276184,0.13224999979138374,0.4355555474758148
8,79,lawn mowing,7,50,29,57,21,0.3372093141078949,0.5799999833106995,0.4264705777168274,0.4264705777168274,-0.2510319799184799,0.13224999979138374,0.4355555474758148
8,80,"electric shaver, electric razor shaving",8,50,23,6,27,0.7931034564971924,0.46000000834465027,0.5822784900665283,0.5822784900665283,0.0,0.13224999979138374,0.4355555474758148
8,81,fireworks banging,8,50,0,0,50,0.0,0.0,0.0,0.0,0.0,0.13224999979138374,0.4355555474758148
8,82,tap dancing,8,50,18,2,32,0.8999999761581421,0.36000001430511475,0.5142857432365417,0.5142857432365417,0.0,0.13224999979138374,0.4355555474758148
8,83,tapping guitar,8,50,1,0,49,1.0,0.019999999552965164,0.03921568766236305,0.03921568766236305,0.0,0.13224999979138374,0.4355555474758148
8,84,stream burbling,8,50,3,0,47,1.0,0.05999999865889549,0.11320754885673523,0.11320754885673523,0.0,0.13224999979138374,0.4355555474758148
8,85,playing bassoon,8,50,20,8,30,0.7142857313156128,0.4000000059604645,0.5128205418586731,0.5128205418586731,0.0,0.13224999979138374,0.4355555474758148
8,86,police radio chatter,8,50,32,13,18,0.7111111283302307,0.6399999856948853,0.6736842393875122,0.6736842393875122,0.0,0.13224999979138374,0.4355555474758148
8,87,playing sitar,8,50,0,1,50,0.0,0.0,0.0,0.0,0.0,0.13224999979138374,0.4355555474758148
8,88,playing electric guitar,8,50,2,12,48,0.1428571492433548,0.03999999910593033,0.0625,0.0625,0.0,0.13224999979138374,0.4355555474758148
8,89,people whistling,8,50,14,29,36,0.3255814015865326,0.2800000011920929,0.301075279712677,0.301075279712677,0.0,0.13224999979138374,0.4355555474758148
9,0,playing volleyball,0,50,26,7,24,0.7878788113594055,0.5199999809265137,0.6265060305595398,0.8571428656578064,0.2306368350982666,0.17333332531982,0.397599995136261
9,1,child singing,0,50,13,55,37,0.19117647409439087,0.25999999046325684,0.22033898532390594,0.7252747416496277,0.5049357563257217,0.17333332531982,0.397599995136261
9,2,"heart sounds, heartbeat",0,50,33,8,17,0.8048780560493469,0.6600000262260437,0.7252747416496277,0.9399999976158142,0.21472525596618652,0.17333332531982,0.397599995136261
9,3,singing bowl,0,50,19,24,31,0.44186046719551086,0.3799999952316284,0.40860214829444885,0.9200000166893005,0.5113978683948517,0.17333332531982,0.397599995136261
9,4,cap gun shooting,0,50,12,28,38,0.30000001192092896,0.23999999463558197,0.2666666805744171,0.6516854166984558,0.3850187361240387,0.17333332531982,0.397599995136261
9,5,rope skipping,0,50,26,54,24,0.32499998807907104,0.5199999809265137,0.4000000059604645,0.8484848737716675,0.448484867811203,0.17333332531982,0.397599995136261
9,6,"child speech, kid speaking",0,50,6,44,44,0.11999999731779099,0.11999999731779099,0.11999999731779099,0.5692307949066162,0.4492307975888252,0.17333332531982,0.397599995136261
9,7,baby laughter,0,50,8,10,42,0.4444444477558136,0.1599999964237213,0.23529411852359772,0.7356321811676025,0.5003380626440048,0.17333332531982,0.397599995136261
9,8,playing table tennis,0,50,39,17,11,0.6964285969734192,0.7799999713897705,0.7358490824699402,0.9278350472450256,0.19198596477508545,0.17333332531982,0.397599995136261
9,9,lighting firecrackers,0,50,10,47,40,0.17543859779834747,0.20000000298023224,0.18691588938236237,0.7169811129570007,0.5300652235746384,0.17333332531982,0.397599995136261
9,10,playing bass drum,1,50,22,59,28,0.2716049253940582,0.4399999976158142,0.3358778655529022,0.7894737124443054,0.4535958468914032,0.17333332531982,0.397599995136261
9,11,playing banjo,1,50,15,56,35,0.2112676054239273,0.30000001192092896,0.24793387949466705,0.6336633563041687,0.38572947680950165,0.17333332531982,0.397599995136261
9,12,fire truck siren,1,50,12,10,38,0.5454545617103577,0.23999999463558197,0.3333333432674408,0.7816091775894165,0.4482758343219757,0.17333332531982,0.397599995136261
9,13,playing bagpipes,1,50,32,5,18,0.8648648858070374,0.6399999856948853,0.7356321811676025,0.7799999713897705,0.04436779022216797,0.17333332531982,0.397599995136261
9,14,playing french horn,1,50,8,33,42,0.19512194395065308,0.1599999964237213,0.17582418024539948,0.4237288236618042,0.24790464341640472,0.17333332531982,0.397599995136261
9,15,civil defense siren,1,50,29,7,21,0.8055555820465088,0.5799999833106995,0.6744186282157898,0.795918345451355,0.12149971723556519,0.17333332531982,0.397599995136261
9,16,tractor digging,1,50,30,15,20,0.6666666865348816,0.6000000238418579,0.6315789222717285,0.9399999976158142,0.3084210753440857,0.17333332531982,0.397599995136261
9,17,people whispering,1,50,42,32,8,0.5675675868988037,0.8399999737739563,0.6774193644523621,0.8067227005958557,0.12930333614349365,0.17333332531982,0.397599995136261
9,18,lathe spinning,1,50,30,24,20,0.5555555820465088,0.6000000238418579,0.5769230723381042,0.8936170339584351,0.3166939616203308,0.17333332531982,0.397599995136261
9,19,playing theremin,1,50,5,16,45,0.2380952388048172,0.10000000149011612,0.14084507524967194,0.3655914068222046,0.22474633157253265,0.17333332531982,0.397599995136261
9,20,playing glockenspiel,2,50,19,9,31,0.6785714030265808,0.3799999952316284,0.4871794879436493,0.7341772317886353,0.24699774384498596,0.17333332531982,0.397599995136261
9,21,playing hammond organ,2,50,2,8,48,0.20000000298023224,0.03999999910593033,0.06666667014360428,0.2933333218097687,0.2266666516661644,0.17333332531982,0.397599995136261
9,22,police car (siren),2,50,20,43,30,0.3174603283405304,0.4000000059604645,0.3539822995662689,0.5517241358757019,0.19774183630943298,0.17333332531982,0.397599995136261
9,23,people cheering,2,50,16,33,34,0.3265306055545807,0.3199999928474426,0.3232323229312897,0.7526881694793701,0.42945584654808044,0.17333332531982,0.397599995136261
9,24,playing electronic organ,2,50,3,24,47,0.1111111119389534,0.05999999865889549,0.07792207598686218,0.19354838132858276,0.11562630534172058,0.17333332531982,0.397599995136261
9,25,bowling impact,2,50,33,15,17,0.6875,0.6600000262260437,0.6734693646430969,0.8440366983413696,0.1705673336982727,0.17333332531982,0.397599995136261
9,26,people marching,2,50,20,19,30,0.5128205418586731,0.4000000059604645,0.449438214302063,0.6938775777816772,0.24443936347961426,0.17333332531982,0.397599995136261
9,27,playing bass guitar,2,50,8,39,42,0.1702127605676651,0.1599999964237213,0.1649484485387802,0.6371681690216064,0.47221972048282623,0.17333332531982,0.397599995136261
9,28,goose honking,2,50,13,40,37,0.24528302252292633,0.25999999046325684,0.25242719054222107,0.5142857432365417,0.2618585526943207,0.17333332531982,0.397599995136261
9,29,playing trombone,2,50,16,31,34,0.3404255211353302,0.3199999928474426,0.3298968970775604,0.465753436088562,0.1358565390110016,0.17333332531982,0.397599995136261
9,30,helicopter,3,50,17,19,33,0.4722222089767456,0.3400000035762787,0.39534884691238403,0.5531914830207825,0.15784263610839844,0.17333332531982,0.397599995136261
9,31,playing erhu,3,50,29,23,21,0.557692289352417,0.5799999833106995,0.5686274766921997,0.738095223903656,0.1694677472114563,0.17333332531982,0.397599995136261
9,32,dog howling,3,50,11,16,39,0.40740740299224854,0.2199999988079071,0.2857142984867096,0.5882353186607361,0.3025210201740265,0.17333332531982,0.397599995136261
9,33,playing synthesizer,3,50,7,16,43,0.30434781312942505,0.14000000059604645,0.19178082048892975,0.3619047701358795,0.17012394964694977,0.17333332531982,0.397599995136261
9,34,cat purring,3,50,16,6,34,0.7272727489471436,0.3199999928474426,0.4444444477558136,0.6410256624221802,0.19658121466636658,0.17333332531982,0.397599995136261
9,35,skiing,3,50,36,4,14,0.8999999761581421,0.7200000286102295,0.800000011920929,0.9019607901573181,0.10196077823638916,0.17333332531982,0.397599995136261
9,36,wood thrush calling,3,50,16,25,34,0.39024388790130615,0.3199999928474426,0.35164836049079895,0.9166666865348816,0.5650183260440826,0.17333332531982,0.397599995136261
9,37,scuba diving,3,50,42,0,8,1.0,0.8399999737739563,0.9130434989929199,0.9278350472450256,0.014791548252105713,0.17333332531982,0.397599995136261
9,38,playing tambourine,3,50,28,39,22,0.41791045665740967,0.5600000023841858,0.47863247990608215,0.7130434513092041,0.23441097140312195,0.17333332531982,0.397599995136261
9,39,driving motorcycle,3,50,13,32,37,0.2888889014720917,0.25999999046325684,0.27368420362472534,0.4901960790157318,0.21651187539100647,0.17333332531982,0.397599995136261
9,40,vacuum cleaner cleaning floors,4,50,3,8,47,0.27272728085517883,0.05999999865889549,0.09836065769195557,0.5048543810844421,0.4064937233924866,0.17333332531982,0.397599995136261
9,41,playing squash,4,50,24,12,26,0.6666666865348816,0.47999998927116394,0.5581395626068115,0.8139534592628479,0.2558138966560364,0.17333332531982,0.397599995136261
9,42,slot machine,4,50,42,11,8,0.7924528121948242,0.8399999737739563,0.8155339956283569,0.8775510191917419,0.06201702356338501,0.17333332531982,0.397599995136261
9,43,beat boxing,4,50,34,55,16,0.3820224702358246,0.6800000071525574,0.4892086386680603,0.5757575631141663,0.08654892444610596,0.17333332531982,0.397599995136261
9,44,playing cello,4,50,7,13,43,0.3499999940395355,0.14000000059604645,0.20000000298023224,0.37383177876472473,0.1738317757844925,0.17333332531982,0.397599995136261
9,45,playing cornet,4,50,26,11,24,0.7027027010917664,0.5199999809265137,0.5977011322975159,0.7450980544090271,0.14739692211151123,0.17333332531982,0.397599995136261
9,46,wind noise,4,50,14,45,36,0.23728813230991364,0.2800000011920929,0.2568807303905487,0.47058823704719543,0.21370750665664673,0.17333332531982,0.397599995136261
9,47,"playing steel guitar, slide guitar",4,50,20,8,30,0.7142857313156128,0.4000000059604645,0.5128205418586731,0.5744680762290955,0.06164753437042236,0.17333332531982,0.397599995136261
9,48,orchestra,4,50,12,17,38,0.4137931168079376,0.23999999463558197,0.3037974536418915,0.4385964870452881,0.1347990334033966,0.17333332531982,0.397599995136261
9,49,playing harp,4,50,11,11,39,0.5,0.2199999988079071,0.3055555522441864,0.5,0.1944444477558136,0.17333332531982,0.397599995136261
9,50,roller coaster running,5,50,29,11,21,0.7250000238418579,0.5799999833106995,0.644444465637207,0.7209302186965942,0.07648575305938721,0.17333332531982,0.397599995136261
9,51,missile launch,5,50,16,17,34,0.4848484992980957,0.3199999928474426,0.3855421543121338,0.5423728823661804,0.15683072805404663,0.17333332531982,0.397599995136261
9,52,"playing marimba, xylophone",5,50,2,30,48,0.0625,0.03999999910593033,0.04878048598766327,0.1428571492433548,0.09407666325569153,0.17333332531982,0.397599995136261
9,53,airplane flyby,5,50,37,13,13,0.7400000095367432,0.7400000095367432,0.7400000095367432,0.7407407164573669,0.0007407069206237793,0.17333332531982,0.397599995136261
9,54,playing saxophone,5,50,14,48,36,0.22580644488334656,0.2800000011920929,0.25,0.3207547068595886,0.07075470685958862,0.17333332531982,0.397599995136261
9,55,"subway, metro, underground",5,50,31,40,19,0.43661972880363464,0.6200000047683716,0.5123966932296753,0.649350643157959,0.1369539499282837,0.17333332531982,0.397599995136261
9,56,arc welding,5,50,27,12,23,0.692307710647583,0.5400000214576721,0.6067415475845337,0.6730769276618958,0.06633538007736206,0.17333332531982,0.397599995136261
9,57,mynah bird singing,5,50,15,24,35,0.38461539149284363,0.30000001192092896,0.33707866072654724,0.508474588394165,0.1713959276676178,0.17333332531982,0.397599995136261
9,58,playing piano,5,50,11,16,39,0.40740740299224854,0.2199999988079071,0.2857142984867096,0.2857142984867096,-0.012987017631530762,0.17333332531982,0.397599995136261
9,59,playing bongo,5,50,35,10,15,0.7777777910232544,0.699999988079071,0.7368420958518982,0.8118811845779419,0.0750390887260437,0.17333332531982,0.397599995136261
9,60,"pigeon, dove cooing",6,50,18,31,32,0.36734694242477417,0.36000001430511475,0.3636363744735718,0.449438214302063,0.08580183982849121,0.17333332531982,0.397599995136261
9,61,"race car, auto racing",6,50,22,21,28,0.5116279125213623,0.4399999976158142,0.47311827540397644,0.6382978558540344,0.16517958045005798,0.17333332531982,0.397599995136261
9,62,people crowd,6,50,22,44,28,0.3333333432674408,0.4399999976158142,0.37931033968925476,0.4166666567325592,0.03735631704330444,0.17333332531982,0.397599995136261
9,63,playing vibraphone,6,50,4,7,46,0.3636363744735718,0.07999999821186066,0.13114753365516663,0.1428571492433548,0.011709615588188171,0.17333332531982,0.397599995136261
9,64,playing mandolin,6,50,17,6,33,0.739130437374115,0.3400000035762787,0.465753436088562,0.4864864945411682,0.0207330584526062,0.17333332531982,0.397599995136261
9,65,"female speech, woman speaking",6,50,21,100,29,0.1735537201166153,0.41999998688697815,0.24561403691768646,0.3472222089767456,0.10160817205905914,0.17333332531982,0.397599995136261
9,66,volcano explosion,6,50,31,47,19,0.39743590354919434,0.6200000047683716,0.484375,0.5833333134651184,0.09895831346511841,0.17333332531982,0.397599995136261
9,67,ocean burbling,6,50,10,2,40,0.8333333134651184,0.20000000298023224,0.32258063554763794,0.38805970549583435,0.06547906994819641,0.17333332531982,0.397599995136261
9,68,singing choir,6,50,6,9,44,0.4000000059604645,0.11999999731779099,0.1846153885126114,0.24719101190567017,0.06257562339305878,0.17333332531982,0.397599995136261
9,69,playing flute,6,50,9,29,41,0.2368421107530594,0.18000000715255737,0.20454545319080353,0.2616822421550751,0.057136788964271545,0.17333332531982,0.397599995136261
9,70,playing acoustic guitar,7,50,27,149,23,0.15340909361839294,0.5400000214576721,0.23893804848194122,0.25925925374031067,0.020321205258369446,0.17333332531982,0.397599995136261
9,71,canary calling,7,50,24,15,26,0.6153846383094788,0.47999998927116394,0.5393258333206177,0.6399999856948853,0.10067415237426758,0.17333332531982,0.397599995136261
9,72,pheasant crowing,7,50,23,30,27,0.43396225571632385,0.46000000834465027,0.446601927280426,0.4909090995788574,0.044307172298431396,0.17333332531982,0.397599995136261
9,73,woodpecker pecking tree,7,50,37,35,13,0.5138888955116272,0.7400000095367432,0.6065573692321777,0.6423357725143433,0.03577840328216553,0.17333332531982,0.397599995136261
9,74,yodelling,7,50,29,75,21,0.2788461446762085,0.5799999833106995,0.37662336230278015,0.5,0.12337663769721985,0.17333332531982,0.397599995136261
9,75,sharpen knife,7,50,25,19,25,0.5681818127632141,0.5,0.5319148898124695,0.6829268336296082,0.15101194381713867,0.17333332531982,0.397599995136261
9,76,"playing violin, fiddle",7,50,14,69,36,0.16867469251155853,0.2800000011920929,0.21052631735801697,0.23999999463558197,0.029473677277565002,0.17333332531982,0.397599995136261
9,77,printer printing,7,50,32,23,18,0.581818163394928,0.6399999856948853,0.6095238327980042,0.6095238327980042,-0.05834275484085083,0.17333332531982,0.397599995136261
9,78,planing timber,7,50,19,7,31,0.7307692170143127,0.3799999952316284,0.5,0.5617977380752563,0.06179773807525635,0.17333332531982,0.397599995136261
9,79,lawn mowing,7,50,19,30,31,0.3877550959587097,0.3799999952316284,0.38383838534355164,0.4264705777168274,0.04263219237327576,0.17333332531982,0.397599995136261
9,80,"electric shaver, electric razor shaving",8,50,40,72,10,0.3571428656578064,0.800000011920929,0.4938271641731262,0.5822784900665283,0.0884513258934021,0.17333332531982,0.397599995136261
9,81,fireworks banging,8,50,24,19,26,0.5581395626068115,0.47999998927116394,0.5161290168762207,0.5161290168762207,-0.5161290168762207,0.17333332531982,0.397599995136261
9,82,tap dancing,8,50,31,43,19,0.4189189076423645,0.6200000047683716,0.5,0.5142857432365417,0.014285743236541748,0.17333332531982,0.397599995136261
9,83,tapping guitar,8,50,4,8,46,0.3333333432674408,0.07999999821186066,0.12903225421905518,0.12903225421905518,-0.08981656655669212,0.17333332531982,0.397599995136261
9,84,stream burbling,8,50,22,31,28,0.4150943458080292,0.4399999976158142,0.42718446254730225,0.42718446254730225,-0.313976913690567,0.17333332531982,0.397599995136261
9,85,playing bassoon,8,50,41,115,9,0.2628205120563507,0.8199999928474426,0.3980582654476166,0.5128205418586731,0.11476227641105652,0.17333332531982,0.397599995136261
9,86,police radio chatter,8,50,45,80,5,0.36000001430511475,0.8999999761581421,0.5142857432365417,0.6736842393875122,0.15939849615097046,0.17333332531982,0.397599995136261
9,87,playing sitar,8,50,6,44,44,0.11999999731779099,0.11999999731779099,0.11999999731779099,0.11999999731779099,-0.11999999731779099,0.17333332531982,0.397599995136261
9,88,playing electric guitar,8,50,20,172,30,0.1041666641831398,0.4000000059604645,0.1652892529964447,0.1652892529964447,-0.1027892529964447,0.17333332531982,0.397599995136261
9,89,people whistling,8,50,30,149,20,0.16759777069091797,0.6000000238418579,0.2620087265968323,0.301075279712677,0.03906655311584473,0.17333332531982,0.397599995136261
9,90,playing double bass,9,50,26,3,24,0.8965517282485962,0.5199999809265137,0.6582278609275818,0.6582278609275818,0.0,0.17333332531982,0.397599995136261
9,91,"male speech, man speaking",9,50,6,52,44,0.1034482792019844,0.11999999731779099,0.1111111119389534,0.1111111119389534,0.0,0.17333332531982,0.397599995136261
9,92,playing accordion,9,50,3,0,47,1.0,0.05999999865889549,0.11320754885673523,0.11320754885673523,0.0,0.17333332531982,0.397599995136261
9,93,playing tabla,9,50,3,7,47,0.30000001192092896,0.05999999865889549,0.10000000149011612,0.10000000149011612,0.0,0.17333332531982,0.397599995136261
9,94,playing clarinet,9,50,1,3,49,0.25,0.019999999552965164,0.03703703731298447,0.03703703731298447,0.0,0.17333332531982,0.397599995136261
9,95,playing harpsichord,9,50,10,1,40,0.9090909361839294,0.20000000298023224,0.32786884903907776,0.32786884903907776,0.0,0.17333332531982,0.397599995136261
9,96,hail,9,50,37,11,13,0.7708333134651184,0.7400000095367432,0.7551020383834839,0.7551020383834839,0.0,0.17333332531982,0.397599995136261
9,97,playing cymbal,9,50,0,1,50,0.0,0.0,0.0,0.0,0.0,0.17333332531982,0.397599995136261
9,98,people booing,9,50,21,23,29,0.47727271914482117,0.41999998688697815,0.44680851697921753,0.44680851697921753,0.0,0.17333332531982,0.397599995136261
9,99,dog growling,9,50,17,26,33,0.39534884691238403,0.3400000035762787,0.3655914068222046,0.3655914068222046,0.0,0.17333332531982,0.397599995136261
