step,peak_allocated_gib,peak_reserved_gib,device_total_gib
0,4.259934902191162,4.650390625,139.80072021484375
1,9.497179508209229,12.681640625,139.80072021484375
2,9.497341632843018,12.681640625,139.80072021484375
3,9.497503757476807,12.681640625,139.80072021484375
4,9.497665882110596,12.681640625,139.80072021484375
5,9.497828006744385,12.681640625,139.80072021484375
6,9.497990131378174,12.681640625,139.80072021484375
7,9.498152256011963,12.681640625,139.80072021484375
8,9.498314380645752,12.681640625,139.80072021484375
9,9.498476505279541,12.681640625,139.80072021484375
