step,parameter_scope,component,batches,raw_loss_mean,raw_loss_batch_sd,weighted_loss_mean,weighted_loss_batch_sd,raw_grad_norm_mean,raw_grad_norm_batch_sd,weighted_grad_norm_mean,weighted_grad_norm_batch_sd,weighted_grad_over_non_cmr_mean,weighted_grad_over_non_cmr_batch_sd,cosine_with_non_cmr_mean,cosine_with_non_cmr_batch_sd
1,all,attn_spatial,3,0.018003406934440136,0.006182701982575275,0.009001703467220068,0.0030913509912876376,0.82105781471758,0.08762137631037206,0.41052890735879,0.04381068815518603,0.16967471660979602,0.02096303681571858,0.2717755497174697,0.026793963069953932
1,all,attn_temporal,3,0.000908839477536579,0.0004408145598539282,0.0004544197387682895,0.0002204072799269641,0.05216973788462711,0.0034233667658116656,0.026084868942313554,0.0017116833829058328,0.010758480222810575,0.0005457665887629285,0.26387197425497483,0.015765949043235587
1,all,ce,3,0.024899461617072422,0.0041833842827522375,0.024899461617072422,0.0041833842827522375,0.2692379841683651,0.04066563692534318,0.2692379841683651,0.04066563692534318,0.11054870326035239,0.010318748349894795,0.4727252592114119,0.14276604445038948
1,all,class_contrastive,3,0.20958497126897177,0.007876469284938119,0.20958497126897177,0.007876469284938119,0.16404342726790833,0.007985606513762837,0.16404342726790833,0.007985606513762837,0.06764987795034401,0.001382532033010288,0.19163644683268952,0.04178223659775239
1,all,cmr,3,0.009121187962591648,0.0015423365922737195,0.0009121187962591649,0.00015423365922737195,0.20009570376945587,0.022081786568278344,0.020009570376945587,0.002208178656827834,0.008231159192129895,0.00045136963332468146,0.12385568266852619,0.06885799354397816
1,all,cross_sdc_c,3,4.008663892745972,0.034291211875644136,0.0,0.0,1.5439919159243152,0.08291030931933865,0.0,0.0,0.0,0.0,,
1,all,cross_sdc_i,3,3.5018254121144614,0.05402996994918378,0.35018254121144615,0.005402996994918387,1.8014278562572825,0.08202196205325454,0.18014278562572827,0.008202196205325451,0.07445567265285578,0.006113421642145214,0.21728493889761882,0.007068207396413738
1,all,instance_contrastive,3,1.8985895315806072,0.09749098500941208,0.18985895315806073,0.009749098500941198,3.534419666605689,0.056364181423729995,0.35344196666056893,0.005636418142373003,0.14617128187157163,0.01223233680415293,0.052191512176622844,0.045303649915128336
1,all,kd,3,0.08493764450152715,0.008557394600343217,0.08493764450152715,0.008557394600343217,2.162629752759284,0.13353186674474682,2.162629752759284,0.13353186674474682,0.8912970181063741,0.007373937471137378,0.9657339848216886,0.00786291079585882
1,classifier,attn_spatial,3,0.018003406934440136,0.006182701982575275,0.009001703467220068,0.0030913509912876376,0.0,0.0,0.0,0.0,0.0,0.0,,
1,classifier,attn_temporal,3,0.000908839477536579,0.0004408145598539282,0.0004544197387682895,0.0002204072799269641,0.0,0.0,0.0,0.0,0.0,0.0,,
1,classifier,ce,3,0.024899461617072422,0.0041833842827522375,0.024899461617072422,0.0041833842827522375,0.029666263328214832,0.0022337935302363097,0.029666263328214832,0.0022337935302363097,0.08222147978826774,0.003836467210386493,0.25007543627788215,0.22672649112070978
1,classifier,class_contrastive,3,0.20958497126897177,0.007876469284938119,0.20958497126897177,0.007876469284938119,0.0,0.0,0.0,0.0,0.0,0.0,,
1,classifier,cmr,3,0.009121187962591648,0.0015423365922737195,0.0009121187962591649,0.00015423365922737195,0.0,0.0,0.0,0.0,0.0,0.0,,
1,classifier,cross_sdc_c,3,4.008663892745972,0.034291211875644136,0.0,0.0,0.0,0.0,0.0,0.0,0.0,0.0,,
1,classifier,cross_sdc_i,3,3.5018254121144614,0.05402996994918378,0.35018254121144615,0.005402996994918387,0.0,0.0,0.0,0.0,0.0,0.0,,
1,classifier,instance_contrastive,3,1.8985895315806072,0.09749098500941208,0.18985895315806073,0.009749098500941198,0.0,0.0,0.0,0.0,0.0,0.0,,
1,classifier,kd,3,0.08493764450152715,0.008557394600343217,0.08493764450152715,0.008557394600343217,0.3543130837289964,0.016107274652675405,0.3543130837289964,0.016107274652675405,0.9826124778822423,0.019414043816654326,0.9968413362478324,0.00040908192410319164
1,feature_and_attention,attn_spatial,3,0.018003406934440136,0.006182701982575275,0.009001703467220068,0.0030913509912876376,0.8210578147175801,0.08762137631037308,0.41052890735879005,0.04381068815518654,0.17160193855977887,0.02134768989716998,0.27485506415413125,0.027285566942482024
1,feature_and_attention,attn_temporal,3,0.000908839477536579,0.0004408145598539282,0.0004544197387682895,0.0002204072799269641,0.05216973788462714,0.0034233667658116825,0.02608486894231357,0.0017116833829058412,0.010880149589422747,0.0005604638603517177,0.26685606176730725,0.01611683615838434
1,feature_and_attention,ce,3,0.024899461617072422,0.0041833842827522375,0.024899461617072422,0.0041833842827522375,0.2675855902187453,0.04073253567745324,0.2675855902187453,0.04073253567745324,0.11109735471370738,0.010394378020311122,0.4769343569442187,0.1412694295051673
1,feature_and_attention,class_contrastive,3,0.20958497126897177,0.007876469284938119,0.20958497126897177,0.007876469284938119,0.1640434272679081,0.007985606513762598,0.1640434272679081,0.007985606513762598,0.06841367378393481,0.0014446686095415636,0.19379691440900937,0.0422410749834172
1,feature_and_attention,cmr,3,0.009121187962591648,0.0015423365922737195,0.0009121187962591649,0.00015423365922737195,0.20009570376945612,0.022081786568278812,0.020009570376945614,0.002208178656827882,0.008323706143190907,0.0004477942661192393,0.12529533567849974,0.0697917487970018
1,feature_and_attention,cross_sdc_c,3,4.008663892745972,0.034291211875644136,0.0,0.0,1.5439919159243163,0.08291030931933756,0.0,0.0,0.0,0.0,,
1,feature_and_attention,cross_sdc_i,3,3.5018254121144614,0.05402996994918378,0.35018254121144615,0.005402996994918387,1.8014278562572814,0.08202196205325489,0.18014278562572816,0.008202196205325495,0.07530007474478881,0.00626312799525744,0.2197414013133484,0.007387045175767937
1,feature_and_attention,instance_contrastive,3,1.8985895315806072,0.09749098500941208,0.18985895315806073,0.009749098500941198,3.534419666605686,0.05636418142372885,0.35344196666056865,0.005636418142372905,0.14782841534307153,0.012522674438745145,0.052811807094741293,0.045857109166820655
1,feature_and_attention,kd,3,0.08493764450152715,0.008557394600343217,0.08493764450152715,0.008557394600343217,2.133350932140064,0.13392738693963382,2.133350932140064,0.13392738693963382,0.8891066833155835,0.006947146921528429,0.9650605656296843,0.008100739016282353
5,all,attn_spatial,3,0.005295255376646916,0.00018421523795842594,0.002647627688323458,9.210761897921297e-05,0.546625850834958,0.002939054283518128,0.273312925417479,0.001469527141759064,0.08065769723375772,0.002555127064507979,0.07688022950438735,0.006859750215426177
5,all,attn_temporal,3,0.00018907611956819892,6.408741595210433e-06,9.453805978409946e-05,3.2043707976052165e-06,0.03267644315045637,0.0033052016410176337,0.016338221575228185,0.0016526008205088169,0.0048272974899642804,0.0005783413378086956,0.06401530759121508,0.02571660931322719
5,all,ce,3,0.29309188822905224,0.04382077474929826,0.29309188822905224,0.04382077474929826,1.4086307437269867,0.14859132939752717,1.4086307437269867,0.14859132939752717,0.41559930171120063,0.044466844833302085,0.6205954482209598,0.024063055542594563
5,all,class_contrastive,3,0.14049350221951803,0.006592417134852746,0.14049350221951803,0.006592417134852746,0.17130009762118614,0.004308846654421292,0.17130009762118614,0.004308846654421292,0.050547030361195,0.0018004369133680163,0.11668124174657843,0.04331954323265707
5,all,cmr,3,0.17495965460936228,0.01792243347758876,0.01749596546093623,0.0017922433477588781,2.2464299507175673,0.17484237888346313,0.22464299507175675,0.01748423788834631,0.0661982306102619,0.0033835462579019002,0.18661745667355817,0.03561201456804858
5,all,cross_sdc_c,3,3.1724042892456055,0.12275721171347982,0.0,0.0,3.4131670362752793,0.1770865242396839,0.0,0.0,0.0,0.0,,
5,all,cross_sdc_i,3,2.280659834543864,0.12115572757322446,0.2280659834543864,0.012115572757322446,4.482959164018194,0.09559492440908103,0.4482959164018194,0.009559492440908098,0.13230626960496772,0.005394923233517518,0.28951121255900913,0.036242559954854266
5,all,instance_contrastive,3,2.0992935498555503,0.03910102730174517,0.20992935498555504,0.003910102730174517,6.138593457732153,0.23311429341483225,0.6138593457732153,0.02331142934148324,0.1812115836136911,0.010543026255743663,0.2251778921613337,0.04529044033139333
5,all,kd,3,0.08524671445290248,0.009126926051420941,0.08524671445290248,0.009126926051420941,2.526994205455876,0.09912895367866847,2.526994205455876,0.09912895367866847,0.7452133264158483,0.014094331239004712,0.871756342236554,0.01704350649326546
5,classifier,attn_spatial,3,0.005295255376646916,0.00018421523795842594,0.002647627688323458,9.210761897921297e-05,0.0,0.0,0.0,0.0,0.0,0.0,,
5,classifier,attn_temporal,3,0.00018907611956819892,6.408741595210433e-06,9.453805978409946e-05,3.2043707976052165e-06,0.0,0.0,0.0,0.0,0.0,0.0,,
5,classifier,ce,3,0.29309188822905224,0.04382077474929826,0.29309188822905224,0.04382077474929826,0.178668950816717,0.023269599830674472,0.178668950816717,0.023269599830674472,0.5138024387469446,0.04271412981158237,0.7099263976985565,0.03198181513159639
5,classifier,class_contrastive,3,0.14049350221951803,0.006592417134852746,0.14049350221951803,0.006592417134852746,0.0,0.0,0.0,0.0,0.0,0.0,,
5,classifier,cmr,3,0.17495965460936228,0.01792243347758876,0.01749596546093623,0.0017922433477588781,0.0,0.0,0.0,0.0,0.0,0.0,,
5,classifier,cross_sdc_c,3,3.1724042892456055,0.12275721171347982,0.0,0.0,0.0,0.0,0.0,0.0,0.0,0.0,,
5,classifier,cross_sdc_i,3,2.280659834543864,0.12115572757322446,0.2280659834543864,0.012115572757322446,0.0,0.0,0.0,0.0,0.0,0.0,,
5,classifier,instance_contrastive,3,2.0992935498555503,0.03910102730174517,0.20992935498555504,0.003910102730174517,0.0,0.0,0.0,0.0,0.0,0.0,,
5,classifier,kd,3,0.08524671445290248,0.009126926051420941,0.08524671445290248,0.009126926051420941,0.25298267431540516,0.010695693823552866,0.25298267431540516,0.010695693823552866,0.7301100651124647,0.034716921644138185,0.8680397905395887,0.024322785980388444
5,feature_and_attention,attn_spatial,3,0.005295255376646916,0.00018421523795842594,0.002647627688323458,9.210761897921297e-05,0.5466258508349576,0.0029390542835185623,0.2733129254174788,0.0014695271417592812,0.08108337867022518,0.002554520817586226,0.07728812052587407,0.0069289949565411605
5,feature_and_attention,attn_temporal,3,0.00018907611956819892,6.408741595210433e-06,9.453805978409946e-05,3.2043707976052165e-06,0.032676443150456376,0.0033052016410176797,0.016338221575228188,0.0016526008205088399,0.004852835676522013,0.0005820061826166176,0.06435379368849002,0.0258537152707064
5,feature_and_attention,ce,3,0.29309188822905224,0.04382077474929826,0.29309188822905224,0.04382077474929826,1.3972415313482431,0.14693206181640905,1.3972415313482431,0.14693206181640905,0.41443187857152425,0.0444300102606985,0.6196123097905313,0.02408289216496098
5,feature_and_attention,class_contrastive,3,0.14049350221951803,0.006592417134852746,0.14049350221951803,0.006592417134852746,0.17130009762118617,0.004308846654421543,0.17130009762118617,0.004308846654421543,0.05081420697232105,0.0018198735780791619,0.11729465903510349,0.043530879474472255
5,feature_and_attention,cmr,3,0.17495965460936228,0.01792243347758876,0.01749596546093623,0.0017922433477588781,2.2464299507175656,0.1748423788834682,0.22464299507175656,0.017484237888346816,0.06654808883352292,0.0034083252450234076,0.18759483875732166,0.03574517541820209
5,feature_and_attention,cross_sdc_c,3,3.1724042892456055,0.12275721171347982,0.0,0.0,3.4131670362752753,0.1770865242396844,0.0,0.0,0.0,0.0,,
5,feature_and_attention,cross_sdc_i,3,2.280659834543864,0.12115572757322446,0.2280659834543864,0.012115572757322446,4.4829591640181965,0.09559492440907572,0.44829591640181965,0.009559492440907556,0.13300375937870137,0.005376138271218179,0.29103067776330277,0.036312316042056696
5,feature_and_attention,instance_contrastive,3,2.0992935498555503,0.03910102730174517,0.20992935498555504,0.003910102730174517,6.138593457732161,0.23311429341484544,0.6138593457732161,0.02331142934148452,0.18216602836137588,0.01052981801051677,0.22635385320153942,0.04542566886423273
5,feature_and_attention,kd,3,0.08524671445290248,0.009126926051420941,0.08524671445290248,0.009126926051420941,2.514298059040259,0.09858640071705492,2.514298059040259,0.09858640071705492,0.7453829891828756,0.013909508647644658,0.8718046526394823,0.016989304141720955
9,all,attn_spatial,3,0.005780828030159076,0.00013417453465267346,0.002890414015079538,6.708726732633673e-05,0.6014721850916126,0.027440063348997575,0.3007360925458063,0.013720031674498787,0.08232315982217814,0.004909807835336121,0.08965167435216899,0.017664919717317002
9,all,attn_temporal,3,0.00022998708300292492,2.2507146239898636e-05,0.00011499354150146246,1.1253573119949318e-05,0.036111746421714046,0.0022636714303619376,0.018055873210857023,0.0011318357151809688,0.004943007098691346,0.00036944923358108784,0.06890615435736143,0.02191908503552707
9,all,ce,3,0.5779257019360861,0.0701275930630329,0.5779257019360861,0.0701275930630329,1.747406212454561,0.10673527463617337,1.747406212454561,0.10673527463617337,0.47802243068830946,0.027156946532123194,0.5253553936817538,0.008844090052206939
9,all,class_contrastive,3,0.13200047115484873,0.007432165947926978,0.13200047115484873,0.007432165947926978,0.23648062466988146,0.01745953161847321,0.23648062466988146,0.01745953161847321,0.064661794892569,0.003866461298162684,0.1190089466437089,0.0332590282861207
9,all,cmr,3,0.15168328086535135,0.009998440099510354,0.015168328086535137,0.0009998440099510363,2.4394671815308993,0.20962850100883085,0.2439467181530899,0.020962850100883088,0.06677529290882697,0.0062863107393042825,0.1550851374948787,0.023141490005512157
9,all,cross_sdc_c,3,3.054516633351644,0.05739795545714592,0.0,0.0,4.336636992122308,0.36541717054687173,0.0,0.0,0.0,0.0,,
9,all,cross_sdc_i,3,2.690847555796305,0.02286972840694304,0.2690847555796306,0.0022869728406942976,5.138525366162976,0.45053842101843505,0.5138525366162977,0.04505384210184353,0.14056160981394758,0.011739157633687157,0.3397434918886192,0.03184627860436146
9,all,instance_contrastive,3,2.2216755549112954,0.04909385150296855,0.22216755549112957,0.004909385150296856,6.688002398397905,0.2713495452494998,0.6688002398397905,0.027134954524949982,0.1829566333800368,0.006164637562285275,0.24009974469090659,0.02285111230207552
9,all,kd,3,0.09302288542191188,0.004472994145751526,0.09302288542191188,0.004472994145751526,2.862334682832188,0.06228245935250297,2.862334682832188,0.06228245935250297,0.7830514552358012,0.008183284982114895,0.8191222728184878,0.027668967690499473
9,classifier,attn_spatial,3,0.005780828030159076,0.00013417453465267346,0.002890414015079538,6.708726732633673e-05,0.0,0.0,0.0,0.0,0.0,0.0,,
9,classifier,attn_temporal,3,0.00022998708300292492,2.2507146239898636e-05,0.00011499354150146246,1.1253573119949318e-05,0.0,0.0,0.0,0.0,0.0,0.0,,
9,classifier,ce,3,0.5779257019360861,0.0701275930630329,0.5779257019360861,0.0701275930630329,0.25991303015699224,0.018148892445379258,0.25991303015699224,0.018148892445379258,0.7301519850370276,0.015433249798800827,0.7344185094954296,0.01888658005066621
9,classifier,class_contrastive,3,0.13200047115484873,0.007432165947926978,0.13200047115484873,0.007432165947926978,0.0,0.0,0.0,0.0,0.0,0.0,,
9,classifier,cmr,3,0.15168328086535135,0.009998440099510354,0.015168328086535137,0.0009998440099510363,0.0,0.0,0.0,0.0,0.0,0.0,,
9,classifier,cross_sdc_c,3,3.054516633351644,0.05739795545714592,0.0,0.0,0.0,0.0,0.0,0.0,0.0,0.0,,
9,classifier,cross_sdc_i,3,2.690847555796305,0.02286972840694304,0.2690847555796306,0.0022869728406942976,0.0,0.0,0.0,0.0,0.0,0.0,,
9,classifier,instance_contrastive,3,2.2216755549112954,0.04909385150296855,0.22216755549112957,0.004909385150296856,0.0,0.0,0.0,0.0,0.0,0.0,,
9,classifier,kd,3,0.09302288542191188,0.004472994145751526,0.09302288542191188,0.004472994145751526,0.24143764619436286,0.012748089862380681,0.24143764619436286,0.012748089862380681,0.6788438711718734,0.020374457933096158,0.6836513695091995,0.016712979851480535
9,feature_and_attention,attn_spatial,3,0.005780828030159076,0.00013417453465267346,0.002890414015079538,6.708726732633673e-05,0.6014721850916122,0.02744006334899731,0.3007360925458061,0.013720031674498655,0.08271646517052603,0.004910823298977893,0.09007818861923203,0.017723128443125503
9,feature_and_attention,attn_temporal,3,0.00022998708300292492,2.2507146239898636e-05,0.00011499354150146246,1.1253573119949318e-05,0.03611174642171405,0.002263671430361917,0.018055873210857026,0.0011318357151809586,0.004966679239016189,0.00037131408179328366,0.06923080457175068,0.02199165258490244
9,feature_and_attention,ce,3,0.5779257019360861,0.0701275930630329,0.5779257019360861,0.0701275930630329,1.7278167042170032,0.10884724900884073,1.7278167042170032,0.10884724900884073,0.47491961858230697,0.027792414573298237,0.522981025271176,0.008700375225718452
9,feature_and_attention,class_contrastive,3,0.13200047115484873,0.007432165947926978,0.13200047115484873,0.007432165947926978,0.23648062466988168,0.017459531618473884,0.23648062466988168,0.017459531618473884,0.06497186776698756,0.00389622236820207,0.11956549233887717,0.033355408224857795
9,feature_and_attention,cmr,3,0.15168328086535135,0.009998440099510354,0.015168328086535137,0.0009998440099510363,2.439467181530902,0.2096285010088293,0.24394671815309021,0.02096285010088294,0.06709253972312651,0.006277059891356661,0.15583698803273038,0.023348617661571227
9,feature_and_attention,cross_sdc_c,3,3.054516633351644,0.05739795545714592,0.0,0.0,4.33663699212231,0.36541717054687883,0.0,0.0,0.0,0.0,,
9,feature_and_attention,cross_sdc_i,3,2.690847555796305,0.02286972840694304,0.2690847555796306,0.0022869728406942976,5.1385253661629715,0.4505384210184262,0.5138525366162972,0.04505384210184264,0.1412305821452922,0.011727705728497764,0.3413600598033567,0.03184929643401336
9,feature_and_attention,instance_contrastive,3,2.2216755549112954,0.04909385150296855,0.22216755549112957,0.004909385150296856,6.688002398397913,0.2713495452494976,0.6688002398397913,0.027134954524949788,0.18383066084752508,0.006111080146939684,0.241244934328547,0.0228965530087496
9,feature_and_attention,kd,3,0.09302288542191188,0.004472994145751526,0.09302288542191188,0.004472994145751526,2.8521270079799175,0.06144457495533301,2.8521270079799175,0.06144457495533301,0.7839990527492481,0.00848398234502669,0.8203298947459503,0.027906012147582347
