step,batch,n_current,n_replay,parameter_scope,component,enabled,coefficient,raw_loss,weighted_loss,total_loss,raw_grad_norm,weighted_grad_norm,non_cmr_grad_norm,weighted_grad_over_non_cmr,cosine_with_non_cmr,gradient_reconstruction_residual
1,0,128,128,all,ce,1,1.0,0.02844659984111786,0.02844659984111786,0.8992825746536255,0.2782039865719918,0.2782039865719918,2.511799345512645,0.11075884189117496,0.3532979532893864,9.973055057344027e-06
1,0,128,128,all,kd,1,1.0,0.0940110832452774,0.0940110832452774,0.8992825746536255,2.2514728230539576,2.2514728230539576,2.511799345512645,0.8963585515205411,0.9633845614148423,9.973055057344027e-06
1,0,128,128,all,instance_contrastive,1,0.1,1.9690594673156738,0.1969059467315674,0.8992825746536255,3.499653176367267,0.3499653176367267,2.511799345512645,0.1393285328551197,0.06517747696814315,9.973055057344027e-06
1,0,128,128,all,class_contrastive,1,1.0,0.21466770768165588,0.21466770768165588,0.8992825746536255,0.16655841768245935,0.16655841768245935,2.511799345512645,0.06631039934778933,0.23987338179807763,9.973055057344027e-06
1,0,128,128,all,cross_sdc_i,1,0.1,3.5112805366516113,0.35112805366516114,0.8992825746536255,1.882450116121483,0.18824501161214832,2.511799345512645,0.07494428722917296,0.2169977905880897,9.973055057344027e-06
1,0,128,128,all,cross_sdc_c,1,0.0,4.028463363647461,0.0,0.8992825746536255,1.6382484091045457,0.0,2.511799345512645,0.0,,9.973055057344027e-06
1,0,128,128,all,cmr,1,0.1,0.008492151275277138,0.0008492151275277138,0.8992825746536255,0.2033434766008851,0.02033434766008851,2.511799345512645,0.008095530280480417,0.07639868254685114,9.973055057344027e-06
1,0,128,128,all,attn_spatial,1,0.5,0.025133319199085236,0.012566659599542618,0.8992825746536255,0.909326236852335,0.4546631184261675,2.511799345512645,0.18101092320070383,0.2927499404446127,9.973055057344027e-06
1,0,128,128,all,attn_temporal,1,0.5,0.0014143844600766897,0.0007071922300383449,0.8992825746536255,0.05599077057116415,0.027995385285582076,2.511799345512645,0.011145550035911951,0.2772652852719678,9.973055057344027e-06
1,0,128,128,feature_and_attention,ce,1,1.0,0.02844659984111786,0.02844659984111786,0.8992825746536255,0.2763854517098015,0.2763854517098015,2.483988645270797,0.11126679352419938,0.3589564111118868,9.973055057344027e-06
1,0,128,128,feature_and_attention,kd,1,1.0,0.0940110832452774,0.0940110832452774,0.8992825746536255,2.22037706020496,2.22037706020496,2.483988645270797,0.8938756883741316,0.9627035482168224,9.973055057344027e-06
1,0,128,128,feature_and_attention,instance_contrastive,1,0.1,1.9690594673156738,0.1969059467315674,0.8992825746536255,3.499653176367261,0.3499653176367261,2.483988645270797,0.14088845305433106,0.06590720303912656,9.973055057344027e-06
1,0,128,128,feature_and_attention,class_contrastive,1,1.0,0.21466770768165588,0.21466770768165588,0.8992825746536255,0.16655841768245908,0.16655841768245908,2.483988645270797,0.06705280960102834,0.24255900064335126,9.973055057344027e-06
1,0,128,128,feature_and_attention,cross_sdc_i,1,0.1,3.5112805366516113,0.35112805366516114,0.8992825746536255,1.8824501161214817,0.18824501161214818,2.483988645270797,0.07578336236381077,0.21942729465151503,9.973055057344027e-06
1,0,128,128,feature_and_attention,cross_sdc_c,1,0.0,4.028463363647461,0.0,0.8992825746536255,1.6382484091045455,0.0,2.483988645270797,0.0,,9.973055057344027e-06
1,0,128,128,feature_and_attention,cmr,1,0.1,0.008492151275277138,0.0008492151275277138,0.8992825746536255,0.20334347660088548,0.02033434766008855,2.483988645270797,0.008186167718118437,0.0772540410700187,9.973055057344027e-06
1,0,128,128,feature_and_attention,attn_spatial,1,0.5,0.025133319199085236,0.012566659599542618,0.8992825746536255,0.9093262368523366,0.4546631184261683,2.483988645270797,0.18303751882754773,0.2960275644607388,9.973055057344027e-06
1,0,128,128,feature_and_attention,attn_temporal,1,0.5,0.0014143844600766897,0.0007071922300383449,0.8992825746536255,0.05599077057116419,0.027995385285582094,2.483988645270797,0.011270335449754088,0.2803695433171278,9.973055057344027e-06
1,0,128,128,classifier,ce,1,1.0,0.02844659984111786,0.02844659984111786,0.8992825746536255,0.03175752238003118,0.03175752238003118,0.372741683050757,0.08519981484256671,0.037564102994905146,9.973055057344027e-06
1,0,128,128,classifier,kd,1,1.0,0.0940110832452774,0.0940110832452774,0.8992825746536255,0.3729015734294324,0.3729015734294324,0.372741683050757,1.0004289576023984,0.9963721439741311,9.973055057344027e-06
1,0,128,128,classifier,instance_contrastive,1,0.1,1.9690594673156738,0.1969059467315674,0.8992825746536255,0.0,0.0,0.372741683050757,0.0,,9.973055057344027e-06
1,0,128,128,classifier,class_contrastive,1,1.0,0.21466770768165588,0.21466770768165588,0.8992825746536255,0.0,0.0,0.372741683050757,0.0,,9.973055057344027e-06
1,0,128,128,classifier,cross_sdc_i,1,0.1,3.5112805366516113,0.35112805366516114,0.8992825746536255,0.0,0.0,0.372741683050757,0.0,,9.973055057344027e-06
1,0,128,128,classifier,cross_sdc_c,1,0.0,4.028463363647461,0.0,0.8992825746536255,0.0,0.0,0.372741683050757,0.0,,9.973055057344027e-06
1,0,128,128,classifier,cmr,1,0.1,0.008492151275277138,0.0008492151275277138,0.8992825746536255,0.0,0.0,0.372741683050757,0.0,,9.973055057344027e-06
1,0,128,128,classifier,attn_spatial,1,0.5,0.025133319199085236,0.012566659599542618,0.8992825746536255,0.0,0.0,0.372741683050757,0.0,,9.973055057344027e-06
1,0,128,128,classifier,attn_temporal,1,0.5,0.0014143844600766897,0.0007071922300383449,0.8992825746536255,0.0,0.0,0.372741683050757,0.0,,9.973055057344027e-06
1,1,128,128,all,ce,1,1.0,0.025965621694922447,0.025965621694922447,0.8548846244812012,0.3046724243577213,0.3046724243577213,2.5229418934488694,0.12076077738803297,0.630851220336423,1.0314435712643899e-05
1,1,128,128,all,kd,1,1.0,0.08378966152667999,0.08378966152667999,0.8548846244812012,2.227345475602968,2.227345475602968,2.5229418934488694,0.8828366128393784,0.9745037951699718,1.0314435712643899e-05
1,1,128,128,all,instance_contrastive,1,0.1,1.7873283624649048,0.1787328362464905,0.8548846244812012,3.5041543092800915,0.3504154309280092,2.5229418934488694,0.13889159787544303,0.001812948612812137,1.0314435712643899e-05
1,1,128,128,all,class_contrastive,1,1.0,0.2135753035545349,0.2135753035545349,0.8548846244812012,0.17046877195247548,0.17046877195247548,2.5229418934488694,0.06756745860660475,0.16670935461054712,1.0314435712643899e-05
1,1,128,128,all,cross_sdc_i,1,0.1,3.4436919689178467,0.3443691968917847,0.8548846244812012,1.7184414710117766,0.17184414710117768,2.5229418934488694,0.06811260598089566,0.2103646815718787,1.0314435712643899e-05
1,1,128,128,all,cross_sdc_c,1,0.0,4.028460502624512,0.0,0.8548846244812012,1.4823411175111805,0.0,2.5229418934488694,0.0,,1.0314435712643899e-05
1,1,128,128,all,cmr,1,0.1,0.01087863277643919,0.001087863277643919,0.8548846244812012,0.22037374139647253,0.022037374139647254,2.5229418934488694,0.008734792583558908,0.09233657527446082,1.0314435712643899e-05
1,1,128,128,all,attn_spatial,1,0.5,0.014123701490461826,0.007061850745230913,0.8548846244812012,0.7340981459538235,0.36704907297691175,2.5229418934488694,0.1454845527477268,0.24159133282238465,1.0314435712643899e-05
1,1,128,128,all,attn_temporal,1,0.5,0.0006047281203791499,0.00030236406018957496,0.8548846244812012,0.051136274515571345,0.025568137257785672,2.5229418934488694,0.010134255300994646,0.24649685611202238,1.0314435712643899e-05
1,1,128,128,feature_and_attention,ce,1,1.0,0.025965621694922447,0.025965621694922447,0.8548846244812012,0.30319892341179977,0.30319892341179977,2.4973969948509662,0.12140597751856162,0.633483336705418,1.0314435712643899e-05
1,1,128,128,feature_and_attention,kd,1,1.0,0.08378966152667999,0.08378966152667999,0.8548846244812012,2.2005464258075635,2.2005464258075635,2.4973969948509662,0.8811360109524288,0.9740784189704912,1.0314435712643899e-05
1,1,128,128,feature_and_attention,instance_contrastive,1,0.1,1.7873283624649048,0.1787328362464905,0.8548846244812012,3.504154309280093,0.3504154309280093,2.4973969948509662,0.1403122657913347,0.0018314925561957365,1.0314435712643899e-05
1,1,128,128,feature_and_attention,class_contrastive,1,1.0,0.2135753035545349,0.2135753035545349,0.8548846244812012,0.17046877195247503,0.17046877195247503,2.4973969948509662,0.06825857975481703,0.1684145594969271,1.0314435712643899e-05
1,1,128,128,feature_and_attention,cross_sdc_i,1,0.1,3.4436919689178467,0.3443691968917847,0.8548846244812012,1.7184414710117746,0.17184414710117746,2.4973969948509662,0.06880930322871329,0.2125164197498352,1.0314435712643899e-05
1,1,128,128,feature_and_attention,cross_sdc_c,1,0.0,4.028460502624512,0.0,0.8548846244812012,1.482341117511182,0.0,2.4973969948509662,0.0,,1.0314435712643899e-05
1,1,128,128,feature_and_attention,cmr,1,0.1,0.01087863277643919,0.001087863277643919,0.8548846244812012,0.22037374139647317,0.02203737413964732,2.4973969948509662,0.008824137365858572,0.09328105004444141,1.0314435712643899e-05
1,1,128,128,feature_and_attention,attn_spatial,1,0.5,0.014123701490461826,0.007061850745230913,0.8548846244812012,0.7340981459538231,0.36704907297691153,2.4973969948509662,0.14697265742438176,0.24406247622161337,1.0314435712643899e-05
1,1,128,128,feature_and_attention,attn_temporal,1,0.5,0.0006047281203791499,0.00030236406018957496,0.8548846244812012,0.051136274515571456,0.025568137257785728,2.4973969948509662,0.01023791464092457,0.249018176193316,1.0314435712643899e-05
1,1,128,128,classifier,ce,1,1.0,0.025965621694922447,0.025965621694922447,0.8548846244812012,0.02992823091891893,0.02992823091891893,0.35811178119231424,0.08357231593798581,0.48874749803579076,1.0314435712643899e-05
1,1,128,128,classifier,kd,1,1.0,0.08378966152667999,0.08378966152667999,0.8548846244812012,0.3444753917982748,0.3444753917982748,0.35811178119231424,0.9619214164118315,0.9971232819184951,1.0314435712643899e-05
1,1,128,128,classifier,instance_contrastive,1,0.1,1.7873283624649048,0.1787328362464905,0.8548846244812012,0.0,0.0,0.35811178119231424,0.0,,1.0314435712643899e-05
1,1,128,128,classifier,class_contrastive,1,1.0,0.2135753035545349,0.2135753035545349,0.8548846244812012,0.0,0.0,0.35811178119231424,0.0,,1.0314435712643899e-05
1,1,128,128,classifier,cross_sdc_i,1,0.1,3.4436919689178467,0.3443691968917847,0.8548846244812012,0.0,0.0,0.35811178119231424,0.0,,1.0314435712643899e-05
1,1,128,128,classifier,cross_sdc_c,1,0.0,4.028460502624512,0.0,0.8548846244812012,0.0,0.0,0.35811178119231424,0.0,,1.0314435712643899e-05
1,1,128,128,classifier,cmr,1,0.1,0.01087863277643919,0.001087863277643919,0.8548846244812012,0.0,0.0,0.35811178119231424,0.0,,1.0314435712643899e-05
1,1,128,128,classifier,attn_spatial,1,0.5,0.014123701490461826,0.007061850745230913,0.8548846244812012,0.0,0.0,0.35811178119231424,0.0,,1.0314435712643899e-05
1,1,128,128,classifier,attn_temporal,1,0.5,0.0006047281203791499,0.00030236406018957496,0.8548846244812012,0.0,0.0,0.35811178119231424,0.0,,1.0314435712643899e-05
1,2,128,128,all,ce,1,1.0,0.020286163315176964,0.020286163315176964,0.8553283214569092,0.22483754157538222,0.22483754157538222,2.2455350272286805,0.10012649050184923,0.43402660400842624,1.0039158951258287e-05
1,2,128,128,all,kd,1,1.0,0.07701218873262405,0.07701218873262405,0.8553283214569092,2.0090709596209266,2.0090709596209266,2.2455350272286805,0.8946958899592027,0.9593135978802516,1.0039158951258287e-05
1,2,128,128,all,instance_contrastive,1,0.1,1.9393807649612427,0.19393807649612427,0.8553283214569092,3.5994515141697088,0.3599451514169709,2.2455350272286805,0.16029371488415214,0.08958411094891325,1.0039158951258287e-05
1,2,128,128,all,class_contrastive,1,1.0,0.2005119025707245,0.2005119025707245,0.8553283214569092,0.15510309216879017,0.15510309216879017,2.2455350272286805,0.06907177589663793,0.16832660408944383,1.0039158951258287e-05
1,2,128,128,all,cross_sdc_i,1,0.1,3.550503730773926,0.3550503730773926,0.8553283214569092,1.8033919816385882,0.18033919816385882,2.2455350272286805,0.08031012474849873,0.22449234453288805,1.0039158951258287e-05
1,2,128,128,all,cross_sdc_c,1,0.0,3.9690678119659424,0.0,0.8553283214569092,1.5113862211572195,0.0,2.2455350272286805,0.0,,1.0039158951258287e-05
1,2,128,128,all,cmr,1,0.1,0.007992779836058617,0.0007992779836058617,0.8553283214569092,0.17656989331100997,0.017656989331101,2.2455350272286805,0.007863154712350363,0.20283179018426659,1.0039158951258287e-05
1,2,128,128,all,attn_spatial,1,0.5,0.014753200113773346,0.007376600056886673,0.8553283214569092,0.8197490613465813,0.40987453067329066,2.2455350272286805,0.18252867388095742,0.2809853758854117,1.0039158951258287e-05
1,2,128,128,all,attn_temporal,1,0.5,0.0007074058521538973,0.00035370292607694864,0.8553283214569092,0.04938216856714583,0.024691084283572914,2.2455350272286805,0.010995635331525125,0.26785378138093424,1.0039158951258287e-05
1,2,128,128,feature_and_attention,ce,1,1.0,0.020286163315176964,0.020286163315176964,0.8553283214569092,0.22317239553463467,0.22317239553463467,2.2179881080705943,0.10061929309836115,0.43836332301535125,1.0039158951258287e-05
1,2,128,128,feature_and_attention,kd,1,1.0,0.07701218873262405,0.07701218873262405,0.8553283214569092,1.9791293104076684,1.9791293104076684,2.2179881080705943,0.8923083506201903,0.9583997297017394,1.0039158951258287e-05
1,2,128,128,feature_and_attention,instance_contrastive,1,0.1,1.9393807649612427,0.19393807649612427,0.8553283214569092,3.5994515141697043,0.3599451514169705,2.2179881080705943,0.16228452718354885,0.09069672568890158,1.0039158951258287e-05
1,2,128,128,feature_and_attention,class_contrastive,1,1.0,0.2005119025707245,0.2005119025707245,0.8553283214569092,0.1551030921687902,0.1551030921687902,2.2179881080705943,0.06992963199595909,0.17041718308674977,1.0039158951258287e-05
1,2,128,128,feature_and_attention,cross_sdc_i,1,0.1,3.550503730773926,0.3550503730773926,0.8553283214569092,1.8033919816385882,0.18033919816385882,2.2179881080705943,0.08130755864184236,0.22728048953869495,1.0039158951258287e-05
1,2,128,128,feature_and_attention,cross_sdc_c,1,0.0,3.9690678119659424,0.0,0.8553283214569092,1.5113862211572215,0.0,2.2179881080705943,0.0,,1.0039158951258287e-05
1,2,128,128,feature_and_attention,cmr,1,0.1,0.007992779836058617,0.0007992779836058617,0.8553283214569092,0.1765698933110097,0.01765698933110097,2.2179881080705943,0.007960813345595712,0.2053509159210391,1.0039158951258287e-05
1,2,128,128,feature_and_attention,attn_spatial,1,0.5,0.014753200113773346,0.007376600056886673,0.8553283214569092,0.8197490613465808,0.4098745306732904,2.2179881080705943,0.1847956394274071,0.28447515178004157,1.0039158951258287e-05
1,2,128,128,feature_and_attention,attn_temporal,1,0.5,0.0007074058521538973,0.00035370292607694864,0.8553283214569092,0.04938216856714579,0.024691084283572896,2.2179881080705943,0.011132198677589585,0.271180465791478,1.0039158951258287e-05
1,2,128,128,classifier,ce,1,1.0,0.020286163315176964,0.020286163315176964,0.8553283214569092,0.027313036685694386,0.027313036685694386,0.3506512668853789,0.07789230858425071,0.22391470780295059,1.0039158951258287e-05
1,2,128,128,classifier,kd,1,1.0,0.07701218873262405,0.07701218873262405,0.8553283214569092,0.345562285959282,0.345562285959282,0.3506512668853789,0.9854870596324969,0.997028582850871,1.0039158951258287e-05
1,2,128,128,classifier,instance_contrastive,1,0.1,1.9393807649612427,0.19393807649612427,0.8553283214569092,0.0,0.0,0.3506512668853789,0.0,,1.0039158951258287e-05
1,2,128,128,classifier,class_contrastive,1,1.0,0.2005119025707245,0.2005119025707245,0.8553283214569092,0.0,0.0,0.3506512668853789,0.0,,1.0039158951258287e-05
1,2,128,128,classifier,cross_sdc_i,1,0.1,3.550503730773926,0.3550503730773926,0.8553283214569092,0.0,0.0,0.3506512668853789,0.0,,1.0039158951258287e-05
1,2,128,128,classifier,cross_sdc_c,1,0.0,3.9690678119659424,0.0,0.8553283214569092,0.0,0.0,0.3506512668853789,0.0,,1.0039158951258287e-05
1,2,128,128,classifier,cmr,1,0.1,0.007992779836058617,0.0007992779836058617,0.8553283214569092,0.0,0.0,0.3506512668853789,0.0,,1.0039158951258287e-05
1,2,128,128,classifier,attn_spatial,1,0.5,0.014753200113773346,0.007376600056886673,0.8553283214569092,0.0,0.0,0.3506512668853789,0.0,,1.0039158951258287e-05
1,2,128,128,classifier,attn_temporal,1,0.5,0.0007074058521538973,0.00035370292607694864,0.8553283214569092,0.0,0.0,0.3506512668853789,0.0,,1.0039158951258287e-05
5,0,128,128,all,ce,1,1.0,0.24640806019306183,0.24640806019306183,0.9272119998931885,1.2958189513113838,1.2958189513113838,3.3078176350825457,0.39174437477084406,0.5928988444960559,1.0519689567445312e-05
5,0,128,128,all,kd,1,1.0,0.08186061680316925,0.08186061680316925,0.9272119998931885,2.474238764181869,2.474238764181869,3.3078176350825457,0.7479973315155644,0.8748950985252134,1.0519689567445312e-05
5,0,128,128,all,instance_contrastive,1,0.1,2.0892410278320312,0.20892410278320314,0.9272119998931885,6.395789908837963,0.6395789908837963,3.3078176350825457,0.1933537641556941,0.27542400149271956,1.0519689567445312e-05
5,0,128,128,all,class_contrastive,1,1.0,0.14638350903987885,0.14638350903987885,0.9272119998931885,0.16821385261317134,0.16821385261317134,3.3078176350825457,0.0508534239702648,0.15199773692309856,1.0519689567445312e-05
5,0,128,128,all,cross_sdc_i,1,0.1,2.2519752979278564,0.22519752979278565,0.9272119998931885,4.580563790477108,0.45805637904771085,3.3078176350825457,0.1384769142620162,0.33133672139713194,1.0519689567445312e-05
5,0,128,128,all,cross_sdc_c,1,0.0,3.1765103340148926,0.0,0.9272119998931885,3.54122505571001,0.0,3.3078176350825457,0.0,,1.0519689567445312e-05
5,0,128,128,all,cmr,1,0.1,0.15732336044311523,0.015732336044311523,0.9272119998931885,2.095772121120771,0.2095772121120771,3.3078176350825457,0.0633581518791459,0.1980725850185536,1.0519689567445312e-05
5,0,128,128,all,attn_spatial,1,0.5,0.005215314216911793,0.0026076571084558964,0.9272119998931885,0.5495141557615397,0.27475707788076986,3.3078176350825457,0.0830629460846663,0.07287399590350793,1.0519689567445312e-05
5,0,128,128,all,attn_temporal,1,0.5,0.0001963847316801548,9.81923658400774e-05,0.9272119998931885,0.03331799622851028,0.01665899811425514,3.3078176350825457,0.005036250468457105,0.07873426290576271,1.0519689567445312e-05
5,0,128,128,feature_and_attention,ce,1,1.0,0.24640806019306183,0.24640806019306183,0.9272119998931885,1.28633466684025,1.28633466684025,3.291898227234235,0.39075772640790113,0.5919376982543675,1.0519689567445312e-05
5,0,128,128,feature_and_attention,kd,1,1.0,0.08186061680316925,0.08186061680316925,0.9272119998931885,2.4620981911467794,2.4620981911467794,3.291898227234235,0.74792658253453,0.8747932543046186,1.0519689567445312e-05
5,0,128,128,feature_and_attention,instance_contrastive,1,0.1,2.0892410278320312,0.20892410278320314,0.9272119998931885,6.395789908837988,0.6395789908837988,3.291898227234235,0.1942888105083236,0.2767559342282776,1.0519689567445312e-05
5,0,128,128,feature_and_attention,class_contrastive,1,1.0,0.14638350903987885,0.14638350903987885,0.9272119998931885,0.1682138526131716,0.1682138526131716,3.291898227234235,0.05109934785392815,0.15273278819111152,1.0519689567445312e-05
5,0,128,128,feature_and_attention,cross_sdc_i,1,0.1,2.2519752979278564,0.22519752979278565,0.9272119998931885,4.5805637904770995,0.45805637904770996,3.291898227234235,0.1391465797023004,0.33293904444570255,1.0519689567445312e-05
5,0,128,128,feature_and_attention,cross_sdc_c,1,0.0,3.1765103340148926,0.0,0.9272119998931885,3.5412250557100107,0.0,3.291898227234235,0.0,,1.0519689567445312e-05
5,0,128,128,feature_and_attention,cmr,1,0.1,0.15732336044311523,0.015732336044311523,0.9272119998931885,2.0957721211207607,0.20957721211207608,3.291898227234235,0.06366454782174638,0.19903045128501198,1.0519689567445312e-05
5,0,128,128,feature_and_attention,attn_spatial,1,0.5,0.005215314216911793,0.0026076571084558964,0.9272119998931885,0.5495141557615401,0.27475707788077003,3.291898227234235,0.08346463314317393,0.0732264098550471,1.0519689567445312e-05
5,0,128,128,feature_and_attention,attn_temporal,1,0.5,0.0001963847316801548,9.81923658400774e-05,0.9272119998931885,0.03331799622851028,0.01665899811425514,3.291898227234235,0.0050606054514180975,0.0791150167311587,1.0519689567445312e-05
5,0,128,128,classifier,ce,1,1.0,0.24640806019306183,0.24640806019306183,0.9272119998931885,0.15649242621518053,0.15649242621518053,0.32413510839648074,0.48279998729344564,0.6862879720395274,1.0519689567445312e-05
5,0,128,128,classifier,kd,1,1.0,0.08186061680316925,0.08186061680316925,0.9272119998931885,0.24480596261528897,0.24480596261528897,0.32413510839648074,0.7552590147557954,0.8853388873959692,1.0519689567445312e-05
5,0,128,128,classifier,instance_contrastive,1,0.1,2.0892410278320312,0.20892410278320314,0.9272119998931885,0.0,0.0,0.32413510839648074,0.0,,1.0519689567445312e-05
5,0,128,128,classifier,class_contrastive,1,1.0,0.14638350903987885,0.14638350903987885,0.9272119998931885,0.0,0.0,0.32413510839648074,0.0,,1.0519689567445312e-05
5,0,128,128,classifier,cross_sdc_i,1,0.1,2.2519752979278564,0.22519752979278565,0.9272119998931885,0.0,0.0,0.32413510839648074,0.0,,1.0519689567445312e-05
5,0,128,128,classifier,cross_sdc_c,1,0.0,3.1765103340148926,0.0,0.9272119998931885,0.0,0.0,0.32413510839648074,0.0,,1.0519689567445312e-05
5,0,128,128,classifier,cmr,1,0.1,0.15732336044311523,0.015732336044311523,0.9272119998931885,0.0,0.0,0.32413510839648074,0.0,,1.0519689567445312e-05
5,0,128,128,classifier,attn_spatial,1,0.5,0.005215314216911793,0.0026076571084558964,0.9272119998931885,0.0,0.0,0.32413510839648074,0.0,,1.0519689567445312e-05
5,0,128,128,classifier,attn_temporal,1,0.5,0.0001963847316801548,9.81923658400774e-05,0.9272119998931885,0.0,0.0,0.32413510839648074,0.0,,1.0519689567445312e-05
5,1,128,128,all,ce,1,1.0,0.29953038692474365,0.29953038692474365,0.9832606911659241,1.3530790238869792,1.3530790238869792,3.4859668372628723,0.38815028571797777,0.6363683925502668,1.0445633961353451e-05
5,1,128,128,all,kd,1,1.0,0.09558276832103729,0.09558276832103729,0.9832606911659241,2.641344632197763,2.641344632197763,3.4859668372628723,0.7577079058708736,0.8870123101601742,1.0445633961353451e-05
5,1,128,128,all,instance_contrastive,1,0.1,2.0662002563476562,0.20662002563476564,0.9832606911659241,6.078768504227544,0.6078768504227545,3.4859668372628723,0.17437826542837973,0.21261351410606877,1.0445633961353451e-05
5,1,128,128,all,class_contrastive,1,1.0,0.14172472059726715,0.14172472059726715,0.9832606911659241,0.16946350441167632,0.16946350441167632,3.4859668372628723,0.04861305695745989,0.06834496126471243,1.0445633961353451e-05
5,1,128,128,all,cross_sdc_i,1,0.1,2.1764204502105713,0.21764204502105713,0.9832606911659241,4.4788042722500006,0.4478804272250001,3.4859668372628723,0.12848097762647362,0.269820448281189,1.0445633961353451e-05
5,1,128,128,all,cross_sdc_c,1,0.0,3.0476455688476562,0.0,0.9832606911659241,3.211078275684849,0.0,3.4859668372628723,0.0,,1.0445633961353451e-05
5,1,128,128,all,cmr,1,0.1,0.19315513968467712,0.019315513968467715,0.9832606911659241,2.438148389269246,0.24381483892692463,3.4859668372628723,0.0699418125039779,0.21509224048397918,1.0445633961353451e-05
5,1,128,128,all,attn_spatial,1,0.5,0.005505937151610851,0.0027529685758054256,0.9832606911659241,0.5436385486479595,0.27181927432397973,3.4859668372628723,0.07797528978715358,0.07296568272285248,1.0445633961353451e-05
5,1,128,128,all,attn_temporal,1,0.5,0.0001844167709350586,9.22083854675293e-05,0.9832606911659241,0.029097497628117575,0.014548748814058788,3.4859668372628723,0.004173518995803828,0.034320694823415834,1.0445633961353451e-05
5,1,128,128,feature_and_attention,ce,1,1.0,0.29953038692474365,0.29953038692474365,0.9832606911659241,1.3415024218407738,1.3415024218407738,3.4677384609842727,0.38685224878810665,0.6358102515472739,1.0445633961353451e-05
5,1,128,128,feature_and_attention,kd,1,1.0,0.09558276832103729,0.09558276832103729,0.9832606911659241,2.628008829932386,2.628008829932386,3.4677384609842727,0.7578451660931947,0.8871013508922947,1.0445633961353451e-05
5,1,128,128,feature_and_attention,instance_contrastive,1,0.1,2.0662002563476562,0.20662002563476564,0.9832606911659241,6.078768504227543,0.6078768504227543,3.4677384609842727,0.17529489529329045,0.21373112986073006,1.0445633961353451e-05
5,1,128,128,feature_and_attention,class_contrastive,1,1.0,0.14172472059726715,0.14172472059726715,0.9832606911659241,0.16946350441167576,0.16946350441167576,3.4677384609842727,0.04886859442207638,0.06870422067389054,1.0445633961353451e-05
5,1,128,128,feature_and_attention,cross_sdc_i,1,0.1,2.1764204502105713,0.21764204502105713,0.9832606911659241,4.4788042722500165,0.44788042722500165,3.4677384609842727,0.1291563456310591,0.2712387757341579,1.0445633961353451e-05
5,1,128,128,feature_and_attention,cross_sdc_c,1,0.0,3.0476455688476562,0.0,0.9832606911659241,3.2110782756848453,0.0,3.4677384609842727,0.0,,1.0445633961353451e-05
5,1,128,128,feature_and_attention,cmr,1,0.1,0.19315513968467712,0.019315513968467715,0.9832606911659241,2.438148389269248,0.2438148389269248,3.4677384609842727,0.0703094658579647,0.21622288581327972,1.0445633961353451e-05
5,1,128,128,feature_and_attention,attn_spatial,1,0.5,0.005505937151610851,0.0027529685758054256,0.9832606911659241,0.5436385486479589,0.27181927432397945,3.4677384609842727,0.07838517159879095,0.07334923123294368,1.0445633961353451e-05
5,1,128,128,feature_and_attention,attn_temporal,1,0.5,0.0001844167709350586,9.22083854675293e-05,0.9832606911659241,0.02909749762811753,0.014548748814058765,3.4677384609842727,0.004195457350012864,0.03450110362483571,1.0445633961353451e-05
5,1,128,128,classifier,ce,1,1.0,0.29953038692474365,0.29953038692474365,0.9832606911659241,0.17661850717938724,0.17661850717938724,0.3560263427148745,0.49608269386075476,0.6971741815223432,1.0445633961353451e-05
5,1,128,128,classifier,kd,1,1.0,0.09558276832103729,0.09558276832103729,0.9832606911659241,0.2650868835633913,0.2650868835633913,0.3560263427148745,0.7445709818604278,0.8785515013031361,1.0445633961353451e-05
5,1,128,128,classifier,instance_contrastive,1,0.1,2.0662002563476562,0.20662002563476564,0.9832606911659241,0.0,0.0,0.3560263427148745,0.0,,1.0445633961353451e-05
5,1,128,128,classifier,class_contrastive,1,1.0,0.14172472059726715,0.14172472059726715,0.9832606911659241,0.0,0.0,0.3560263427148745,0.0,,1.0445633961353451e-05
5,1,128,128,classifier,cross_sdc_i,1,0.1,2.1764204502105713,0.21764204502105713,0.9832606911659241,0.0,0.0,0.3560263427148745,0.0,,1.0445633961353451e-05
5,1,128,128,classifier,cross_sdc_c,1,0.0,3.0476455688476562,0.0,0.9832606911659241,0.0,0.0,0.3560263427148745,0.0,,1.0445633961353451e-05
5,1,128,128,classifier,cmr,1,0.1,0.19315513968467712,0.019315513968467715,0.9832606911659241,0.0,0.0,0.3560263427148745,0.0,,1.0445633961353451e-05
5,1,128,128,classifier,attn_spatial,1,0.5,0.005505937151610851,0.0027529685758054256,0.9832606911659241,0.0,0.0,0.3560263427148745,0.0,,1.0445633961353451e-05
5,1,128,128,classifier,attn_temporal,1,0.5,0.0001844167709350586,9.22083854675293e-05,0.9832606911659241,0.0,0.0,0.3560263427148745,0.0,,1.0445633961353451e-05
5,2,128,128,all,ce,1,1.0,0.3333372175693512,0.3333372175693512,1.0207241773605347,1.5769942559825971,1.5769942559825971,3.3775611415645104,0.46690324464478006,0.6325191076165566,9.615423550712876e-06
5,2,128,128,all,kd,1,1.0,0.07829675823450089,0.07829675823450089,1.0207241773605347,2.4653992199879964,2.4653992199879964,3.3775611415645104,0.7299347418611069,0.8533616180242741,9.615423550712876e-06
5,2,128,128,all,instance_contrastive,1,0.1,2.142439365386963,0.2142439365386963,1.0207241773605347,5.941221960130951,0.5941221960130951,3.3775611415645104,0.17590272125699952,0.1874961608852127,9.615423550712876e-06
5,2,128,128,all,class_contrastive,1,1.0,0.13337227702140808,0.13337227702140808,1.0207241773605347,0.1762229358387108,0.1762229358387108,3.3775611415645104,0.05217461015586029,0.1297010270519243,9.615423550712876e-06
5,2,128,128,all,cross_sdc_i,1,0.1,2.413583755493164,0.2413583755493164,1.0207241773605347,4.389509429327473,0.4389509429327473,3.3775611415645104,0.12996091692641337,0.2673764679987065,9.615423550712876e-06
5,2,128,128,all,cross_sdc_c,1,0.0,3.2930569648742676,0.0,1.0207241773605347,3.487197777430979,0.0,3.3775611415645104,0.0,,9.615423550712876e-06
5,2,128,128,all,cmr,1,0.1,0.1744004637002945,0.01744004637002945,1.0207241773605347,2.205369341762685,0.22053693417626852,3.3775611415645104,0.0652947274476619,0.1466875445181417,9.615423550712876e-06
5,2,128,128,all,attn_spatial,1,0.5,0.005164514761418104,0.002582257380709052,1.0207241773605347,0.5467248480953747,0.27336242404768735,3.3775611415645104,0.0809348558294533,0.08480100988680161,9.615423550712876e-06
5,2,128,128,all,attn_temporal,1,0.5,0.00018642685608938336,9.321342804469168e-05,1.0207241773605347,0.03561383559474126,0.01780691779737063,3.3775611415645104,0.005272123005631909,0.0789909650444667,9.615423550712876e-06
5,2,128,128,feature_and_attention,ce,1,1.0,0.3333372175693512,0.3333372175693512,1.0207241773605347,1.5638875053637054,1.5638875053637054,3.358247070829358,0.4656856605185649,0.6310889795699526,9.615423550712876e-06
5,2,128,128,feature_and_attention,kd,1,1.0,0.07829675823450089,0.07829675823450089,1.0207241773605347,2.452787156041612,2.452787156041612,3.358247070829358,0.730377218920902,0.8535193527215333,9.615423550712876e-06
5,2,128,128,feature_and_attention,instance_contrastive,1,0.1,2.142439365386963,0.2142439365386963,1.0207241773605347,5.941221960130953,0.5941221960130953,3.358247070829358,0.1769143792825136,0.18857449551561056,9.615423550712876e-06
5,2,128,128,feature_and_attention,class_contrastive,1,1.0,0.13337227702140808,0.13337227702140808,1.0207241773605347,0.17622293583871118,0.17622293583871118,3.358247070829358,0.05247467864095863,0.13044696824030838,9.615423550712876e-06
5,2,128,128,feature_and_attention,cross_sdc_i,1,0.1,2.413583755493164,0.2413583755493164,1.0207241773605347,4.3895094293274735,0.4389509429327474,3.358247070829358,0.13070835280274462,0.26891421311004793,9.615423550712876e-06
5,2,128,128,feature_and_attention,cross_sdc_c,1,0.0,3.2930569648742676,0.0,1.0207241773605347,3.48719777743097,0.0,3.358247070829358,0.0,,9.615423550712876e-06
5,2,128,128,feature_and_attention,cmr,1,0.1,0.1744004637002945,0.01744004637002945,1.0207241773605347,2.2053693417626876,0.22053693417626877,3.358247070829358,0.0656702528208577,0.14753117917367328,9.615423550712876e-06
5,2,128,128,feature_and_attention,attn_spatial,1,0.5,0.005164514761418104,0.002582257380709052,1.0207241773605347,0.546724848095374,0.273362424047687,3.358247070829358,0.08140033126871067,0.08528872048963143,9.615423550712876e-06
5,2,128,128,feature_and_attention,attn_temporal,1,0.5,0.00018642685608938336,9.321342804469168e-05,1.0207241773605347,0.03561383559474131,0.017806917797370654,3.358247070829358,0.005302444228135076,0.07944526070947566,9.615423550712876e-06
5,2,128,128,classifier,ce,1,1.0,0.3333372175693512,0.3333372175693512,1.0207241773605347,0.2028959190555832,0.2028959190555832,0.36068805950931465,0.5625246350866336,0.7463170395337989,9.615423550712876e-06
5,2,128,128,classifier,kd,1,1.0,0.07829675823450089,0.07829675823450089,1.0207241773605347,0.24905517676753522,0.24905517676753522,0.36068805950931465,0.6905001987211707,0.8402289829196606,9.615423550712876e-06
5,2,128,128,classifier,instance_contrastive,1,0.1,2.142439365386963,0.2142439365386963,1.0207241773605347,0.0,0.0,0.36068805950931465,0.0,,9.615423550712876e-06
5,2,128,128,classifier,class_contrastive,1,1.0,0.13337227702140808,0.13337227702140808,1.0207241773605347,0.0,0.0,0.36068805950931465,0.0,,9.615423550712876e-06
5,2,128,128,classifier,cross_sdc_i,1,0.1,2.413583755493164,0.2413583755493164,1.0207241773605347,0.0,0.0,0.36068805950931465,0.0,,9.615423550712876e-06
5,2,128,128,classifier,cross_sdc_c,1,0.0,3.2930569648742676,0.0,1.0207241773605347,0.0,0.0,0.36068805950931465,0.0,,9.615423550712876e-06
5,2,128,128,classifier,cmr,1,0.1,0.1744004637002945,0.01744004637002945,1.0207241773605347,0.0,0.0,0.36068805950931465,0.0,,9.615423550712876e-06
5,2,128,128,classifier,attn_spatial,1,0.5,0.005164514761418104,0.002582257380709052,1.0207241773605347,0.0,0.0,0.36068805950931465,0.0,,9.615423550712876e-06
5,2,128,128,classifier,attn_temporal,1,0.5,0.00018642685608938336,9.321342804469168e-05,1.0207241773605347,0.0,0.0,0.36068805950931465,0.0,,9.615423550712876e-06
9,0,128,128,all,ce,1,1.0,0.6586003303527832,0.6586003303527832,1.402260661125183,1.845729905403483,1.845729905403483,3.7067460401146937,0.4979380527904665,0.5152825345390721,1.0015546649810858e-05
9,0,128,128,all,kd,1,1.0,0.0960731953382492,0.0960731953382492,1.402260661125183,2.906421550996744,2.906421550996744,3.7067460401146937,0.7840897432797457,0.7957947473398973,1.0015546649810858e-05
9,0,128,128,all,instance_contrastive,1,0.1,2.2517735958099365,0.22517735958099366,1.402260661125183,6.9767562900165565,0.6976756290016557,3.7067460401146937,0.18821781191680137,0.26490127470738434,1.0015546649810858e-05
9,0,128,128,all,class_contrastive,1,1.0,0.1374639868736267,0.1374639868736267,1.402260661125183,0.2545201432534401,0.2545201432534401,3.7067460401146937,0.06866403592234356,0.13107059218494482,1.0015546649810858e-05
9,0,128,128,all,cross_sdc_i,1,0.1,2.6697185039520264,0.26697185039520266,1.402260661125183,5.537754866894809,0.553775486689481,3.7067460401146937,0.14939666238163596,0.366594752793978,1.0015546649810858e-05
9,0,128,128,all,cross_sdc_c,1,0.0,3.068619728088379,0.0,1.402260661125183,4.570618920303661,0.0,3.7067460401146937,0.0,,1.0015546649810858e-05
9,0,128,128,all,cmr,1,0.1,0.15044525265693665,0.015044525265693665,1.402260661125183,2.4430099380079566,0.24430099380079567,3.7067460401146937,0.06590713017750645,0.15293431797231352,1.0015546649810858e-05
9,0,128,128,all,attn_spatial,1,0.5,0.005644853226840496,0.002822426613420248,1.402260661125183,0.5750629798236845,0.28753148991184224,3.7067460401146937,0.07756978406401575,0.07206414038581982,1.0015546649810858e-05
9,0,128,128,all,attn_temporal,1,0.5,0.000214083818718791,0.0001070419093593955,1.402260661125183,0.03349789418128525,0.016748947090642625,3.7067460401146937,0.0045185040759157,0.05083817423533744,1.0015546649810858e-05
9,0,128,128,feature_and_attention,ce,1,1.0,0.6586003303527832,0.6586003303527832,1.402260661125183,1.8262423365565865,1.8262423365565865,3.689445948830121,0.4949909449508716,0.5130042986190052,1.0015546649810858e-05
9,0,128,128,feature_and_attention,kd,1,1.0,0.0960731953382492,0.0960731953382492,1.402260661125183,2.895768897750211,2.895768897750211,3.689445948830121,0.7848790679989294,0.7969354875912326,1.0015546649810858e-05
9,0,128,128,feature_and_attention,instance_contrastive,1,0.1,2.2517735958099365,0.22517735958099366,1.402260661125183,6.976756290016557,0.6976756290016558,3.689445948830121,0.1891003794818787,0.26614341683316545,1.0015546649810858e-05
9,0,128,128,feature_and_attention,class_contrastive,1,1.0,0.1374639868736267,0.1374639868736267,1.402260661125183,0.2545201432534409,0.2545201432534409,3.689445948830121,0.06898600678352429,0.13168519211159224,1.0015546649810858e-05
9,0,128,128,feature_and_attention,cross_sdc_i,1,0.1,2.6697185039520264,0.26697185039520266,1.402260661125183,5.537754866894796,0.5537754866894796,3.689445948830121,0.15009719463841859,0.36831374333503475,1.0015546649810858e-05
9,0,128,128,feature_and_attention,cross_sdc_c,1,0.0,3.068619728088379,0.0,1.402260661125183,4.57061892030367,0.0,3.689445948830121,0.0,,1.0015546649810858e-05
9,0,128,128,feature_and_attention,cmr,1,0.1,0.15044525265693665,0.015044525265693665,1.402260661125183,2.44300993800796,0.24430099380079603,3.689445948830121,0.06621617369899699,0.1536514385639036,1.0015546649810858e-05
9,0,128,128,feature_and_attention,attn_spatial,1,0.5,0.005644853226840496,0.002822426613420248,1.402260661125183,0.5750629798236845,0.28753148991184224,3.689445948830121,0.07793351465225153,0.07240205459416162,1.0015546649810858e-05
9,0,128,128,feature_and_attention,attn_temporal,1,0.5,0.000214083818718791,0.0001070419093593955,1.402260661125183,0.03349789418128528,0.01674894709064264,3.689445948830121,0.004539691683504275,0.05107655828194247,1.0015546649810858e-05
9,0,128,128,classifier,ce,1,1.0,0.6586003303527832,0.6586003303527832,1.402260661125183,0.26750291936551346,0.26750291936551346,0.35770769710340694,0.7478254494707814,0.7195473658953806,1.0015546649810858e-05
9,0,128,128,classifier,kd,1,1.0,0.0960731953382492,0.0960731953382492,1.402260661125183,0.24861360164102686,0.24861360164102686,0.35770769710340694,0.6950188761779903,0.6645922629092439,1.0015546649810858e-05
9,0,128,128,classifier,instance_contrastive,1,0.1,2.2517735958099365,0.22517735958099366,1.402260661125183,0.0,0.0,0.35770769710340694,0.0,,1.0015546649810858e-05
9,0,128,128,classifier,class_contrastive,1,1.0,0.1374639868736267,0.1374639868736267,1.402260661125183,0.0,0.0,0.35770769710340694,0.0,,1.0015546649810858e-05
9,0,128,128,classifier,cross_sdc_i,1,0.1,2.6697185039520264,0.26697185039520266,1.402260661125183,0.0,0.0,0.35770769710340694,0.0,,1.0015546649810858e-05
9,0,128,128,classifier,cross_sdc_c,1,0.0,3.068619728088379,0.0,1.402260661125183,0.0,0.0,0.35770769710340694,0.0,,1.0015546649810858e-05
9,0,128,128,classifier,cmr,1,0.1,0.15044525265693665,0.015044525265693665,1.402260661125183,0.0,0.0,0.35770769710340694,0.0,,1.0015546649810858e-05
9,0,128,128,classifier,attn_spatial,1,0.5,0.005644853226840496,0.002822426613420248,1.402260661125183,0.0,0.0,0.35770769710340694,0.0,,1.0015546649810858e-05
9,0,128,128,classifier,attn_temporal,1,0.5,0.000214083818718791,0.0001070419093593955,1.402260661125183,0.0,0.0,0.35770769710340694,0.0,,1.0015546649810858e-05
9,1,128,128,all,ce,1,1.0,0.5436367392539978,0.5436367392539978,1.2873365879058838,1.6338878790862061,1.6338878790862061,3.6545120954316777,0.4470878290780998,0.5318482093180913,1.0430851034470834e-05
9,1,128,128,all,kd,1,1.0,0.09510735422372818,0.09510735422372818,1.2873365879058838,2.8894986240566354,2.8894986240566354,3.6545120954316777,0.7906660447693286,0.8496921639118958,1.0430851034470834e-05
9,1,128,128,all,instance_contrastive,1,0.1,2.2482292652130127,0.2248229265213013,1.2873365879058838,6.438285677273538,0.6438285677273539,3.6545120954316777,0.1761736042773457,0.21989920948904135,1.0430851034470834e-05
9,1,128,128,all,class_contrastive,1,1.0,0.13500016927719116,0.13500016927719116,1.2873365879058838,0.23525618905910145,0.23525618905910145,3.6545120954316777,0.0643741716857863,0.08140201751614495,1.0430851034470834e-05
9,1,128,128,all,cross_sdc_i,1,0.1,2.715130567550659,0.27151305675506593,1.2873365879058838,4.650039151088544,0.4650039151088544,3.6545120954316777,0.1272410387395167,0.30455912062239837,1.0430851034470834e-05
9,1,128,128,all,cross_sdc_c,1,0.0,3.103548526763916,0.0,1.2873365879058838,3.915558784803831,0.0,3.6545120954316777,0.0,,1.0430851034470834e-05
9,1,128,128,all,cmr,1,0.1,0.14236150681972504,0.014236150681972504,1.2873365879058838,2.228089755925846,0.2228089755925846,3.6545120954316777,0.06096818666193688,0.17922695229056648,1.0430851034470834e-05
9,1,128,128,all,attn_spatial,1,0.5,0.0057845041155815125,0.0028922520577907562,1.2873365879058838,0.5995152414840375,0.2997576207420187,3.6545120954316777,0.08202397828063852,0.08949790673881138,1.0430851034470834e-05
9,1,128,128,all,attn_temporal,1,0.5,0.00025574001483619213,0.00012787000741809607,1.2873365879058838,0.03741229339301355,0.018706146696506776,3.6545120954316777,0.005118644078340962,0.0625906376013035,1.0430851034470834e-05
9,1,128,128,feature_and_attention,ce,1,1.0,0.5436367392539978,0.5436367392539978,1.2873365879058838,1.6109132698589614,1.6109132698589614,3.6347473823316605,0.44319813742477304,0.5289917501033807,1.0430851034470834e-05
9,1,128,128,feature_and_attention,kd,1,1.0,0.09510735422372818,0.09510735422372818,1.2873365879058838,2.8787516499360892,2.8787516499360892,3.6347473823316605,0.7920087277398061,0.851217507370291,1.0430851034470834e-05
9,1,128,128,feature_and_attention,instance_contrastive,1,0.1,2.2482292652130127,0.2248229265213013,1.2873365879058838,6.438285677273541,0.6438285677273541,3.6347473823316605,0.17713158577594004,0.22109495827961695,1.0430851034470834e-05
9,1,128,128,feature_and_attention,class_contrastive,1,1.0,0.13500016927719116,0.13500016927719116,1.2873365879058838,0.23525618905910176,0.23525618905910176,3.6347473823316605,0.0647242199561574,0.0818446583251848,1.0430851034470834e-05
9,1,128,128,feature_and_attention,cross_sdc_i,1,0.1,2.715130567550659,0.27151305675506593,1.2873365879058838,4.650039151088548,0.46500391510885486,3.6347473823316605,0.12793293899026312,0.30621522571249443,1.0430851034470834e-05
9,1,128,128,feature_and_attention,cross_sdc_c,1,0.0,3.103548526763916,0.0,1.2873365879058838,3.915558784803825,0.0,3.6347473823316605,0.0,,1.0430851034470834e-05
9,1,128,128,feature_and_attention,cmr,1,0.1,0.14236150681972504,0.014236150681972504,1.2873365879058838,2.22808975592585,0.22280897559258503,3.6347473823316605,0.0612997141632591,0.18020153701935152,1.0430851034470834e-05
9,1,128,128,feature_and_attention,attn_spatial,1,0.5,0.0057845041155815125,0.0028922520577907562,1.2873365879058838,0.5995152414840368,0.2997576207420184,3.6347473823316605,0.0824700011338137,0.08998457066993974,1.0430851034470834e-05
9,1,128,128,feature_and_attention,attn_temporal,1,0.5,0.00025574001483619213,0.00012787000741809607,1.2873365879058838,0.03741229339301358,0.01870614669650679,3.6347473823316605,0.005146477795798549,0.06293098752519326,1.0430851034470834e-05
9,1,128,128,classifier,ce,1,1.0,0.5436367392539978,0.5436367392539978,1.2873365879058838,0.2730348666692953,0.2730348666692953,0.3795657022038802,0.7193349269545886,0.7556685563861069,1.0430851034470834e-05
9,1,128,128,classifier,kd,1,1.0,0.09510735422372818,0.09510735422372818,1.2873365879058838,0.24898039363653346,0.24898039363653346,0.3795657022038802,0.6559612530607308,0.6958051440697879,1.0430851034470834e-05
9,1,128,128,classifier,instance_contrastive,1,0.1,2.2482292652130127,0.2248229265213013,1.2873365879058838,0.0,0.0,0.3795657022038802,0.0,,1.0430851034470834e-05
9,1,128,128,classifier,class_contrastive,1,1.0,0.13500016927719116,0.13500016927719116,1.2873365879058838,0.0,0.0,0.3795657022038802,0.0,,1.0430851034470834e-05
9,1,128,128,classifier,cross_sdc_i,1,0.1,2.715130567550659,0.27151305675506593,1.2873365879058838,0.0,0.0,0.3795657022038802,0.0,,1.0430851034470834e-05
9,1,128,128,classifier,cross_sdc_c,1,0.0,3.103548526763916,0.0,1.2873365879058838,0.0,0.0,0.3795657022038802,0.0,,1.0430851034470834e-05
9,1,128,128,classifier,cmr,1,0.1,0.14236150681972504,0.014236150681972504,1.2873365879058838,0.0,0.0,0.3795657022038802,0.0,,1.0430851034470834e-05
9,1,128,128,classifier,attn_spatial,1,0.5,0.0057845041155815125,0.0028922520577907562,1.2873365879058838,0.0,0.0,0.3795657022038802,0.0,,1.0430851034470834e-05
9,1,128,128,classifier,attn_temporal,1,0.5,0.00025574001483619213,0.00012787000741809607,1.2873365879058838,0.0,0.0,0.3795657022038802,0.0,,1.0430851034470834e-05
9,2,128,128,all,ce,1,1.0,0.531540036201477,0.531540036201477,1.2475279569625854,1.7626008528739938,1.7626008528739938,3.6041955059925628,0.4890414101963621,0.528935437188098,1.0354284313507378e-05
9,2,128,128,all,kd,1,1.0,0.08788810670375824,0.08788810670375824,1.2475279569625854,2.791083873443184,2.791083873443184,3.6041955059925628,0.7743985776583295,0.8118799072036703,1.0354284313507378e-05
9,2,128,128,all,instance_contrastive,1,0.1,2.1650238037109375,0.21650238037109376,1.2475279569625854,6.648965227903619,0.6648965227903619,3.6041955059925628,0.18447848394596325,0.2354987498762941,1.0354284313507378e-05
9,2,128,128,all,class_contrastive,1,1.0,0.12353725731372833,0.12353725731372833,1.2475279569625854,0.21966554169710287,0.21966554169710287,3.6041955059925628,0.060947177069577134,0.1445542302300369,1.0354284313507378e-05
9,2,128,128,all,cross_sdc_i,1,0.1,2.6876935958862305,0.2687693595886231,1.2475279569625854,5.227782080505576,0.5227782080505576,3.6041955059925628,0.14504712832069006,0.3480766022494811,1.0354284313507378e-05
9,2,128,128,all,cross_sdc_c,1,0.0,2.9913816452026367,0.0,1.2475279569625854,4.523733271259433,0.0,3.6041955059925628,0.0,,1.0354284313507378e-05
9,2,128,128,all,cmr,1,0.1,0.1622430831193924,0.01622430831193924,1.2475279569625854,2.6473018506588946,0.26473018506588947,3.6041955059925628,0.07345056188703758,0.13309414222175608,1.0354284313507378e-05
9,2,128,128,all,attn_spatial,1,0.5,0.00591312674805522,0.00295656337402761,1.2475279569625854,0.6298383339671157,0.3149191669835579,3.6041955059925628,0.08737571712188015,0.10739297593187577,1.0354284313507378e-05
9,2,128,128,all,attn_temporal,1,0.5,0.00022013741545379162,0.00011006870772689581,1.2475279569625854,0.03742505169084334,0.01871252584542167,3.6041955059925628,0.005191873141817375,0.09328965123544335,1.0354284313507378e-05
9,2,128,128,feature_and_attention,ce,1,1.0,0.531540036201477,0.531540036201477,1.2475279569625854,1.7462945062354618,1.7462945062354618,3.58899093574182,0.4865697733712762,0.5269470270911419,1.0354284313507378e-05
9,2,128,128,feature_and_attention,kd,1,1.0,0.08788810670375824,0.08788810670375824,1.2475279569625854,2.7818604762534527,2.7818604762534527,3.58899093574182,0.7751093625090087,0.8128366892763274,1.0354284313507378e-05
9,2,128,128,feature_and_attention,instance_contrastive,1,0.1,2.1650238037109375,0.21650238037109376,1.2475279569625854,6.6489652279036395,0.664896522790364,3.58899093574182,0.18526001728475652,0.23649642787285854,1.0354284313507378e-05
9,2,128,128,feature_and_attention,class_contrastive,1,1.0,0.12353725731372833,0.12353725731372833,1.2475279569625854,0.21966554169710234,0.21966554169710234,3.58899093574182,0.061205376561281,0.1451666265798545,1.0354284313507378e-05
9,2,128,128,feature_and_attention,cross_sdc_i,1,0.1,2.6876935958862305,0.2687693595886231,1.2475279569625854,5.227782080505571,0.5227782080505571,3.58899093574182,0.1456616128071949,0.349551210362541,1.0354284313507378e-05
9,2,128,128,feature_and_attention,cross_sdc_c,1,0.0,2.9913816452026367,0.0,1.2475279569625854,4.523733271259435,0.0,3.58899093574182,0.0,,1.0354284313507378e-05
9,2,128,128,feature_and_attention,cmr,1,0.1,0.1622430831193924,0.01622430831193924,1.2475279569625854,2.6473018506588955,0.2647301850658896,3.58899093574182,0.07376173130712342,0.13365798851493604,1.0354284313507378e-05
9,2,128,128,feature_and_attention,attn_spatial,1,0.5,0.00591312674805522,0.00295656337402761,1.2475279569625854,0.6298383339671152,0.3149191669835576,3.58899093574182,0.08774587972551286,0.10784794059359472,1.0354284313507378e-05
9,2,128,128,feature_and_attention,attn_temporal,1,0.5,0.00022013741545379162,0.00011006870772689581,1.2475279569625854,0.0374250516908433,0.01871252584542165,3.58899093574182,0.005213868237745743,0.09368486790811631,1.0354284313507378e-05
9,2,128,128,classifier,ce,1,1.0,0.531540036201477,0.531540036201477,1.2475279569625854,0.239201304436168,0.239201304436168,0.3307103091530247,0.7232955786857128,0.7280396062048016,1.0354284313507378e-05
9,2,128,128,classifier,kd,1,1.0,0.08788810670375824,0.08788810670375824,1.2475279569625854,0.22671894330552825,0.22671894330552825,0.3307103091530247,0.6855514842768992,0.6905567015485667,1.0354284313507378e-05
9,2,128,128,classifier,instance_contrastive,1,0.1,2.1650238037109375,0.21650238037109376,1.2475279569625854,0.0,0.0,0.3307103091530247,0.0,,1.0354284313507378e-05
9,2,128,128,classifier,class_contrastive,1,1.0,0.12353725731372833,0.12353725731372833,1.2475279569625854,0.0,0.0,0.3307103091530247,0.0,,1.0354284313507378e-05
9,2,128,128,classifier,cross_sdc_i,1,0.1,2.6876935958862305,0.2687693595886231,1.2475279569625854,0.0,0.0,0.3307103091530247,0.0,,1.0354284313507378e-05
9,2,128,128,classifier,cross_sdc_c,1,0.0,2.9913816452026367,0.0,1.2475279569625854,0.0,0.0,0.3307103091530247,0.0,,1.0354284313507378e-05
9,2,128,128,classifier,cmr,1,0.1,0.1622430831193924,0.01622430831193924,1.2475279569625854,0.0,0.0,0.3307103091530247,0.0,,1.0354284313507378e-05
9,2,128,128,classifier,attn_spatial,1,0.5,0.00591312674805522,0.00295656337402761,1.2475279569625854,0.0,0.0,0.3307103091530247,0.0,,1.0354284313507378e-05
9,2,128,128,classifier,attn_temporal,1,0.5,0.00022013741545379162,0.00011006870772689581,1.2475279569625854,0.0,0.0,0.3307103091530247,0.0,,1.0354284313507378e-05
