step,batch,n_current,n_replay,parameter_scope,component_a,component_b,raw_cosine,weighted_cosine
1,0,128,128,all,ce,kd,0.29532782707451094,0.29532782707451094
1,0,128,128,all,ce,instance_contrastive,-0.2565433720043244,-0.2565433720043244
1,0,128,128,all,ce,class_contrastive,0.3512383644978017,0.3512383644978017
1,0,128,128,all,ce,cross_sdc_i,-0.06483868628898497,-0.06483868628898497
1,0,128,128,all,ce,cross_sdc_c,0.1519733437169575,
1,0,128,128,all,ce,cmr,0.18538671114977773,0.18538671114977773
1,0,128,128,all,ce,attn_spatial,-0.026691899812453866,-0.026691899812453866
1,0,128,128,all,ce,attn_temporal,-0.0032875835734354907,-0.0032875835734354907
1,0,128,128,all,kd,instance_contrastive,-0.057661388340540354,-0.057661388340540354
1,0,128,128,all,kd,class_contrastive,0.16627388827776088,0.16627388827776088
1,0,128,128,all,kd,cross_sdc_i,0.1132324722237173,0.1132324722237173
1,0,128,128,all,kd,cross_sdc_c,0.18980938557414445,
1,0,128,128,all,kd,cmr,0.07258508299087256,0.07258508299087256
1,0,128,128,all,kd,attn_spatial,0.11775633808270373,0.11775633808270373
1,0,128,128,all,kd,attn_temporal,0.13662135115498483,0.13662135115498483
1,0,128,128,all,instance_contrastive,class_contrastive,-0.1881996800273849,-0.1881996800273849
1,0,128,128,all,instance_contrastive,cross_sdc_i,0.3612993463167375,0.3612993463167375
1,0,128,128,all,instance_contrastive,cross_sdc_c,0.10432760517829583,
1,0,128,128,all,instance_contrastive,cmr,0.08188304844123201,0.08188304844123201
1,0,128,128,all,instance_contrastive,attn_spatial,-0.04511114558045546,-0.04511114558045546
1,0,128,128,all,instance_contrastive,attn_temporal,-0.04337574313920502,-0.04337574313920502
1,0,128,128,all,class_contrastive,cross_sdc_i,-0.0685384304086541,-0.0685384304086541
1,0,128,128,all,class_contrastive,cross_sdc_c,0.15129905881865596,
1,0,128,128,all,class_contrastive,cmr,0.08515303688950006,0.08515303688950006
1,0,128,128,all,class_contrastive,attn_spatial,0.08840415242003541,0.08840415242003541
1,0,128,128,all,class_contrastive,attn_temporal,0.08750022993500155,0.08750022993500155
1,0,128,128,all,cross_sdc_i,cross_sdc_c,0.6606627349298696,
1,0,128,128,all,cross_sdc_i,cmr,0.016544534210148867,0.016544534210148867
1,0,128,128,all,cross_sdc_i,attn_spatial,0.009930514084184081,0.009930514084184081
1,0,128,128,all,cross_sdc_i,attn_temporal,0.013102780843135623,0.013102780843135623
1,0,128,128,all,cross_sdc_c,cmr,0.2601072331910234,
1,0,128,128,all,cross_sdc_c,attn_spatial,-0.015608643253538465,
1,0,128,128,all,cross_sdc_c,attn_temporal,-0.012573186986653703,
1,0,128,128,all,cmr,attn_spatial,-0.1443325741156185,-0.1443325741156185
1,0,128,128,all,cmr,attn_temporal,-0.1225706628712411,-0.1225706628712411
1,0,128,128,all,attn_spatial,attn_temporal,0.7915625759800293,0.7915625759800293
1,0,128,128,feature_and_attention,ce,kd,0.30235304626792936,0.30235304626792936
1,0,128,128,feature_and_attention,ce,instance_contrastive,-0.2582313518265893,-0.2582313518265893
1,0,128,128,feature_and_attention,ce,class_contrastive,0.3535494094780172,0.3535494094780172
1,0,128,128,feature_and_attention,ce,cross_sdc_i,-0.06526530574636119,-0.06526530574636119
1,0,128,128,feature_and_attention,ce,cross_sdc_c,0.1529732835544682,
1,0,128,128,feature_and_attention,ce,cmr,0.18660650110300106,0.18660650110300106
1,0,128,128,feature_and_attention,ce,attn_spatial,-0.026867524651050766,-0.026867524651050766
1,0,128,128,feature_and_attention,ce,attn_temporal,-0.003309214904982353,-0.003309214904982353
1,0,128,128,feature_and_attention,kd,instance_contrastive,-0.058468920038429316,-0.058468920038429316
1,0,128,128,feature_and_attention,kd,class_contrastive,0.16860250781294397,0.16860250781294397
1,0,128,128,feature_and_attention,kd,cross_sdc_i,0.1148182614872528,0.1148182614872528
1,0,128,128,feature_and_attention,kd,cross_sdc_c,0.1924676131995848,
1,0,128,128,feature_and_attention,kd,cmr,0.07360161687942406,0.07360161687942406
1,0,128,128,feature_and_attention,kd,attn_spatial,0.11940548282870805,0.11940548282870805
1,0,128,128,feature_and_attention,kd,attn_temporal,0.13853469515937275,0.13853469515937275
1,0,128,128,feature_and_attention,instance_contrastive,class_contrastive,-0.18819968002738485,-0.18819968002738485
1,0,128,128,feature_and_attention,instance_contrastive,cross_sdc_i,0.3612993463167382,0.3612993463167382
1,0,128,128,feature_and_attention,instance_contrastive,cross_sdc_c,0.10432760517829653,
1,0,128,128,feature_and_attention,instance_contrastive,cmr,0.08188304844123138,0.08188304844123138
1,0,128,128,feature_and_attention,instance_contrastive,attn_spatial,-0.04511114558045559,-0.04511114558045559
1,0,128,128,feature_and_attention,instance_contrastive,attn_temporal,-0.043375743139204975,-0.043375743139204975
1,0,128,128,feature_and_attention,class_contrastive,cross_sdc_i,-0.068538430408654,-0.068538430408654
1,0,128,128,feature_and_attention,class_contrastive,cross_sdc_c,0.1512990588186564,
1,0,128,128,feature_and_attention,class_contrastive,cmr,0.08515303688949956,0.08515303688949956
1,0,128,128,feature_and_attention,class_contrastive,attn_spatial,0.08840415242003559,0.08840415242003559
1,0,128,128,feature_and_attention,class_contrastive,attn_temporal,0.08750022993500174,0.08750022993500174
1,0,128,128,feature_and_attention,cross_sdc_i,cross_sdc_c,0.6606627349298698,
1,0,128,128,feature_and_attention,cross_sdc_i,cmr,0.01654453421014862,0.01654453421014862
1,0,128,128,feature_and_attention,cross_sdc_i,attn_spatial,0.009930514084184088,0.009930514084184088
1,0,128,128,feature_and_attention,cross_sdc_i,attn_temporal,0.013102780843135663,0.013102780843135663
1,0,128,128,feature_and_attention,cross_sdc_c,cmr,0.2601072331910212,
1,0,128,128,feature_and_attention,cross_sdc_c,attn_spatial,-0.015608643253538383,
1,0,128,128,feature_and_attention,cross_sdc_c,attn_temporal,-0.012573186986653702,
1,0,128,128,feature_and_attention,cmr,attn_spatial,-0.14433257411561826,-0.14433257411561826
1,0,128,128,feature_and_attention,cmr,attn_temporal,-0.12257066287124153,-0.12257066287124153
1,0,128,128,feature_and_attention,attn_spatial,attn_temporal,0.7915625759800281,0.7915625759800281
1,0,128,128,classifier,ce,kd,-0.04761528690835186,-0.04761528690835186
1,0,128,128,classifier,ce,instance_contrastive,,
1,0,128,128,classifier,ce,class_contrastive,,
1,0,128,128,classifier,ce,cross_sdc_i,,
1,0,128,128,classifier,ce,cross_sdc_c,,
1,0,128,128,classifier,ce,cmr,,
1,0,128,128,classifier,ce,attn_spatial,,
1,0,128,128,classifier,ce,attn_temporal,,
1,0,128,128,classifier,kd,instance_contrastive,,
1,0,128,128,classifier,kd,class_contrastive,,
1,0,128,128,classifier,kd,cross_sdc_i,,
1,0,128,128,classifier,kd,cross_sdc_c,,
1,0,128,128,classifier,kd,cmr,,
1,0,128,128,classifier,kd,attn_spatial,,
1,0,128,128,classifier,kd,attn_temporal,,
1,0,128,128,classifier,instance_contrastive,class_contrastive,,
1,0,128,128,classifier,instance_contrastive,cross_sdc_i,,
1,0,128,128,classifier,instance_contrastive,cross_sdc_c,,
1,0,128,128,classifier,instance_contrastive,cmr,,
1,0,128,128,classifier,instance_contrastive,attn_spatial,,
1,0,128,128,classifier,instance_contrastive,attn_temporal,,
1,0,128,128,classifier,class_contrastive,cross_sdc_i,,
1,0,128,128,classifier,class_contrastive,cross_sdc_c,,
1,0,128,128,classifier,class_contrastive,cmr,,
1,0,128,128,classifier,class_contrastive,attn_spatial,,
1,0,128,128,classifier,class_contrastive,attn_temporal,,
1,0,128,128,classifier,cross_sdc_i,cross_sdc_c,,
1,0,128,128,classifier,cross_sdc_i,cmr,,
1,0,128,128,classifier,cross_sdc_i,attn_spatial,,
1,0,128,128,classifier,cross_sdc_i,attn_temporal,,
1,0,128,128,classifier,cross_sdc_c,cmr,,
1,0,128,128,classifier,cross_sdc_c,attn_spatial,,
1,0,128,128,classifier,cross_sdc_c,attn_temporal,,
1,0,128,128,classifier,cmr,attn_spatial,,
1,0,128,128,classifier,cmr,attn_temporal,,
1,0,128,128,classifier,attn_spatial,attn_temporal,,
1,1,128,128,all,ce,kd,0.5933155335244021,0.5933155335244021
1,1,128,128,all,ce,instance_contrastive,-0.19610018907752813,-0.19610018907752813
1,1,128,128,all,ce,class_contrastive,0.2374747151218402,0.2374747151218402
1,1,128,128,all,ce,cross_sdc_i,-0.024682888533710572,-0.024682888533710572
1,1,128,128,all,ce,cross_sdc_c,0.18490556453393642,
1,1,128,128,all,ce,cmr,0.22150806678347845,0.22150806678347845
1,1,128,128,all,ce,attn_spatial,-0.008349559247357342,-0.008349559247357342
1,1,128,128,all,ce,attn_temporal,0.03718283682224966,0.03718283682224966
1,1,128,128,all,kd,instance_contrastive,-0.11778249582323204,-0.11778249582323204
1,1,128,128,all,kd,class_contrastive,0.14786076755069938,0.14786076755069938
1,1,128,128,all,kd,cross_sdc_i,0.10006501778695216,0.10006501778695216
1,1,128,128,all,kd,cross_sdc_c,0.1586671433268283,
1,1,128,128,all,kd,cmr,0.06997726035921964,0.06997726035921964
1,1,128,128,all,kd,attn_spatial,0.12282917787282903,0.12282917787282903
1,1,128,128,all,kd,attn_temporal,0.1678389614927339,0.1678389614927339
1,1,128,128,all,instance_contrastive,class_contrastive,-0.3242096162352274,-0.3242096162352274
1,1,128,128,all,instance_contrastive,cross_sdc_i,0.44012556239158973,0.44012556239158973
1,1,128,128,all,instance_contrastive,cross_sdc_c,0.14786659064792884,
1,1,128,128,all,instance_contrastive,cmr,0.1754203902213798,0.1754203902213798
1,1,128,128,all,instance_contrastive,attn_spatial,-0.11178963676659329,-0.11178963676659329
1,1,128,128,all,instance_contrastive,attn_temporal,-0.12069482805122674,-0.12069482805122674
1,1,128,128,all,class_contrastive,cross_sdc_i,-0.0910717212429473,-0.0910717212429473
1,1,128,128,all,class_contrastive,cross_sdc_c,0.20585002741694713,
1,1,128,128,all,class_contrastive,cmr,0.09449540961205853,0.09449540961205853
1,1,128,128,all,class_contrastive,attn_spatial,-0.05446278571721108,-0.05446278571721108
1,1,128,128,all,class_contrastive,attn_temporal,-0.09038813817838649,-0.09038813817838649
1,1,128,128,all,cross_sdc_i,cross_sdc_c,0.5110247300734894,
1,1,128,128,all,cross_sdc_i,cmr,0.043268505539323064,0.043268505539323064
1,1,128,128,all,cross_sdc_i,attn_spatial,0.00996061182329819,0.00996061182329819
1,1,128,128,all,cross_sdc_i,attn_temporal,0.04601877401078346,0.04601877401078346
1,1,128,128,all,cross_sdc_c,cmr,0.283958836221189,
1,1,128,128,all,cross_sdc_c,attn_spatial,-0.12416263562689427,
1,1,128,128,all,cross_sdc_c,attn_temporal,-0.15809897030646114,
1,1,128,128,all,cmr,attn_spatial,-0.18991814398582596,-0.18991814398582596
1,1,128,128,all,cmr,attn_temporal,-0.22276979612971862,-0.22276979612971862
1,1,128,128,all,attn_spatial,attn_temporal,0.7109643326176782,0.7109643326176782
1,1,128,128,feature_and_attention,ce,kd,0.5969511329360988,0.5969511329360988
1,1,128,128,feature_and_attention,ce,instance_contrastive,-0.19705320636020673,-0.19705320636020673
1,1,128,128,feature_and_attention,ce,class_contrastive,0.23862880634824407,0.23862880634824407
1,1,128,128,feature_and_attention,ce,cross_sdc_i,-0.02480284364170785,-0.02480284364170785
1,1,128,128,feature_and_attention,ce,cross_sdc_c,0.18580417763315543,
1,1,128,128,feature_and_attention,ce,cmr,0.22258456251196523,0.22258456251196523
1,1,128,128,feature_and_attention,ce,attn_spatial,-0.008390136843446867,-0.008390136843446867
1,1,128,128,feature_and_attention,ce,attn_temporal,0.037363539789836385,0.037363539789836385
1,1,128,128,feature_and_attention,kd,instance_contrastive,-0.11921689363169219,-0.11921689363169219
1,1,128,128,feature_and_attention,kd,class_contrastive,0.14966146942451977,0.14966146942451977
1,1,128,128,feature_and_attention,kd,cross_sdc_i,0.10128364574362735,0.10128364574362735
1,1,128,128,feature_and_attention,kd,cross_sdc_c,0.16059944915098207,
1,1,128,128,feature_and_attention,kd,cmr,0.07082946873024897,0.07082946873024897
1,1,128,128,feature_and_attention,kd,attn_spatial,0.12432503599949157,0.12432503599949157
1,1,128,128,feature_and_attention,kd,attn_temporal,0.16988296503380895,0.16988296503380895
1,1,128,128,feature_and_attention,instance_contrastive,class_contrastive,-0.32420961623522687,-0.32420961623522687
1,1,128,128,feature_and_attention,instance_contrastive,cross_sdc_i,0.44012556239159184,0.44012556239159184
1,1,128,128,feature_and_attention,instance_contrastive,cross_sdc_c,0.14786659064792745,
1,1,128,128,feature_and_attention,instance_contrastive,cmr,0.1754203902213779,0.1754203902213779
1,1,128,128,feature_and_attention,instance_contrastive,attn_spatial,-0.1117896367665935,-0.1117896367665935
1,1,128,128,feature_and_attention,instance_contrastive,attn_temporal,-0.12069482805122653,-0.12069482805122653
1,1,128,128,feature_and_attention,class_contrastive,cross_sdc_i,-0.09107172124294752,-0.09107172124294752
1,1,128,128,feature_and_attention,class_contrastive,cross_sdc_c,0.20585002741694766,
1,1,128,128,feature_and_attention,class_contrastive,cmr,0.0944954096120592,0.0944954096120592
1,1,128,128,feature_and_attention,class_contrastive,attn_spatial,-0.054462785717211276,-0.054462785717211276
1,1,128,128,feature_and_attention,class_contrastive,attn_temporal,-0.09038813817838658,-0.09038813817838658
1,1,128,128,feature_and_attention,cross_sdc_i,cross_sdc_c,0.5110247300734878,
1,1,128,128,feature_and_attention,cross_sdc_i,cmr,0.043268505539322676,0.043268505539322676
1,1,128,128,feature_and_attention,cross_sdc_i,attn_spatial,0.009960611823298151,0.009960611823298151
1,1,128,128,feature_and_attention,cross_sdc_i,attn_temporal,0.04601877401078354,0.04601877401078354
1,1,128,128,feature_and_attention,cross_sdc_c,cmr,0.2839588362211885,
1,1,128,128,feature_and_attention,cross_sdc_c,attn_spatial,-0.12416263562689397,
1,1,128,128,feature_and_attention,cross_sdc_c,attn_temporal,-0.1580989703064607,
1,1,128,128,feature_and_attention,cmr,attn_spatial,-0.18991814398582615,-0.18991814398582615
1,1,128,128,feature_and_attention,cmr,attn_temporal,-0.22276979612971737,-0.22276979612971737
1,1,128,128,feature_and_attention,attn_spatial,attn_temporal,0.7109643326176742,0.7109643326176742
1,1,128,128,classifier,ce,kd,0.4212144310178614,0.4212144310178614
1,1,128,128,classifier,ce,instance_contrastive,,
1,1,128,128,classifier,ce,class_contrastive,,
1,1,128,128,classifier,ce,cross_sdc_i,,
1,1,128,128,classifier,ce,cross_sdc_c,,
1,1,128,128,classifier,ce,cmr,,
1,1,128,128,classifier,ce,attn_spatial,,
1,1,128,128,classifier,ce,attn_temporal,,
1,1,128,128,classifier,kd,instance_contrastive,,
1,1,128,128,classifier,kd,class_contrastive,,
1,1,128,128,classifier,kd,cross_sdc_i,,
1,1,128,128,classifier,kd,cross_sdc_c,,
1,1,128,128,classifier,kd,cmr,,
1,1,128,128,classifier,kd,attn_spatial,,
1,1,128,128,classifier,kd,attn_temporal,,
1,1,128,128,classifier,instance_contrastive,class_contrastive,,
1,1,128,128,classifier,instance_contrastive,cross_sdc_i,,
1,1,128,128,classifier,instance_contrastive,cross_sdc_c,,
1,1,128,128,classifier,instance_contrastive,cmr,,
1,1,128,128,classifier,instance_contrastive,attn_spatial,,
1,1,128,128,classifier,instance_contrastive,attn_temporal,,
1,1,128,128,classifier,class_contrastive,cross_sdc_i,,
1,1,128,128,classifier,class_contrastive,cross_sdc_c,,
1,1,128,128,classifier,class_contrastive,cmr,,
1,1,128,128,classifier,class_contrastive,attn_spatial,,
1,1,128,128,classifier,class_contrastive,attn_temporal,,
1,1,128,128,classifier,cross_sdc_i,cross_sdc_c,,
1,1,128,128,classifier,cross_sdc_i,cmr,,
1,1,128,128,classifier,cross_sdc_i,attn_spatial,,
1,1,128,128,classifier,cross_sdc_i,attn_temporal,,
1,1,128,128,classifier,cross_sdc_c,cmr,,
1,1,128,128,classifier,cross_sdc_c,attn_spatial,,
1,1,128,128,classifier,cross_sdc_c,attn_temporal,,
1,1,128,128,classifier,cmr,attn_spatial,,
1,1,128,128,classifier,cmr,attn_temporal,,
1,1,128,128,classifier,attn_spatial,attn_temporal,,
1,2,128,128,all,ce,kd,0.37573333635098866,0.37573333635098866
1,2,128,128,all,ce,instance_contrastive,-0.185900754882041,-0.185900754882041
1,2,128,128,all,ce,class_contrastive,0.3216654234396992,0.3216654234396992
1,2,128,128,all,ce,cross_sdc_i,-0.04220331243555189,-0.04220331243555189
1,2,128,128,all,ce,cross_sdc_c,0.04749534599264769,
1,2,128,128,all,ce,cmr,0.0935402293224383,0.0935402293224383
1,2,128,128,all,ce,attn_spatial,0.043995002069903415,0.043995002069903415
1,2,128,128,all,ce,attn_temporal,0.06118484216515009,0.06118484216515009
1,2,128,128,all,kd,instance_contrastive,-0.06539285061213314,-0.06539285061213314
1,2,128,128,all,kd,class_contrastive,0.09732620692253902,0.09732620692253902
1,2,128,128,all,kd,cross_sdc_i,0.08328157366008317,0.08328157366008317
1,2,128,128,all,kd,cross_sdc_c,0.06038385257682548,
1,2,128,128,all,kd,cmr,0.21995088529456738,0.21995088529456738
1,2,128,128,all,kd,attn_spatial,0.12270455557567332,0.12270455557567332
1,2,128,128,all,kd,attn_temporal,0.15196604444220782,0.15196604444220782
1,2,128,128,all,instance_contrastive,class_contrastive,-0.049859412470436106,-0.049859412470436106
1,2,128,128,all,instance_contrastive,cross_sdc_i,0.44696924670210614,0.44696924670210614
1,2,128,128,all,instance_contrastive,cross_sdc_c,0.1949645963448379,
1,2,128,128,all,instance_contrastive,cmr,0.014460200788313688,0.014460200788313688
1,2,128,128,all,instance_contrastive,attn_spatial,-0.1350144910179192,-0.1350144910179192
1,2,128,128,all,instance_contrastive,attn_temporal,-0.12710142219217552,-0.12710142219217552
1,2,128,128,all,class_contrastive,cross_sdc_i,-0.01850539220810381,-0.01850539220810381
1,2,128,128,all,class_contrastive,cross_sdc_c,0.1727107946185106,
1,2,128,128,all,class_contrastive,cmr,-0.04187352155762901,-0.04187352155762901
1,2,128,128,all,class_contrastive,attn_spatial,-0.05439465213310497,-0.05439465213310497
1,2,128,128,all,class_contrastive,attn_temporal,-0.05664561878288706,-0.05664561878288706
1,2,128,128,all,cross_sdc_i,cross_sdc_c,0.5909619239811267,
1,2,128,128,all,cross_sdc_i,cmr,0.01660077457313662,0.01660077457313662
1,2,128,128,all,cross_sdc_i,attn_spatial,0.017700383138364646,0.017700383138364646
1,2,128,128,all,cross_sdc_i,attn_temporal,0.027030682933471176,0.027030682933471176
1,2,128,128,all,cross_sdc_c,cmr,0.20397479951148373,
1,2,128,128,all,cross_sdc_c,attn_spatial,-0.1331184089752807,
1,2,128,128,all,cross_sdc_c,attn_temporal,-0.14917233798531088,
1,2,128,128,all,cmr,attn_spatial,-0.024588256506673976,-0.024588256506673976
1,2,128,128,all,cmr,attn_temporal,0.03692674359532917,0.03692674359532917
1,2,128,128,all,attn_spatial,attn_temporal,0.7499307333098387,0.7499307333098387
1,2,128,128,feature_and_attention,ce,kd,0.3810972602355132,0.3810972602355132
1,2,128,128,feature_and_attention,ce,instance_contrastive,-0.1872878077261994,-0.1872878077261994
1,2,128,128,feature_and_attention,ce,class_contrastive,0.32406545102824863,0.32406545102824863
1,2,128,128,feature_and_attention,ce,cross_sdc_i,-0.0425182020904313,-0.0425182020904313
1,2,128,128,feature_and_attention,ce,cross_sdc_c,0.04784972085672559,
1,2,128,128,feature_and_attention,ce,cmr,0.09423815677952246,0.09423815677952246
1,2,128,128,feature_and_attention,ce,attn_spatial,0.04432325997713217,0.04432325997713217
1,2,128,128,feature_and_attention,ce,attn_temporal,0.06164135784416588,0.06164135784416588
1,2,128,128,feature_and_attention,kd,instance_contrastive,-0.0663821592862998,-0.0663821592862998
1,2,128,128,feature_and_attention,kd,class_contrastive,0.09879862569356468,0.09879862569356468
1,2,128,128,feature_and_attention,kd,cross_sdc_i,0.08454151541898926,0.08454151541898926
1,2,128,128,feature_and_attention,kd,cross_sdc_c,0.061297381633513386,
1,2,128,128,feature_and_attention,kd,cmr,0.22327845576558375,0.22327845576558375
1,2,128,128,feature_and_attention,kd,attn_spatial,0.12456091571373781,0.12456091571373781
1,2,128,128,feature_and_attention,kd,attn_temporal,0.15426509280205375,0.15426509280205375
1,2,128,128,feature_and_attention,instance_contrastive,class_contrastive,-0.04985941247043576,-0.04985941247043576
1,2,128,128,feature_and_attention,instance_contrastive,cross_sdc_i,0.446969246702107,0.446969246702107
1,2,128,128,feature_and_attention,instance_contrastive,cross_sdc_c,0.19496459634483715,
1,2,128,128,feature_and_attention,instance_contrastive,cmr,0.014460200788313685,0.014460200788313685
1,2,128,128,feature_and_attention,instance_contrastive,attn_spatial,-0.135014491017919,-0.135014491017919
1,2,128,128,feature_and_attention,instance_contrastive,attn_temporal,-0.12710142219217477,-0.12710142219217477
1,2,128,128,feature_and_attention,class_contrastive,cross_sdc_i,-0.018505392208103818,-0.018505392208103818
1,2,128,128,feature_and_attention,class_contrastive,cross_sdc_c,0.17271079461851033,
1,2,128,128,feature_and_attention,class_contrastive,cmr,-0.041873521557628704,-0.041873521557628704
1,2,128,128,feature_and_attention,class_contrastive,attn_spatial,-0.054394652133104994,-0.054394652133104994
1,2,128,128,feature_and_attention,class_contrastive,attn_temporal,-0.05664561878288742,-0.05664561878288742
1,2,128,128,feature_and_attention,cross_sdc_i,cross_sdc_c,0.5909619239811241,
1,2,128,128,feature_and_attention,cross_sdc_i,cmr,0.016600774573136596,0.016600774573136596
1,2,128,128,feature_and_attention,cross_sdc_i,attn_spatial,0.01770038313836477,0.01770038313836477
1,2,128,128,feature_and_attention,cross_sdc_i,attn_temporal,0.02703068293347122,0.02703068293347122
1,2,128,128,feature_and_attention,cross_sdc_c,cmr,0.20397479951148278,
1,2,128,128,feature_and_attention,cross_sdc_c,attn_spatial,-0.13311840897528132,
1,2,128,128,feature_and_attention,cross_sdc_c,attn_temporal,-0.1491723379853104,
1,2,128,128,feature_and_attention,cmr,attn_spatial,-0.02458825650667377,-0.02458825650667377
1,2,128,128,feature_and_attention,cmr,attn_temporal,0.03692674359532923,0.03692674359532923
1,2,128,128,feature_and_attention,attn_spatial,attn_temporal,0.7499307333098408,0.7499307333098408
1,2,128,128,classifier,ce,kd,0.14817282255654765,0.14817282255654765
1,2,128,128,classifier,ce,instance_contrastive,,
1,2,128,128,classifier,ce,class_contrastive,,
1,2,128,128,classifier,ce,cross_sdc_i,,
1,2,128,128,classifier,ce,cross_sdc_c,,
1,2,128,128,classifier,ce,cmr,,
1,2,128,128,classifier,ce,attn_spatial,,
1,2,128,128,classifier,ce,attn_temporal,,
1,2,128,128,classifier,kd,instance_contrastive,,
1,2,128,128,classifier,kd,class_contrastive,,
1,2,128,128,classifier,kd,cross_sdc_i,,
1,2,128,128,classifier,kd,cross_sdc_c,,
1,2,128,128,classifier,kd,cmr,,
1,2,128,128,classifier,kd,attn_spatial,,
1,2,128,128,classifier,kd,attn_temporal,,
1,2,128,128,classifier,instance_contrastive,class_contrastive,,
1,2,128,128,classifier,instance_contrastive,cross_sdc_i,,
1,2,128,128,classifier,instance_contrastive,cross_sdc_c,,
1,2,128,128,classifier,instance_contrastive,cmr,,
1,2,128,128,classifier,instance_contrastive,attn_spatial,,
1,2,128,128,classifier,instance_contrastive,attn_temporal,,
1,2,128,128,classifier,class_contrastive,cross_sdc_i,,
1,2,128,128,classifier,class_contrastive,cross_sdc_c,,
1,2,128,128,classifier,class_contrastive,cmr,,
1,2,128,128,classifier,class_contrastive,attn_spatial,,
1,2,128,128,classifier,class_contrastive,attn_temporal,,
1,2,128,128,classifier,cross_sdc_i,cross_sdc_c,,
1,2,128,128,classifier,cross_sdc_i,cmr,,
1,2,128,128,classifier,cross_sdc_i,attn_spatial,,
1,2,128,128,classifier,cross_sdc_i,attn_temporal,,
1,2,128,128,classifier,cross_sdc_c,cmr,,
1,2,128,128,classifier,cross_sdc_c,attn_spatial,,
1,2,128,128,classifier,cross_sdc_c,attn_temporal,,
1,2,128,128,classifier,cmr,attn_spatial,,
1,2,128,128,classifier,cmr,attn_temporal,,
1,2,128,128,classifier,attn_spatial,attn_temporal,,
5,0,128,128,all,ce,kd,0.2731220285346877,0.2731220285346877
5,0,128,128,all,ce,instance_contrastive,-0.04900209114932036,-0.04900209114932036
5,0,128,128,all,ce,class_contrastive,0.1429381348432477,0.1429381348432477
5,0,128,128,all,ce,cross_sdc_i,1.9443753887247824e-06,1.9443753887247824e-06
5,0,128,128,all,ce,cross_sdc_c,0.07790262059634531,
5,0,128,128,all,ce,cmr,0.1024162892631598,0.1024162892631598
5,0,128,128,all,ce,attn_spatial,-0.010538679919452348,-0.010538679919452348
5,0,128,128,all,ce,attn_temporal,-0.011740687611689853,-0.011740687611689853
5,0,128,128,all,kd,instance_contrastive,0.02219861134383294,0.02219861134383294
5,0,128,128,all,kd,class_contrastive,0.10025305304500276,0.10025305304500276
5,0,128,128,all,kd,cross_sdc_i,0.07548631164044366,0.07548631164044366
5,0,128,128,all,kd,cross_sdc_c,0.104169181385297,
5,0,128,128,all,kd,cmr,0.055851969635671204,0.055851969635671204
5,0,128,128,all,kd,attn_spatial,-0.0007064835289654103,-0.0007064835289654103
5,0,128,128,all,kd,attn_temporal,0.023613545641562938,0.023613545641562938
5,0,128,128,all,instance_contrastive,class_contrastive,-0.21023844112682671,-0.21023844112682671
5,0,128,128,all,instance_contrastive,cross_sdc_i,0.7004399716135393,0.7004399716135393
5,0,128,128,all,instance_contrastive,cross_sdc_c,0.478491972443171,
5,0,128,128,all,instance_contrastive,cmr,0.3641275366643523,0.3641275366643523
5,0,128,128,all,instance_contrastive,attn_spatial,-0.0194565398014844,-0.0194565398014844
5,0,128,128,all,instance_contrastive,attn_temporal,-0.005018604364253501,-0.005018604364253501
5,0,128,128,all,class_contrastive,cross_sdc_i,0.07995075307593102,0.07995075307593102
5,0,128,128,all,class_contrastive,cross_sdc_c,0.22506074462409068,
5,0,128,128,all,class_contrastive,cmr,-0.0244772897125797,-0.0244772897125797
5,0,128,128,all,class_contrastive,attn_spatial,-0.004934349271059321,-0.004934349271059321
5,0,128,128,all,class_contrastive,attn_temporal,0.02958719099075498,0.02958719099075498
5,0,128,128,all,cross_sdc_i,cross_sdc_c,0.7535037575925451,
5,0,128,128,all,cross_sdc_i,cmr,0.3447996835790936,0.3447996835790936
5,0,128,128,all,cross_sdc_i,attn_spatial,-0.03732096814434222,-0.03732096814434222
5,0,128,128,all,cross_sdc_i,attn_temporal,-0.0005955404173447792,-0.0005955404173447792
5,0,128,128,all,cross_sdc_c,cmr,0.38560836892525535,
5,0,128,128,all,cross_sdc_c,attn_spatial,-0.021109551249601333,
5,0,128,128,all,cross_sdc_c,attn_temporal,-0.0043135525019313056,
5,0,128,128,all,cmr,attn_spatial,-0.008081771490986949,-0.008081771490986949
5,0,128,128,all,cmr,attn_temporal,-0.012255299706409931,-0.012255299706409931
5,0,128,128,all,attn_spatial,attn_temporal,0.7245434835971161,0.7245434835971161
5,0,128,128,feature_and_attention,ce,kd,0.2732333690723155,0.2732333690723155
5,0,128,128,feature_and_attention,ce,instance_contrastive,-0.04936338886143293,-0.04936338886143293
5,0,128,128,feature_and_attention,ce,class_contrastive,0.14399203315414072,0.14399203315414072
5,0,128,128,feature_and_attention,ce,cross_sdc_i,1.9587114785978646e-06,1.9587114785978646e-06
5,0,128,128,feature_and_attention,ce,cross_sdc_c,0.07847700503441513,
5,0,128,128,feature_and_attention,ce,cmr,0.1031714156287083,0.1031714156287083
5,0,128,128,feature_and_attention,ce,attn_spatial,-0.010616382745072178,-0.010616382745072178
5,0,128,128,feature_and_attention,ce,attn_temporal,-0.01182725296988664,-0.01182725296988664
5,0,128,128,feature_and_attention,kd,instance_contrastive,0.022308072397525386,0.022308072397525386
5,0,128,128,feature_and_attention,kd,class_contrastive,0.1007473994999327,0.1007473994999327
5,0,128,128,feature_and_attention,kd,cross_sdc_i,0.07585853362692531,0.07585853362692531
5,0,128,128,feature_and_attention,kd,cross_sdc_c,0.10468283821635337,
5,0,128,128,feature_and_attention,kd,cmr,0.05612737494604995,0.05612737494604995
5,0,128,128,feature_and_attention,kd,attn_spatial,-0.0007099671897358559,-0.0007099671897358559
5,0,128,128,feature_and_attention,kd,attn_temporal,0.023729983717229355,0.023729983717229355
5,0,128,128,feature_and_attention,instance_contrastive,class_contrastive,-0.21023844112682563,-0.21023844112682563
5,0,128,128,feature_and_attention,instance_contrastive,cross_sdc_i,0.7004399716135402,0.7004399716135402
5,0,128,128,feature_and_attention,instance_contrastive,cross_sdc_c,0.4784919724431684,
5,0,128,128,feature_and_attention,instance_contrastive,cmr,0.3641275366643514,0.3641275366643514
5,0,128,128,feature_and_attention,instance_contrastive,attn_spatial,-0.019456539801484287,-0.019456539801484287
5,0,128,128,feature_and_attention,instance_contrastive,attn_temporal,-0.005018604364253456,-0.005018604364253456
5,0,128,128,feature_and_attention,class_contrastive,cross_sdc_i,0.07995075307593116,0.07995075307593116
5,0,128,128,feature_and_attention,class_contrastive,cross_sdc_c,0.22506074462409031,
5,0,128,128,feature_and_attention,class_contrastive,cmr,-0.024477289712579897,-0.024477289712579897
5,0,128,128,feature_and_attention,class_contrastive,attn_spatial,-0.004934349271059308,-0.004934349271059308
5,0,128,128,feature_and_attention,class_contrastive,attn_temporal,0.0295871909907549,0.0295871909907549
5,0,128,128,feature_and_attention,cross_sdc_i,cross_sdc_c,0.7535037575925461,
5,0,128,128,feature_and_attention,cross_sdc_i,cmr,0.34479968357909735,0.34479968357909735
5,0,128,128,feature_and_attention,cross_sdc_i,attn_spatial,-0.03732096814434231,-0.03732096814434231
5,0,128,128,feature_and_attention,cross_sdc_i,attn_temporal,-0.0005955404173447851,-0.0005955404173447851
5,0,128,128,feature_and_attention,cross_sdc_c,cmr,0.3856083689252571,
5,0,128,128,feature_and_attention,cross_sdc_c,attn_spatial,-0.02110955124960136,
5,0,128,128,feature_and_attention,cross_sdc_c,attn_temporal,-0.004313552501931302,
5,0,128,128,feature_and_attention,cmr,attn_spatial,-0.00808177149098701,-0.00808177149098701
5,0,128,128,feature_and_attention,cmr,attn_temporal,-0.012255299706409982,-0.012255299706409982
5,0,128,128,feature_and_attention,attn_spatial,attn_temporal,0.7245434835971182,0.7245434835971182
5,0,128,128,classifier,ce,kd,0.2694280780109288,0.2694280780109288
5,0,128,128,classifier,ce,instance_contrastive,,
5,0,128,128,classifier,ce,class_contrastive,,
5,0,128,128,classifier,ce,cross_sdc_i,,
5,0,128,128,classifier,ce,cross_sdc_c,,
5,0,128,128,classifier,ce,cmr,,
5,0,128,128,classifier,ce,attn_spatial,,
5,0,128,128,classifier,ce,attn_temporal,,
5,0,128,128,classifier,kd,instance_contrastive,,
5,0,128,128,classifier,kd,class_contrastive,,
5,0,128,128,classifier,kd,cross_sdc_i,,
5,0,128,128,classifier,kd,cross_sdc_c,,
5,0,128,128,classifier,kd,cmr,,
5,0,128,128,classifier,kd,attn_spatial,,
5,0,128,128,classifier,kd,attn_temporal,,
5,0,128,128,classifier,instance_contrastive,class_contrastive,,
5,0,128,128,classifier,instance_contrastive,cross_sdc_i,,
5,0,128,128,classifier,instance_contrastive,cross_sdc_c,,
5,0,128,128,classifier,instance_contrastive,cmr,,
5,0,128,128,classifier,instance_contrastive,attn_spatial,,
5,0,128,128,classifier,instance_contrastive,attn_temporal,,
5,0,128,128,classifier,class_contrastive,cross_sdc_i,,
5,0,128,128,classifier,class_contrastive,cross_sdc_c,,
5,0,128,128,classifier,class_contrastive,cmr,,
5,0,128,128,classifier,class_contrastive,attn_spatial,,
5,0,128,128,classifier,class_contrastive,attn_temporal,,
5,0,128,128,classifier,cross_sdc_i,cross_sdc_c,,
5,0,128,128,classifier,cross_sdc_i,cmr,,
5,0,128,128,classifier,cross_sdc_i,attn_spatial,,
5,0,128,128,classifier,cross_sdc_i,attn_temporal,,
5,0,128,128,classifier,cross_sdc_c,cmr,,
5,0,128,128,classifier,cross_sdc_c,attn_spatial,,
5,0,128,128,classifier,cross_sdc_c,attn_temporal,,
5,0,128,128,classifier,cmr,attn_spatial,,
5,0,128,128,classifier,cmr,attn_temporal,,
5,0,128,128,classifier,attn_spatial,attn_temporal,,
5,1,128,128,all,ce,kd,0.33782717540829893,0.33782717540829893
5,1,128,128,all,ce,instance_contrastive,-0.0476381058787358,-0.0476381058787358
5,1,128,128,all,ce,class_contrastive,0.0619022270447263,0.0619022270447263
5,1,128,128,all,ce,cross_sdc_i,-0.006956272404032524,-0.006956272404032524
5,1,128,128,all,ce,cross_sdc_c,0.03988799041192169,
5,1,128,128,all,ce,cmr,0.11825128245576111,0.11825128245576111
5,1,128,128,all,ce,attn_spatial,-0.018481672238037525,-0.018481672238037525
5,1,128,128,all,ce,attn_temporal,-0.029605372062000566,-0.029605372062000566
5,1,128,128,all,kd,instance_contrastive,-0.03418830582272042,-0.03418830582272042
5,1,128,128,all,kd,class_contrastive,0.041045292909549384,0.041045292909549384
5,1,128,128,all,kd,cross_sdc_i,0.017106473201809615,0.017106473201809615
5,1,128,128,all,kd,cross_sdc_c,0.06768065994955784,
5,1,128,128,all,kd,cmr,0.1122341644271259,0.1122341644271259
5,1,128,128,all,kd,attn_spatial,-0.0007870723698688831,-0.0007870723698688831
5,1,128,128,all,kd,attn_temporal,0.0015731884643045365,0.0015731884643045365
5,1,128,128,all,instance_contrastive,class_contrastive,-0.23921654995957087,-0.23921654995957087
5,1,128,128,all,instance_contrastive,cross_sdc_i,0.740291135353843,0.740291135353843
5,1,128,128,all,instance_contrastive,cross_sdc_c,0.4635234299618313,
5,1,128,128,all,instance_contrastive,cmr,0.31033645710690466,0.31033645710690466
5,1,128,128,all,instance_contrastive,attn_spatial,-0.008130358437174289,-0.008130358437174289
5,1,128,128,all,instance_contrastive,attn_temporal,-0.05261058577683056,-0.05261058577683056
5,1,128,128,all,class_contrastive,cross_sdc_i,0.037810071995899384,0.037810071995899384
5,1,128,128,all,class_contrastive,cross_sdc_c,0.23127357959887979,
5,1,128,128,all,class_contrastive,cmr,-0.03089355450782213,-0.03089355450782213
5,1,128,128,all,class_contrastive,attn_spatial,0.018313983840527077,0.018313983840527077
5,1,128,128,all,class_contrastive,attn_temporal,0.00777475539771149,0.00777475539771149
5,1,128,128,all,cross_sdc_i,cross_sdc_c,0.6830049944466554,
5,1,128,128,all,cross_sdc_i,cmr,0.25714406757988206,0.25714406757988206
5,1,128,128,all,cross_sdc_i,attn_spatial,0.0034943115467491598,0.0034943115467491598
5,1,128,128,all,cross_sdc_i,attn_temporal,-0.029561970319646046,-0.029561970319646046
5,1,128,128,all,cross_sdc_c,cmr,0.31469466336150154,
5,1,128,128,all,cross_sdc_c,attn_spatial,0.025058494167131337,
5,1,128,128,all,cross_sdc_c,attn_temporal,-0.010775005915015547,
5,1,128,128,all,cmr,attn_spatial,-0.016686417140824406,-0.016686417140824406
5,1,128,128,all,cmr,attn_temporal,-0.047642823530059136,-0.047642823530059136
5,1,128,128,all,attn_spatial,attn_temporal,0.6802261481991052,0.6802261481991052
5,1,128,128,feature_and_attention,ce,kd,0.33888488673309314,0.33888488673309314
5,1,128,128,feature_and_attention,ce,instance_contrastive,-0.04804920270943405,-0.04804920270943405
5,1,128,128,feature_and_attention,ce,class_contrastive,0.06243641724565584,0.06243641724565584
5,1,128,128,feature_and_attention,ce,cross_sdc_i,-0.0070163021110500115,-0.0070163021110500115
5,1,128,128,feature_and_attention,ce,cross_sdc_c,0.04023220700363545,
5,1,128,128,feature_and_attention,ce,cmr,0.11927174132050579,0.11927174132050579
5,1,128,128,feature_and_attention,ce,attn_spatial,-0.018641161301318283,-0.018641161301318283
5,1,128,128,feature_and_attention,ce,attn_temporal,-0.02986085397929849,-0.02986085397929849
5,1,128,128,feature_and_attention,kd,instance_contrastive,-0.034361794009307646,-0.034361794009307646
5,1,128,128,feature_and_attention,kd,class_contrastive,0.04125357680263647,0.04125357680263647
5,1,128,128,feature_and_attention,kd,cross_sdc_i,0.017193279814283143,0.017193279814283143
5,1,128,128,feature_and_attention,kd,cross_sdc_c,0.06802410472341022,
5,1,128,128,feature_and_attention,kd,cmr,0.1128036954755651,0.1128036954755651
5,1,128,128,feature_and_attention,kd,attn_spatial,-0.0007910663600616089,-0.0007910663600616089
5,1,128,128,feature_and_attention,kd,attn_temporal,0.001581171592080668,0.001581171592080668
5,1,128,128,feature_and_attention,instance_contrastive,class_contrastive,-0.23921654995957214,-0.23921654995957214
5,1,128,128,feature_and_attention,instance_contrastive,cross_sdc_i,0.7402911353538414,0.7402911353538414
5,1,128,128,feature_and_attention,instance_contrastive,cross_sdc_c,0.46352342996183454,
5,1,128,128,feature_and_attention,instance_contrastive,cmr,0.31033645710690494,0.31033645710690494
5,1,128,128,feature_and_attention,instance_contrastive,attn_spatial,-0.008130358437174407,-0.008130358437174407
5,1,128,128,feature_and_attention,instance_contrastive,attn_temporal,-0.05261058577683055,-0.05261058577683055
5,1,128,128,feature_and_attention,class_contrastive,cross_sdc_i,0.03781007199589909,0.03781007199589909
5,1,128,128,feature_and_attention,class_contrastive,cross_sdc_c,0.2312735795988797,
5,1,128,128,feature_and_attention,class_contrastive,cmr,-0.03089355450782231,-0.03089355450782231
5,1,128,128,feature_and_attention,class_contrastive,attn_spatial,0.018313983840527213,0.018313983840527213
5,1,128,128,feature_and_attention,class_contrastive,attn_temporal,0.007774755397711494,0.007774755397711494
5,1,128,128,feature_and_attention,cross_sdc_i,cross_sdc_c,0.6830049944466525,
5,1,128,128,feature_and_attention,cross_sdc_i,cmr,0.2571440675798804,0.2571440675798804
5,1,128,128,feature_and_attention,cross_sdc_i,attn_spatial,0.0034943115467491437,0.0034943115467491437
5,1,128,128,feature_and_attention,cross_sdc_i,attn_temporal,-0.029561970319645997,-0.029561970319645997
5,1,128,128,feature_and_attention,cross_sdc_c,cmr,0.31469466336150137,
5,1,128,128,feature_and_attention,cross_sdc_c,attn_spatial,0.025058494167131514,
5,1,128,128,feature_and_attention,cross_sdc_c,attn_temporal,-0.010775005915015571,
5,1,128,128,feature_and_attention,cmr,attn_spatial,-0.016686417140824517,-0.016686417140824517
5,1,128,128,feature_and_attention,cmr,attn_temporal,-0.047642823530059296,-0.047642823530059296
5,1,128,128,feature_and_attention,attn_spatial,attn_temporal,0.6802261481991047,0.6802261481991047
5,1,128,128,classifier,ce,kd,0.27007698736677827,0.27007698736677827
5,1,128,128,classifier,ce,instance_contrastive,,
5,1,128,128,classifier,ce,class_contrastive,,
5,1,128,128,classifier,ce,cross_sdc_i,,
5,1,128,128,classifier,ce,cross_sdc_c,,
5,1,128,128,classifier,ce,cmr,,
5,1,128,128,classifier,ce,attn_spatial,,
5,1,128,128,classifier,ce,attn_temporal,,
5,1,128,128,classifier,kd,instance_contrastive,,
5,1,128,128,classifier,kd,class_contrastive,,
5,1,128,128,classifier,kd,cross_sdc_i,,
5,1,128,128,classifier,kd,cross_sdc_c,,
5,1,128,128,classifier,kd,cmr,,
5,1,128,128,classifier,kd,attn_spatial,,
5,1,128,128,classifier,kd,attn_temporal,,
5,1,128,128,classifier,instance_contrastive,class_contrastive,,
5,1,128,128,classifier,instance_contrastive,cross_sdc_i,,
5,1,128,128,classifier,instance_contrastive,cross_sdc_c,,
5,1,128,128,classifier,instance_contrastive,cmr,,
5,1,128,128,classifier,instance_contrastive,attn_spatial,,
5,1,128,128,classifier,instance_contrastive,attn_temporal,,
5,1,128,128,classifier,class_contrastive,cross_sdc_i,,
5,1,128,128,classifier,class_contrastive,cross_sdc_c,,
5,1,128,128,classifier,class_contrastive,cmr,,
5,1,128,128,classifier,class_contrastive,attn_spatial,,
5,1,128,128,classifier,class_contrastive,attn_temporal,,
5,1,128,128,classifier,cross_sdc_i,cross_sdc_c,,
5,1,128,128,classifier,cross_sdc_i,cmr,,
5,1,128,128,classifier,cross_sdc_i,attn_spatial,,
5,1,128,128,classifier,cross_sdc_i,attn_temporal,,
5,1,128,128,classifier,cross_sdc_c,cmr,,
5,1,128,128,classifier,cross_sdc_c,attn_spatial,,
5,1,128,128,classifier,cross_sdc_c,attn_temporal,,
5,1,128,128,classifier,cmr,attn_spatial,,
5,1,128,128,classifier,cmr,attn_temporal,,
5,1,128,128,classifier,attn_spatial,attn_temporal,,
5,2,128,128,all,ce,kd,0.24811866552765136,0.24811866552765136
5,2,128,128,all,ce,instance_contrastive,-0.10305198014880779,-0.10305198014880779
5,2,128,128,all,ce,class_contrastive,0.11519027299213501,0.11519027299213501
5,2,128,128,all,ce,cross_sdc_i,-0.028810143417890562,-0.028810143417890562
5,2,128,128,all,ce,cross_sdc_c,0.08355684325004162,
5,2,128,128,all,ce,cmr,0.055989678357957644,0.055989678357957644
5,2,128,128,all,ce,attn_spatial,0.0035300328258357455,0.0035300328258357455
5,2,128,128,all,ce,attn_temporal,0.015370469991983169,0.015370469991983169
5,2,128,128,all,kd,instance_contrastive,-0.019719833726932794,-0.019719833726932794
5,2,128,128,all,kd,class_contrastive,0.09850263902991034,0.09850263902991034
5,2,128,128,all,kd,cross_sdc_i,0.03862047641961517,0.03862047641961517
5,2,128,128,all,kd,cross_sdc_c,0.07053649446836259,
5,2,128,128,all,kd,cmr,0.05624471221811681,0.05624471221811681
5,2,128,128,all,kd,attn_spatial,0.009543449745359964,0.009543449745359964
5,2,128,128,all,kd,attn_temporal,0.02225887729821295,0.02225887729821295
5,2,128,128,all,instance_contrastive,class_contrastive,-0.2900580640795998,-0.2900580640795998
5,2,128,128,all,instance_contrastive,cross_sdc_i,0.7083173609723037,0.7083173609723037
5,2,128,128,all,instance_contrastive,cross_sdc_c,0.4015252902354777,
5,2,128,128,all,instance_contrastive,cmr,0.3044650556438769,0.3044650556438769
5,2,128,128,all,instance_contrastive,attn_spatial,-0.03172211281168013,-0.03172211281168013
5,2,128,128,all,instance_contrastive,attn_temporal,-0.04733337895987379,-0.04733337895987379
5,2,128,128,all,class_contrastive,cross_sdc_i,0.013180701912008302,0.013180701912008302
5,2,128,128,all,class_contrastive,cross_sdc_c,0.24620893776520386,
5,2,128,128,all,class_contrastive,cmr,-0.08183265726530159,-0.08183265726530159
5,2,128,128,all,class_contrastive,attn_spatial,0.012295407021818645,0.012295407021818645
5,2,128,128,all,class_contrastive,attn_temporal,0.029799377719375422,0.029799377719375422
5,2,128,128,all,cross_sdc_i,cross_sdc_c,0.7077199251495216,
5,2,128,128,all,cross_sdc_i,cmr,0.21810456132007486,0.21810456132007486
5,2,128,128,all,cross_sdc_i,attn_spatial,-0.029668420488322973,-0.029668420488322973
5,2,128,128,all,cross_sdc_i,attn_temporal,-0.03883955864318109,-0.03883955864318109
5,2,128,128,all,cross_sdc_c,cmr,0.2737815218011382,
5,2,128,128,all,cross_sdc_c,attn_spatial,0.0009132559801849835,
5,2,128,128,all,cross_sdc_c,attn_temporal,-0.009644277976805572,
5,2,128,128,all,cmr,attn_spatial,0.020829536134501683,0.020829536134501683
5,2,128,128,all,cmr,attn_temporal,0.03286407172374961,0.03286407172374961
5,2,128,128,all,attn_spatial,attn_temporal,0.7674532207505269,0.7674532207505269
5,2,128,128,feature_and_attention,ce,kd,0.24797817257887841,0.24797817257887841
5,2,128,128,feature_and_attention,ce,instance_contrastive,-0.10391564623729613,-0.10391564623729613
5,2,128,128,feature_and_attention,ce,class_contrastive,0.11615566863386187,0.11615566863386187
5,2,128,128,feature_and_attention,ce,cross_sdc_i,-0.02905159771928859,-0.02905159771928859
5,2,128,128,feature_and_attention,ce,cross_sdc_c,0.08425712297171252,
5,2,128,128,feature_and_attention,ce,cmr,0.05645892102979469,0.05645892102979469
5,2,128,128,feature_and_attention,ce,attn_spatial,0.0035596176008058393,0.0035596176008058393
5,2,128,128,feature_and_attention,ce,attn_temporal,0.015499288028056201,0.015499288028056201
5,2,128,128,feature_and_attention,kd,instance_contrastive,-0.0198212317644119,-0.0198212317644119
5,2,128,128,feature_and_attention,kd,class_contrastive,0.09900913286867338,0.09900913286867338
5,2,128,128,feature_and_attention,kd,cross_sdc_i,0.038819060270253995,0.038819060270253995
5,2,128,128,feature_and_attention,kd,cross_sdc_c,0.0708991883028427,
5,2,128,128,feature_and_attention,kd,cmr,0.05653391868488844,0.05653391868488844
5,2,128,128,feature_and_attention,kd,attn_spatial,0.00959252151180374,0.00959252151180374
5,2,128,128,feature_and_attention,kd,attn_temporal,0.022373330924231126,0.022373330924231126
5,2,128,128,feature_and_attention,instance_contrastive,class_contrastive,-0.2900580640795996,-0.2900580640795996
5,2,128,128,feature_and_attention,instance_contrastive,cross_sdc_i,0.7083173609723061,0.7083173609723061
5,2,128,128,feature_and_attention,instance_contrastive,cross_sdc_c,0.40152529023547784,
5,2,128,128,feature_and_attention,instance_contrastive,cmr,0.3044650556438754,0.3044650556438754
5,2,128,128,feature_and_attention,instance_contrastive,attn_spatial,-0.0317221128116802,-0.0317221128116802
5,2,128,128,feature_and_attention,instance_contrastive,attn_temporal,-0.0473333789598734,-0.0473333789598734
5,2,128,128,feature_and_attention,class_contrastive,cross_sdc_i,0.013180701912008416,0.013180701912008416
5,2,128,128,feature_and_attention,class_contrastive,cross_sdc_c,0.24620893776520483,
5,2,128,128,feature_and_attention,class_contrastive,cmr,-0.08183265726530135,-0.08183265726530135
5,2,128,128,feature_and_attention,class_contrastive,attn_spatial,0.012295407021818708,0.012295407021818708
5,2,128,128,feature_and_attention,class_contrastive,attn_temporal,0.029799377719375308,0.029799377719375308
5,2,128,128,feature_and_attention,cross_sdc_i,cross_sdc_c,0.7077199251495263,
5,2,128,128,feature_and_attention,cross_sdc_i,cmr,0.21810456132007514,0.21810456132007514
5,2,128,128,feature_and_attention,cross_sdc_i,attn_spatial,-0.029668420488323004,-0.029668420488323004
5,2,128,128,feature_and_attention,cross_sdc_i,attn_temporal,-0.03883955864318091,-0.03883955864318091
5,2,128,128,feature_and_attention,cross_sdc_c,cmr,0.27378152180113785,
5,2,128,128,feature_and_attention,cross_sdc_c,attn_spatial,0.0009132559801849749,
5,2,128,128,feature_and_attention,cross_sdc_c,attn_temporal,-0.009644277976805608,
5,2,128,128,feature_and_attention,cmr,attn_spatial,0.020829536134501628,0.020829536134501628
5,2,128,128,feature_and_attention,cmr,attn_temporal,0.0328640717237495,0.0328640717237495
5,2,128,128,feature_and_attention,attn_spatial,attn_temporal,0.7674532207505269,0.7674532207505269
5,2,128,128,classifier,ce,kd,0.2661728480130128,0.2661728480130128
5,2,128,128,classifier,ce,instance_contrastive,,
5,2,128,128,classifier,ce,class_contrastive,,
5,2,128,128,classifier,ce,cross_sdc_i,,
5,2,128,128,classifier,ce,cross_sdc_c,,
5,2,128,128,classifier,ce,cmr,,
5,2,128,128,classifier,ce,attn_spatial,,
5,2,128,128,classifier,ce,attn_temporal,,
5,2,128,128,classifier,kd,instance_contrastive,,
5,2,128,128,classifier,kd,class_contrastive,,
5,2,128,128,classifier,kd,cross_sdc_i,,
5,2,128,128,classifier,kd,cross_sdc_c,,
5,2,128,128,classifier,kd,cmr,,
5,2,128,128,classifier,kd,attn_spatial,,
5,2,128,128,classifier,kd,attn_temporal,,
5,2,128,128,classifier,instance_contrastive,class_contrastive,,
5,2,128,128,classifier,instance_contrastive,cross_sdc_i,,
5,2,128,128,classifier,instance_contrastive,cross_sdc_c,,
5,2,128,128,classifier,instance_contrastive,cmr,,
5,2,128,128,classifier,instance_contrastive,attn_spatial,,
5,2,128,128,classifier,instance_contrastive,attn_temporal,,
5,2,128,128,classifier,class_contrastive,cross_sdc_i,,
5,2,128,128,classifier,class_contrastive,cross_sdc_c,,
5,2,128,128,classifier,class_contrastive,cmr,,
5,2,128,128,classifier,class_contrastive,attn_spatial,,
5,2,128,128,classifier,class_contrastive,attn_temporal,,
5,2,128,128,classifier,cross_sdc_i,cross_sdc_c,,
5,2,128,128,classifier,cross_sdc_i,cmr,,
5,2,128,128,classifier,cross_sdc_i,attn_spatial,,
5,2,128,128,classifier,cross_sdc_i,attn_temporal,,
5,2,128,128,classifier,cross_sdc_c,cmr,,
5,2,128,128,classifier,cross_sdc_c,attn_spatial,,
5,2,128,128,classifier,cross_sdc_c,attn_temporal,,
5,2,128,128,classifier,cmr,attn_spatial,,
5,2,128,128,classifier,cmr,attn_temporal,,
5,2,128,128,classifier,attn_spatial,attn_temporal,,
9,0,128,128,all,ce,kd,0.0011105874389574202,0.0011105874389574202
9,0,128,128,all,ce,instance_contrastive,-0.0010769081661540164,-0.0010769081661540164
9,0,128,128,all,ce,class_contrastive,0.09896261984510725,0.09896261984510725
9,0,128,128,all,ce,cross_sdc_i,0.07022909848457824,0.07022909848457824
9,0,128,128,all,ce,cross_sdc_c,0.0976312964985339,
9,0,128,128,all,ce,cmr,0.08515020749285462,0.08515020749285462
9,0,128,128,all,ce,attn_spatial,-0.007299082586998674,-0.007299082586998674
9,0,128,128,all,ce,attn_temporal,-0.009871123588679023,-0.009871123588679023
9,0,128,128,all,kd,instance_contrastive,-0.016599825422145453,-0.016599825422145453
9,0,128,128,all,kd,class_contrastive,0.08447536677937587,0.08447536677937587
9,0,128,128,all,kd,cross_sdc_i,0.052423550619508145,0.052423550619508145
9,0,128,128,all,kd,cross_sdc_c,0.04780284501910731,
9,0,128,128,all,kd,cmr,0.042746314320329326,0.042746314320329326
9,0,128,128,all,kd,attn_spatial,0.00786990965814693,0.00786990965814693
9,0,128,128,all,kd,attn_temporal,0.007434502062860039,0.007434502062860039
9,0,128,128,all,instance_contrastive,class_contrastive,-0.3097415611055976,-0.3097415611055976
9,0,128,128,all,instance_contrastive,cross_sdc_i,0.7682964747073416,0.7682964747073416
9,0,128,128,all,instance_contrastive,cross_sdc_c,0.6190305316506989,
9,0,128,128,all,instance_contrastive,cmr,0.2807895156952789,0.2807895156952789
9,0,128,128,all,instance_contrastive,attn_spatial,-0.039360615296327034,-0.039360615296327034
9,0,128,128,all,instance_contrastive,attn_temporal,-0.04961370619934246,-0.04961370619934246
9,0,128,128,all,class_contrastive,cross_sdc_i,0.009365736783125128,0.009365736783125128
9,0,128,128,all,class_contrastive,cross_sdc_c,0.08271052768143464,
9,0,128,128,all,class_contrastive,cmr,-0.08793271315255559,-0.08793271315255559
9,0,128,128,all,class_contrastive,attn_spatial,0.04663304175129305,0.04663304175129305
9,0,128,128,all,class_contrastive,attn_temporal,0.03881538654949551,0.03881538654949551
9,0,128,128,all,cross_sdc_i,cross_sdc_c,0.855628539135418,
9,0,128,128,all,cross_sdc_i,cmr,0.20095191312960434,0.20095191312960434
9,0,128,128,all,cross_sdc_i,attn_spatial,-0.0495887718758605,-0.0495887718758605
9,0,128,128,all,cross_sdc_i,attn_temporal,-0.061967149297824806,-0.061967149297824806
9,0,128,128,all,cross_sdc_c,cmr,0.25950436302037033,
9,0,128,128,all,cross_sdc_c,attn_spatial,-0.0341396447834695,
9,0,128,128,all,cross_sdc_c,attn_temporal,-0.04309206320979052,
9,0,128,128,all,cmr,attn_spatial,0.0025189674021701015,0.0025189674021701015
9,0,128,128,all,cmr,attn_temporal,-0.002405955530393267,-0.002405955530393267
9,0,128,128,all,attn_spatial,attn_temporal,0.790722954204331,0.790722954204331
9,0,128,128,feature_and_attention,ce,kd,0.0016382310164323218,0.0016382310164323218
9,0,128,128,feature_and_attention,ce,instance_contrastive,-0.0010883996980331683,-0.0010883996980331683
9,0,128,128,feature_and_attention,ce,class_contrastive,0.10001863570285831,0.10001863570285831
9,0,128,128,feature_and_attention,ce,cross_sdc_i,0.07097850307584104,0.07097850307584104
9,0,128,128,feature_and_attention,ce,cross_sdc_c,0.09867310599667135,
9,0,128,128,feature_and_attention,ce,cmr,0.08605883308849833,0.08605883308849833
9,0,128,128,feature_and_attention,ce,attn_spatial,-0.007376970045626778,-0.007376970045626778
9,0,128,128,feature_and_attention,ce,attn_temporal,-0.009976456926254191,-0.009976456926254191
9,0,128,128,feature_and_attention,kd,instance_contrastive,-0.016660891132297018,-0.016660891132297018
9,0,128,128,feature_and_attention,kd,class_contrastive,0.08478612596698638,0.08478612596698638
9,0,128,128,feature_and_attention,kd,cross_sdc_i,0.05261640092159392,0.05261640092159392
9,0,128,128,feature_and_attention,kd,cross_sdc_c,0.04797869715032577,
9,0,128,128,feature_and_attention,kd,cmr,0.04290356501266727,0.04290356501266727
9,0,128,128,feature_and_attention,kd,attn_spatial,0.00789886066274367,0.00789886066274367
9,0,128,128,feature_and_attention,kd,attn_temporal,0.007461851335309863,0.007461851335309863
9,0,128,128,feature_and_attention,instance_contrastive,class_contrastive,-0.30974156110559753,-0.30974156110559753
9,0,128,128,feature_and_attention,instance_contrastive,cross_sdc_i,0.7682964747073401,0.7682964747073401
9,0,128,128,feature_and_attention,instance_contrastive,cross_sdc_c,0.6190305316506979,
9,0,128,128,feature_and_attention,instance_contrastive,cmr,0.2807895156952793,0.2807895156952793
9,0,128,128,feature_and_attention,instance_contrastive,attn_spatial,-0.0393606152963271,-0.0393606152963271
9,0,128,128,feature_and_attention,instance_contrastive,attn_temporal,-0.049613706199342224,-0.049613706199342224
9,0,128,128,feature_and_attention,class_contrastive,cross_sdc_i,0.009365736783124856,0.009365736783124856
9,0,128,128,feature_and_attention,class_contrastive,cross_sdc_c,0.08271052768143361,
9,0,128,128,feature_and_attention,class_contrastive,cmr,-0.08793271315255564,-0.08793271315255564
9,0,128,128,feature_and_attention,class_contrastive,attn_spatial,0.0466330417512928,0.0466330417512928
9,0,128,128,feature_and_attention,class_contrastive,attn_temporal,0.03881538654949538,0.03881538654949538
9,0,128,128,feature_and_attention,cross_sdc_i,cross_sdc_c,0.855628539135417,
9,0,128,128,feature_and_attention,cross_sdc_i,cmr,0.2009519131296055,0.2009519131296055
9,0,128,128,feature_and_attention,cross_sdc_i,attn_spatial,-0.04958877187586066,-0.04958877187586066
9,0,128,128,feature_and_attention,cross_sdc_i,attn_temporal,-0.061967149297825125,-0.061967149297825125
9,0,128,128,feature_and_attention,cross_sdc_c,cmr,0.25950436302036967,
9,0,128,128,feature_and_attention,cross_sdc_c,attn_spatial,-0.03413964478346965,
9,0,128,128,feature_and_attention,cross_sdc_c,attn_temporal,-0.04309206320979037,
9,0,128,128,feature_and_attention,cmr,attn_spatial,0.0025189674021701323,0.0025189674021701323
9,0,128,128,feature_and_attention,cmr,attn_temporal,-0.0024059555303932363,-0.0024059555303932363
9,0,128,128,feature_and_attention,attn_spatial,attn_temporal,0.7907229542043317,0.7907229542043317
9,0,128,128,classifier,ce,kd,-0.04068678498475647,-0.04068678498475647
9,0,128,128,classifier,ce,instance_contrastive,,
9,0,128,128,classifier,ce,class_contrastive,,
9,0,128,128,classifier,ce,cross_sdc_i,,
9,0,128,128,classifier,ce,cross_sdc_c,,
9,0,128,128,classifier,ce,cmr,,
9,0,128,128,classifier,ce,attn_spatial,,
9,0,128,128,classifier,ce,attn_temporal,,
9,0,128,128,classifier,kd,instance_contrastive,,
9,0,128,128,classifier,kd,class_contrastive,,
9,0,128,128,classifier,kd,cross_sdc_i,,
9,0,128,128,classifier,kd,cross_sdc_c,,
9,0,128,128,classifier,kd,cmr,,
9,0,128,128,classifier,kd,attn_spatial,,
9,0,128,128,classifier,kd,attn_temporal,,
9,0,128,128,classifier,instance_contrastive,class_contrastive,,
9,0,128,128,classifier,instance_contrastive,cross_sdc_i,,
9,0,128,128,classifier,instance_contrastive,cross_sdc_c,,
9,0,128,128,classifier,instance_contrastive,cmr,,
9,0,128,128,classifier,instance_contrastive,attn_spatial,,
9,0,128,128,classifier,instance_contrastive,attn_temporal,,
9,0,128,128,classifier,class_contrastive,cross_sdc_i,,
9,0,128,128,classifier,class_contrastive,cross_sdc_c,,
9,0,128,128,classifier,class_contrastive,cmr,,
9,0,128,128,classifier,class_contrastive,attn_spatial,,
9,0,128,128,classifier,class_contrastive,attn_temporal,,
9,0,128,128,classifier,cross_sdc_i,cross_sdc_c,,
9,0,128,128,classifier,cross_sdc_i,cmr,,
9,0,128,128,classifier,cross_sdc_i,attn_spatial,,
9,0,128,128,classifier,cross_sdc_i,attn_temporal,,
9,0,128,128,classifier,cross_sdc_c,cmr,,
9,0,128,128,classifier,cross_sdc_c,attn_spatial,,
9,0,128,128,classifier,cross_sdc_c,attn_temporal,,
9,0,128,128,classifier,cmr,attn_spatial,,
9,0,128,128,classifier,cmr,attn_temporal,,
9,0,128,128,classifier,attn_spatial,attn_temporal,,
9,1,128,128,all,ce,kd,0.10634670984902156,0.10634670984902156
9,1,128,128,all,ce,instance_contrastive,-0.019841129290100654,-0.019841129290100654
9,1,128,128,all,ce,class_contrastive,0.0594775017593463,0.0594775017593463
9,1,128,128,all,ce,cross_sdc_i,0.015977143154546358,0.015977143154546358
9,1,128,128,all,ce,cross_sdc_c,0.03335043077200342,
9,1,128,128,all,ce,cmr,0.07506919966649872,0.07506919966649872
9,1,128,128,all,ce,attn_spatial,-0.01941772572188465,-0.01941772572188465
9,1,128,128,all,ce,attn_temporal,-0.019128706157023185,-0.019128706157023185
9,1,128,128,all,kd,instance_contrastive,-0.01658599957819814,-0.01658599957819814
9,1,128,128,all,kd,class_contrastive,0.0674361563442136,0.0674361563442136
9,1,128,128,all,kd,cross_sdc_i,0.059104086125798726,0.059104086125798726
9,1,128,128,all,kd,cross_sdc_c,0.05635924339682889,
9,1,128,128,all,kd,cmr,0.10006921939497494,0.10006921939497494
9,1,128,128,all,kd,attn_spatial,0.029591965439665403,0.029591965439665403
9,1,128,128,all,kd,attn_temporal,0.022066797738182913,0.022066797738182913
9,1,128,128,all,instance_contrastive,class_contrastive,-0.3523894778251608,-0.3523894778251608
9,1,128,128,all,instance_contrastive,cross_sdc_i,0.7233514897944564,0.7233514897944564
9,1,128,128,all,instance_contrastive,cross_sdc_c,0.5386358737478071,
9,1,128,128,all,instance_contrastive,cmr,0.25908728812083875,0.25908728812083875
9,1,128,128,all,instance_contrastive,attn_spatial,-0.04064506163369149,-0.04064506163369149
9,1,128,128,all,instance_contrastive,attn_temporal,-0.060763204966086684,-0.060763204966086684
9,1,128,128,all,class_contrastive,cross_sdc_i,-0.011549084472320765,-0.011549084472320765
9,1,128,128,all,class_contrastive,cross_sdc_c,0.06389948566550924,
9,1,128,128,all,class_contrastive,cmr,-0.04624201580364522,-0.04624201580364522
9,1,128,128,all,class_contrastive,attn_spatial,0.007639280732375664,0.007639280732375664
9,1,128,128,all,class_contrastive,attn_temporal,0.008075850512828718,0.008075850512828718
9,1,128,128,all,cross_sdc_i,cross_sdc_c,0.810118027526383,
9,1,128,128,all,cross_sdc_i,cmr,0.20236097631039457,0.20236097631039457
9,1,128,128,all,cross_sdc_i,attn_spatial,-0.03646516758007156,-0.03646516758007156
9,1,128,128,all,cross_sdc_i,attn_temporal,-0.05033689079699231,-0.05033689079699231
9,1,128,128,all,cross_sdc_c,cmr,0.33658614714449414,
9,1,128,128,all,cross_sdc_c,attn_spatial,0.009992863909034408,
9,1,128,128,all,cross_sdc_c,attn_temporal,-0.005839292899164807,
9,1,128,128,all,cmr,attn_spatial,-0.020026169205430506,-0.020026169205430506
9,1,128,128,all,cmr,attn_temporal,-0.045022037474786995,-0.045022037474786995
9,1,128,128,all,attn_spatial,attn_temporal,0.794482952671065,0.794482952671065
9,1,128,128,feature_and_attention,ce,kd,0.10745412208481782,0.10745412208481782
9,1,128,128,feature_and_attention,ce,instance_contrastive,-0.020124100571420556,-0.020124100571420556
9,1,128,128,feature_and_attention,ce,class_contrastive,0.06032576118230912,0.06032576118230912
9,1,128,128,feature_and_attention,ce,cross_sdc_i,0.016205006831264128,0.016205006831264128
9,1,128,128,feature_and_attention,ce,cross_sdc_c,0.033826069733382404,
9,1,128,128,feature_and_attention,ce,cmr,0.07613982560248744,0.07613982560248744
9,1,128,128,feature_and_attention,ce,attn_spatial,-0.019694658483498297,-0.019694658483498297
9,1,128,128,feature_and_attention,ce,attn_temporal,-0.019401516963913307,-0.019401516963913307
9,1,128,128,feature_and_attention,kd,instance_contrastive,-0.016647918538186965,-0.016647918538186965
9,1,128,128,feature_and_attention,kd,class_contrastive,0.06768790943553624,0.06768790943553624
9,1,128,128,feature_and_attention,kd,cross_sdc_i,0.05932473387914888,0.05932473387914888
9,1,128,128,feature_and_attention,kd,cross_sdc_c,0.05656964408570181,
9,1,128,128,feature_and_attention,kd,cmr,0.10044279844654895,0.10044279844654895
9,1,128,128,feature_and_attention,kd,attn_spatial,0.029702438354813513,0.029702438354813513
9,1,128,128,feature_and_attention,kd,attn_temporal,0.022149177649010057,0.022149177649010057
9,1,128,128,feature_and_attention,instance_contrastive,class_contrastive,-0.3523894778251605,-0.3523894778251605
9,1,128,128,feature_and_attention,instance_contrastive,cross_sdc_i,0.7233514897944535,0.7233514897944535
9,1,128,128,feature_and_attention,instance_contrastive,cross_sdc_c,0.5386358737478106,
9,1,128,128,feature_and_attention,instance_contrastive,cmr,0.2590872881208374,0.2590872881208374
9,1,128,128,feature_and_attention,instance_contrastive,attn_spatial,-0.04064506163369144,-0.04064506163369144
9,1,128,128,feature_and_attention,instance_contrastive,attn_temporal,-0.060763204966086726,-0.060763204966086726
9,1,128,128,feature_and_attention,class_contrastive,cross_sdc_i,-0.011549084472320744,-0.011549084472320744
9,1,128,128,feature_and_attention,class_contrastive,cross_sdc_c,0.06389948566550935,
9,1,128,128,feature_and_attention,class_contrastive,cmr,-0.04624201580364531,-0.04624201580364531
9,1,128,128,feature_and_attention,class_contrastive,attn_spatial,0.007639280732375683,0.007639280732375683
9,1,128,128,feature_and_attention,class_contrastive,attn_temporal,0.008075850512828638,0.008075850512828638
9,1,128,128,feature_and_attention,cross_sdc_i,cross_sdc_c,0.810118027526387,
9,1,128,128,feature_and_attention,cross_sdc_i,cmr,0.20236097631039493,0.20236097631039493
9,1,128,128,feature_and_attention,cross_sdc_i,attn_spatial,-0.03646516758007148,-0.03646516758007148
9,1,128,128,feature_and_attention,cross_sdc_i,attn_temporal,-0.05033689079699207,-0.05033689079699207
9,1,128,128,feature_and_attention,cross_sdc_c,cmr,0.3365861471444947,
9,1,128,128,feature_and_attention,cross_sdc_c,attn_spatial,0.009992863909034418,
9,1,128,128,feature_and_attention,cross_sdc_c,attn_temporal,-0.005839292899164884,
9,1,128,128,feature_and_attention,cmr,attn_spatial,-0.020026169205430534,-0.020026169205430534
9,1,128,128,feature_and_attention,cmr,attn_temporal,-0.04502203747478686,-0.04502203747478686
9,1,128,128,feature_and_attention,attn_spatial,attn_temporal,0.7944829526710605,0.7944829526710605
9,1,128,128,classifier,ce,kd,0.05538990186079545,0.05538990186079545
9,1,128,128,classifier,ce,instance_contrastive,,
9,1,128,128,classifier,ce,class_contrastive,,
9,1,128,128,classifier,ce,cross_sdc_i,,
9,1,128,128,classifier,ce,cross_sdc_c,,
9,1,128,128,classifier,ce,cmr,,
9,1,128,128,classifier,ce,attn_spatial,,
9,1,128,128,classifier,ce,attn_temporal,,
9,1,128,128,classifier,kd,instance_contrastive,,
9,1,128,128,classifier,kd,class_contrastive,,
9,1,128,128,classifier,kd,cross_sdc_i,,
9,1,128,128,classifier,kd,cross_sdc_c,,
9,1,128,128,classifier,kd,cmr,,
9,1,128,128,classifier,kd,attn_spatial,,
9,1,128,128,classifier,kd,attn_temporal,,
9,1,128,128,classifier,instance_contrastive,class_contrastive,,
9,1,128,128,classifier,instance_contrastive,cross_sdc_i,,
9,1,128,128,classifier,instance_contrastive,cross_sdc_c,,
9,1,128,128,classifier,instance_contrastive,cmr,,
9,1,128,128,classifier,instance_contrastive,attn_spatial,,
9,1,128,128,classifier,instance_contrastive,attn_temporal,,
9,1,128,128,classifier,class_contrastive,cross_sdc_i,,
9,1,128,128,classifier,class_contrastive,cross_sdc_c,,
9,1,128,128,classifier,class_contrastive,cmr,,
9,1,128,128,classifier,class_contrastive,attn_spatial,,
9,1,128,128,classifier,class_contrastive,attn_temporal,,
9,1,128,128,classifier,cross_sdc_i,cross_sdc_c,,
9,1,128,128,classifier,cross_sdc_i,cmr,,
9,1,128,128,classifier,cross_sdc_i,attn_spatial,,
9,1,128,128,classifier,cross_sdc_i,attn_temporal,,
9,1,128,128,classifier,cross_sdc_c,cmr,,
9,1,128,128,classifier,cross_sdc_c,attn_spatial,,
9,1,128,128,classifier,cross_sdc_c,attn_temporal,,
9,1,128,128,classifier,cmr,attn_spatial,,
9,1,128,128,classifier,cmr,attn_temporal,,
9,1,128,128,classifier,attn_spatial,attn_temporal,,
9,2,128,128,all,ce,kd,0.0474428521179547,0.0474428521179547
9,2,128,128,all,ce,instance_contrastive,-0.0249114928138069,-0.0249114928138069
9,2,128,128,all,ce,class_contrastive,0.09003537361587548,0.09003537361587548
9,2,128,128,all,ce,cross_sdc_i,0.01789991951279384,0.01789991951279384
9,2,128,128,all,ce,cross_sdc_c,0.028856824543774553,
9,2,128,128,all,ce,cmr,0.05646899044010181,0.05646899044010181
9,2,128,128,all,ce,attn_spatial,-0.003432574811487843,-0.003432574811487843
9,2,128,128,all,ce,attn_temporal,-0.006515158495416972,-0.006515158495416972
9,2,128,128,all,kd,instance_contrastive,-0.034312748298561846,-0.034312748298561846
9,2,128,128,all,kd,class_contrastive,0.12758543429522617,0.12758543429522617
9,2,128,128,all,kd,cross_sdc_i,0.07207347697661765,0.07207347697661765
9,2,128,128,all,kd,cross_sdc_c,0.057727930041897774,
9,2,128,128,all,kd,cmr,0.011488784635081585,0.011488784635081585
9,2,128,128,all,kd,attn_spatial,0.025569952648957332,0.025569952648957332
9,2,128,128,all,kd,attn_temporal,0.028035769651897417,0.028035769651897417
9,2,128,128,all,instance_contrastive,class_contrastive,-0.3397721158494061,-0.3397721158494061
9,2,128,128,all,instance_contrastive,cross_sdc_i,0.7733982691205435,0.7733982691205435
9,2,128,128,all,instance_contrastive,cross_sdc_c,0.6677037553429681,
9,2,128,128,all,instance_contrastive,cmr,0.3060630267977468,0.3060630267977468
9,2,128,128,all,instance_contrastive,attn_spatial,-0.018500140854756084,-0.018500140854756084
9,2,128,128,all,instance_contrastive,attn_temporal,-0.015374531673212259,-0.015374531673212259
9,2,128,128,all,class_contrastive,cross_sdc_i,-0.028344229075548847,-0.028344229075548847
9,2,128,128,all,class_contrastive,cross_sdc_c,0.04981857214368062,
9,2,128,128,all,class_contrastive,cmr,-0.03058331938792514,-0.03058331938792514
9,2,128,128,all,class_contrastive,attn_spatial,0.08160798844014056,0.08160798844014056
9,2,128,128,all,class_contrastive,attn_temporal,0.08385905391195492,0.08385905391195492
9,2,128,128,all,cross_sdc_i,cross_sdc_c,0.8829957649118951,
9,2,128,128,all,cross_sdc_i,cmr,0.3056206641374224,0.3056206641374224
9,2,128,128,all,cross_sdc_i,attn_spatial,-0.026859025126080696,-0.026859025126080696
9,2,128,128,all,cross_sdc_i,attn_temporal,-0.026760833666538194,-0.026760833666538194
9,2,128,128,all,cross_sdc_c,cmr,0.38648716633333247,
9,2,128,128,all,cross_sdc_c,attn_spatial,-0.018905530552339875,
9,2,128,128,all,cross_sdc_c,attn_temporal,-0.017710475847486,
9,2,128,128,all,cmr,attn_spatial,-0.025223340005722853,-0.025223340005722853
9,2,128,128,all,cmr,attn_temporal,-0.027350328643133918,-0.027350328643133918
9,2,128,128,all,attn_spatial,attn_temporal,0.8146425844173166,0.8146425844173166
9,2,128,128,feature_and_attention,ce,kd,0.047967375168867545,0.047967375168867545
9,2,128,128,feature_and_attention,ce,instance_contrastive,-0.025144108466925424,-0.025144108466925424
9,2,128,128,feature_and_attention,ce,class_contrastive,0.09087609550251563,0.09087609550251563
9,2,128,128,feature_and_attention,ce,cross_sdc_i,0.018067063308605608,0.018067063308605608
9,2,128,128,feature_and_attention,ce,cross_sdc_c,0.02912628045869492,
9,2,128,128,feature_and_attention,ce,cmr,0.05699628004054237,0.05699628004054237
9,2,128,128,feature_and_attention,ce,attn_spatial,-0.0034646271111079758,-0.0034646271111079758
9,2,128,128,feature_and_attention,ce,attn_temporal,-0.006575994988031413,-0.006575994988031413
9,2,128,128,feature_and_attention,kd,instance_contrastive,-0.03442651392733092,-0.03442651392733092
9,2,128,128,feature_and_attention,kd,class_contrastive,0.1280084501675806,0.1280084501675806
9,2,128,128,feature_and_attention,kd,cross_sdc_i,0.07231244018511573,0.07231244018511573
9,2,128,128,feature_and_attention,kd,cross_sdc_c,0.05791932987386717,
9,2,128,128,feature_and_attention,kd,cmr,0.011526876273688544,0.011526876273688544
9,2,128,128,feature_and_attention,kd,attn_spatial,0.02565473110259188,0.02565473110259188
9,2,128,128,feature_and_attention,kd,attn_temporal,0.02812872364481941,0.02812872364481941
9,2,128,128,feature_and_attention,instance_contrastive,class_contrastive,-0.33977211584940537,-0.33977211584940537
9,2,128,128,feature_and_attention,instance_contrastive,cross_sdc_i,0.7733982691205441,0.7733982691205441
9,2,128,128,feature_and_attention,instance_contrastive,cross_sdc_c,0.6677037553429611,
9,2,128,128,feature_and_attention,instance_contrastive,cmr,0.30606302679774666,0.30606302679774666
9,2,128,128,feature_and_attention,instance_contrastive,attn_spatial,-0.018500140854756035,-0.018500140854756035
9,2,128,128,feature_and_attention,instance_contrastive,attn_temporal,-0.015374531673212262,-0.015374531673212262
9,2,128,128,feature_and_attention,class_contrastive,cross_sdc_i,-0.028344229075548875,-0.028344229075548875
9,2,128,128,feature_and_attention,class_contrastive,cross_sdc_c,0.049818572143680837,
9,2,128,128,feature_and_attention,class_contrastive,cmr,-0.03058331938792532,-0.03058331938792532
9,2,128,128,feature_and_attention,class_contrastive,attn_spatial,0.0816079884401407,0.0816079884401407
9,2,128,128,feature_and_attention,class_contrastive,attn_temporal,0.08385905391195493,0.08385905391195493
9,2,128,128,feature_and_attention,cross_sdc_i,cross_sdc_c,0.8829957649118948,
9,2,128,128,feature_and_attention,cross_sdc_i,cmr,0.30562066413742456,0.30562066413742456
9,2,128,128,feature_and_attention,cross_sdc_i,attn_spatial,-0.026859025126080745,-0.026859025126080745
9,2,128,128,feature_and_attention,cross_sdc_i,attn_temporal,-0.026760833666538242,-0.026760833666538242
9,2,128,128,feature_and_attention,cross_sdc_c,cmr,0.3864871663333351,
9,2,128,128,feature_and_attention,cross_sdc_c,attn_spatial,-0.01890553055233993,
9,2,128,128,feature_and_attention,cross_sdc_c,attn_temporal,-0.017710475847485956,
9,2,128,128,feature_and_attention,cmr,attn_spatial,-0.02522334000572292,-0.02522334000572292
9,2,128,128,feature_and_attention,cmr,attn_temporal,-0.02735032864313373,-0.02735032864313373
9,2,128,128,feature_and_attention,attn_spatial,attn_temporal,0.8146425844173185,0.8146425844173185
9,2,128,128,classifier,ce,kd,0.006920016407071923,0.006920016407071923
9,2,128,128,classifier,ce,instance_contrastive,,
9,2,128,128,classifier,ce,class_contrastive,,
9,2,128,128,classifier,ce,cross_sdc_i,,
9,2,128,128,classifier,ce,cross_sdc_c,,
9,2,128,128,classifier,ce,cmr,,
9,2,128,128,classifier,ce,attn_spatial,,
9,2,128,128,classifier,ce,attn_temporal,,
9,2,128,128,classifier,kd,instance_contrastive,,
9,2,128,128,classifier,kd,class_contrastive,,
9,2,128,128,classifier,kd,cross_sdc_i,,
9,2,128,128,classifier,kd,cross_sdc_c,,
9,2,128,128,classifier,kd,cmr,,
9,2,128,128,classifier,kd,attn_spatial,,
9,2,128,128,classifier,kd,attn_temporal,,
9,2,128,128,classifier,instance_contrastive,class_contrastive,,
9,2,128,128,classifier,instance_contrastive,cross_sdc_i,,
9,2,128,128,classifier,instance_contrastive,cross_sdc_c,,
9,2,128,128,classifier,instance_contrastive,cmr,,
9,2,128,128,classifier,instance_contrastive,attn_spatial,,
9,2,128,128,classifier,instance_contrastive,attn_temporal,,
9,2,128,128,classifier,class_contrastive,cross_sdc_i,,
9,2,128,128,classifier,class_contrastive,cross_sdc_c,,
9,2,128,128,classifier,class_contrastive,cmr,,
9,2,128,128,classifier,class_contrastive,attn_spatial,,
9,2,128,128,classifier,class_contrastive,attn_temporal,,
9,2,128,128,classifier,cross_sdc_i,cross_sdc_c,,
9,2,128,128,classifier,cross_sdc_i,cmr,,
9,2,128,128,classifier,cross_sdc_i,attn_spatial,,
9,2,128,128,classifier,cross_sdc_i,attn_temporal,,
9,2,128,128,classifier,cross_sdc_c,cmr,,
9,2,128,128,classifier,cross_sdc_c,attn_spatial,,
9,2,128,128,classifier,cross_sdc_c,attn_temporal,,
9,2,128,128,classifier,cmr,attn_spatial,,
9,2,128,128,classifier,cmr,attn_temporal,,
9,2,128,128,classifier,attn_spatial,attn_temporal,,
